time,target_x,target_y,target_z,theta1_cmd,theta2_cmd,theta3_cmd,theta1_meas,theta2_meas,theta3_meas,sim_x,sim_y,sim_z,error_x,error_y,error_z
4922,0.0,0.0,-263.27731514697575,0,0,0,0,0,0,-0.0225626467774,-0.0222215834172,-263.280659455,0.216562646777,0.730221583417,0.00334430845396
5015,-40.0,-40.0,-263.27731514697575,-7,16,-1,-7,16,-1,-31.3849739846,-30.7140593955,-264.340491128,-9.40902601542,-8.36394060445,0.938966111774
5125,-40.0,-40.0,-263.27731514697575,-7,16,-1,-7,16,-1,-40.1596557092,-39.2100389976,-263.401717827,-0.864344290763,-0.108961002367,0.000192810951035
5234,-40.0,-40.0,-263.27731514697575,-7,16,-1,-7,16,-1,-40.1613201724,-39.2116456131,-263.401486344,-0.862679827591,-0.107354386943,-3.86727679711e-05
5328,-40.0,-40.0,-263.27731514697575,-7,16,-1,-7,16,-1,-40.1617620252,-39.2120721091,-263.401424891,-0.862237974823,-0.106927890931,-0.00010012525297
5422,-40.0,-40.0,-263.27731514697575,-7,16,-1,-7,16,-1,-40.1613843723,-39.2117075817,-263.401477415,-0.862615627663,-0.107292418299,-4.7601697986e-05
5531,-40.0,-40.0,-263.27731514697575,-7,16,-1,-7,16,-1,-40.1617102451,-39.2120221287,-263.401432092,-0.808221461734,-0.106061459598,-9.29255589881e-05
5625,-40.0,-40.0,-263.27731514697575,-7,16,-1,-7,16,-1,-40.1614844456,-39.2118041769,-263.401463497,-0.734470212717,-0.124306473189,-6.15199609797e-05
5719,-40.0,-40.0,-263.27731514697575,-7,16,-1,-7,16,-1,-40.1616399316,-39.2119542589,-263.401441872,-0.663431291501,-0.259007804349,-8.31462849646e-05
5828,-40.0,-40.0,-263.27731514697575,-7,16,-1,-7,16,-1,-40.161709807,-39.2120217057,-263.401432153,-0.658374506947,-0.339612214176,-9.28646229568e-05
5922,-40.0,-40.0,-263.27731514697575,-7,16,-1,-7,16,-1,-40.1614027943,-39.2117253634,-263.401474853,-0.724195998916,-0.34102846211,-5.01638629657e-05
6031,-40.0,-40.0,-263.27731514697575,-7,16,-1,-7,16,-1,-40.1619974034,-39.2122993066,-263.401392153,-0.738002596572,-0.34070069339,-0.00013286253602
6125,-40.0,-40.0,-263.27731514697575,-7,16,-1,-7,16,-1,-40.1613112979,-39.2116370469,-263.401487578,-0.730491451473,-0.34928696203,-3.74385010105e-05
6219,-40.0,-40.0,-263.27731514697575,-7,16,-1,-7,16,-1,-40.1620585081,-39.2123582875,-263.401383655,-0.663411838098,-0.412687044537,-0.000141361326996
6328,-40.0,-40.0,-263.27731514697575,-7,16,-1,-7,16,-1,-40.1613694738,-39.211693201,-263.401479487,-0.650436058991,-0.426561450638,-4.55296579958e-05
6422,-40.0,-40.0,-263.27731514697575,-7,16,-1,-7,16,-1,-40.1619975403,-39.2122994387,-263.401392134,-0.716896631207,-0.361102862131,-0.000132881581976
6531,-40.0,-40.0,-263.27731514697575,-7,16,-1,-7,16,-1,-40.1615643432,-39.2118812976,-263.401452385,-0.738435656818,-0.341118702418,-7.26324259972e-05
6625,-40.0,-40.0,-263.27731514697575,-7,16,-1,-7,16,-1,-40.1616134128,-39.2119286618,-263.40144556,-0.747231296235,-0.350377510332,-7.94569479581e-05
6719,-40.0,-40.0,-263.27731514697575,-7,16,-1,-7,16,-1,-40.16160961,-39.2119249911,-263.401446089,-0.819388038878,-0.42629862201,-7.89279879996e-05
6844,-40.0,-40.0,-263.27731514697575,-7,16,-1,-7,16,-1,-40.1612575534,-39.2115851704,-263.401495053,-0.800189525413,-0.406067842977,-2.99627499771e-05
6922,-40.0,-40.0,-263.27731514697575,-7,16,-1,-7,16,-1,-40.1620429899,-39.2123433087,-263.401385813,-0.747644272152,-0.350849375727,-0.000139202939977
7031,-40.0,-40.0,-263.27731514697575,-7,16,-1,-7,16,-1,-40.1612709114,-39.2115980642,-263.401493195,-0.738729088571,-0.341401935846,-3.18205690064e-05
7125,-40.0,-40.0,-263.27731514697575,-7,16,-1,-7,16,-1,-40.162423413,-39.2127105099,-263.401332901,-0.737576586987,-0.340289490122,-0.000192114583967
7219,-40.0,-40.0,-263.27731514697575,-7,16,-1,-7,16,-1,-40.1612724611,-39.21159956,-263.40149298,-0.73872753885,-0.341400439988,-3.20361189665e-05
7328,-40.0,-40.0,-263.27731514697575,-7,16,-1,-7,16,-1,-40.1622619988,-39.2125547057,-263.401355352,-0.737738001163,-0.34044529425,-0.000169664466
7422,-40.0,-40.0,-263.27731514697575,-7,16,-1,-7,16,-1,-40.1614044604,-39.2117269716,-263.401474621,-0.738595539581,-0.341273028396,-5.03956949842e-05
7531,-40.0,-40.0,-263.27731514697575,-7,16,-1,-7,16,-1,-40.1617043192,-39.2120164087,-263.401432916,-0.738295680758,-0.34098359131,-9.21018059898e-05
7625,-40.0,-40.0,-263.27731514697575,-7,16,-1,-7,16,-1,-40.1617019,-39.2120140735,-263.401433253,-0.738298100039,-0.340985926519,-9.17654339787e-05
7719,-40.0,-40.0,-263.27731514697575,-7,16,-1,-7,16,-1,-40.1615418954,-39.21185963,-263.401455507,-0.738458104553,-0.341140369965,-6.95102449981e-05
7828,-40.0,-40.0,-263.27731514697575,-7,16,-1,-7,16,-1,-40.1615738047,-39.2118904302,-263.401451069,-0.738426195343,-0.341109569767,-7.39481649816e-05
7922,-40.0,-40.0,-263.27731514697575,-7,16,-1,-7,16,-1,-40.1615761152,-39.2118926605,-263.401450747,-0.738423884773,-0.341107339511,-7.426961497e-05
8031,-40.0,-40.0,-263.27731514697575,-7,16,-1,-7,16,-1,-40.1614178826,-39.2117399273,-263.401472755,-0.738582117424,-0.341260072726,-5.22623739698e-05
8125,-40.0,-40.0,-263.27731514697575,-7,16,-1,-7,16,-1,-40.1618370994,-39.212144574,-263.401414449,-0.738162900628,-0.340855426007,-0.000110567023967
8219,-40.0,-40.0,-263.27731514697575,-7,16,-1,-7,16,-1,-40.161365308,-39.2116891799,-263.401480067,-0.73863469205,-0.341310820102,-4.49502350079e-05
8328,-40.0,-40.0,-263.27731514697575,-7,16,-1,-7,16,-1,-40.1620693009,-39.2123687052,-263.401382154,-0.944140241211,-0.242291870304,-0.00014286242498
8437,-40.0,-40.0,-263.27731514697575,-7,16,-1,-7,16,-1,-40.1613230562,-39.2116483966,-263.401485943,-1.2242565262,-0.114513969172,-3.90738690044e-05
8531,-40.0,-40.0,-263.27731514697575,-7,16,-1,-7,16,-1,-40.1620434322,-39.2123437356,-263.401385751,-1.28963221649,-0.114938902518,-0.000139264514985
8640,-40.0,-40.0,-263.27731514697575,-7,16,-1,-7,16,-1,-40.1614949754,-39.2118143407,-263.401462032,-1.33165487388,-0.149624921936,-6.29845839626e-05
8719,-40.0,-40.0,-263.27731514697575,-7,16,-1,-7,16,-1,-40.1620393479,-39.2123397933,-263.401386319,-1.32973444352,-0.203224409588,-0.000138696765021
8828,-40.0,-40.0,-263.27731514697575,-7,16,-1,-7,16,-1,-40.1616045196,-39.2119200777,-263.401446797,-1.32939548036,-0.234079922306,-7.82201209972e-05
8922,-40.0,-40.0,-263.27731514697575,-7,16,-1,-7,16,-1,-40.1616002538,-39.2119159601,-263.40144739,-1.32939974616,-0.234084039855,-7.76270100005e-05
9031,-40.0,-40.0,-263.27731514697575,-7,16,-1,-7,16,-1,-40.1620249169,-39.2123258638,-263.401388326,-1.32897508313,-0.233674136227,-0.000136689558985
9125,-40.0,-40.0,-263.27731514697575,-7,16,-1,-7,16,-1,-40.161302356,-39.2116284159,-263.401488822,-1.32969764397,-0.234371584109,-3.61949199714e-05
9219,-40.0,-40.0,-263.27731514697575,-7,16,-1,-7,16,-1,-40.1621304711,-39.2124277494,-263.401373645,-1.32886952888,-0.23357225062,-0.000151370872004
9328,-40.0,-40.0,-263.27731514697575,-7,16,-1,-7,16,-1,-40.1612305711,-39.2115591259,-263.401498806,-1.21851698387,-0.175457896807,-2.62100709847e-05
9422,-40.0,-40.0,-263.27731514697575,-7,16,-1,-7,16,-1,-40.1623928323,-39.2126809921,-263.401337155,-1.08931644169,-0.130744613221,-0.000187861173004
9531,-40.0,-40.0,-263.27731514697575,-7,16,-1,-7,16,-1,-40.1613210207,-39.2116464318,-263.401486226,-1.00881683605,-0.360308620303,-3.87908309563e-05
9625,-40.0,-40.0,-263.27731514697575,-7,16,-1,-7,16,-1,-40.1612972505,-39.2116234878,-263.401489532,-1.00460368059,-0.372201681551,-3.5484798957e-05
9719,-40.0,-40.0,-263.27731514697575,-7,16,-1,-7,16,-1,-40.1620610461,-39.2123607374,-263.401383302,-1.07353511418,-0.176207162664,-0.000141714381016
9828,-40.0,-40.0,-263.27731514697575,-7,16,-1,-7,16,-1,-40.1613076952,-39.2116335695,-263.40148808,-0.938247215609,-0.108656315631,-3.69374669731e-05
9922,-40.0,-40.0,-263.27731514697575,-7,16,-1,-7,16,-1,-40.1343788743,-39.2120141688,-263.402809457,-0.771621125745,-0.104985831236,0.00128444123499
10015,0.0,-40.0,-263.27731514697575,-9,6,6,-9,6,6,-8.57277125662,-39.8010095764,-263.141272209,2.57877125662,1.38000957645,0.685747573574
10125,0.0,-40.0,-263.27731514697575,-9,6,6,-9,6,6,-0.00191188227365,-39.9587703637,-262.455707864,-5.74808811773,1.18677036373,0.000183229010986
10219,0.0,-40.0,-263.27731514697575,-9,6,6,-9,6,6,0.000344653227605,-39.9588113642,-262.455491603,-5.68443223803,1.18792852374,-3.30323510411e-05
10328,0.0,-40.0,-263.27731514697575,-9,6,6,-9,6,6,0.00206738480836,-39.9588426653,-262.455326485,-5.65909541138,1.21304331909,-0.000198149998994
10422,0.0,-40.0,-263.27731514697575,-9,6,6,-9,6,6,0.000286529495641,-39.9588103081,-262.455497173,-5.7250824291,1.27853857464,-2.74615730405e-05
10531,0.0,-40.0,-263.27731514697575,-9,6,6,-9,6,6,0.00194305754529,-39.9588404064,-262.455338402,-5.69599735287,1.24884332002,-0.000186232973022
10625,0.0,-40.0,-263.27731514697575,-9,6,6,-9,6,6,0.000531380707355,-39.9588147569,-262.455473706,-5.64670968234,1.20252435436,-5.09301220291e-05
10719,0.0,-40.0,-263.27731514697575,-9,6,6,-9,6,6,0.000309479921153,-39.9588107251,-262.455494974,-5.71170273326,1.26557940806,-2.96612100215e-05
10828,0.0,-40.0,-263.27731514697575,-9,6,6,-9,6,6,0.00231686976762,-39.9588471983,-262.455302572,-5.68356359684,1.27162178779,-0.000222062750993
10922,0.0,-40.0,-263.27731514697575,-9,6,6,-9,6,6,0.000394122101565,-39.958812263,-262.455486861,-5.54407191263,1.20596819654,-3.77736409973e-05
11031,0.0,-40.0,-263.27731514697575,-9,6,6,-9,6,6,0.00155993341304,-39.9588334452,-262.455375123,-5.57775538266,1.19025220495,-0.000149511778034
11125,0.0,-40.0,-263.27731514697575,-9,6,6,-9,6,6,0.000708357760133,-39.9588179725,-262.455456743,-5.632875272,1.19874937006,-6.78925100033e-05
11219,0.0,-40.0,-263.27731514697575,-9,6,6,-9,6,6,0.000333601259621,-39.9588111633,-262.455492662,-5.63359045644,1.26359404631,-3.19730750107e-05
11328,0.0,-40.0,-263.27731514697575,-9,6,6,-9,6,6,0.00211049626759,-39.9588434486,-262.455322353,-5.63557498557,1.27598056219,-0.000202282249006
11422,0.0,-40.0,-263.27731514697575,-9,6,6,-9,6,6,0.000456584845056,-39.9588133979,-262.455480875,-5.63280018033,1.20925732907,-4.37603060277e-05
11531,0.0,-40.0,-263.27731514697575,-9,6,6,-9,6,6,0.00134661801467,-39.9588295694,-262.455395569,-5.57745415495,1.19025056417,-0.000129066265004
11625,0.0,-40.0,-263.27731514697575,-9,6,6,-9,6,6,0.000825506880211,-39.958820101,-262.455445515,-5.51854172198,1.18392725479,-7.91206979898e-05
11719,0.0,-40.0,-263.27731514697575,-9,6,6,-9,6,6,0.000351429910089,-39.9588114873,-262.455490953,-5.58938604544,1.03244593218,-3.36818300184e-05
11828,0.0,-40.0,-263.27731514697575,-9,6,6,-9,6,6,0.00193598057673,-39.9588402777,-262.45533908,-5.6296612004,0.994990857059,-0.000185555230019
11922,0.0,-40.0,-263.27731514697575,-9,6,6,-9,6,6,0.000507956641886,-39.9588143313,-262.455475951,-5.62938938799,1.06375949643,-4.868497399e-05
12031,0.0,-40.0,-263.27731514697575,-9,6,6,-9,6,6,0.00115974809955,-39.958826174,-262.45541348,-5.56288062228,1.1416155151,-0.000111155441004
12125,0.0,-40.0,-263.27731514697575,-9,6,6,-9,6,6,0.000926463872522,-39.9588219354,-262.455435839,-5.51492646387,1.19182193537,-8.87979489903e-05
12234,0.0,-40.0,-263.27731514697575,-9,6,6,-9,6,6,0.000422512290186,-39.9588127788,-262.45548414,-5.51442251229,1.19181277882,-4.04945920423e-05
12328,0.0,-40.0,-263.27731514697575,-9,6,6,-9,6,6,0.00178764228191,-39.9588375825,-262.455353298,-5.51578764228,1.19183758252,-0.00017133726999
12422,0.0,-40.0,-263.27731514697575,-9,6,6,-9,6,6,0.000552317508574,-39.9588151373,-262.455471699,-5.51455231751,1.19181513732,-5.29366880073e-05
12531,0.0,-40.0,-263.27731514697575,-9,6,6,-9,6,6,0.000995592963201,-39.9588231914,-262.455429213,-5.51499559296,1.1918231914,-9.5421750018e-05
12625,0.0,-40.0,-263.27731514697575,-9,6,6,-9,6,6,0.00101627365629,-39.9588235672,-262.455427231,-5.51467093578,1.17812516474,-9.74037910169e-05
12719,0.0,-40.0,-263.27731514697575,-9,6,6,-9,6,6,0.000378989895095,-39.958811988,-262.455488312,-5.51239643718,1.11317073031,-3.63232660447e-05
12844,0.0,-40.0,-263.27731514697575,-9,6,6,-9,6,6,0.00104447122534,-39.9588240795,-262.455424529,-5.51204447123,1.0728240795,-0.000100106067009
12922,0.0,-40.0,-263.27731514697575,-9,6,6,-9,6,6,0.000593260444027,-39.9588158812,-262.455467775,-5.51159326044,1.07281588123,-5.68608130038e-05
13031,0.0,-40.0,-263.27731514697575,-9,6,6,-9,6,6,0.000842480765798,-39.9588204094,-262.455443889,-5.27733870497,0.84673803995,-8.07474830253e-05
13140,0.0,-40.0,-263.27731514697575,-9,6,6,-9,6,6,0.00144464545387,-39.9588313505,-262.455386174,-5.15044464545,0.723831350458,-0.000138461192023
13219,0.0,-40.0,-263.27731514697575,-9,6,6,-9,6,6,0.000391140114594,-39.9588122088,-262.455487147,-5.14939114011,0.723812208799,-3.74877810145e-05
13328,0.0,-40.0,-263.27731514697575,-9,6,6,-9,6,6,0.00152123331573,-39.958832742,-262.455378833,-5.10301943301,0.678293826008,-0.000145802439022
13422,0.0,-40.0,-263.27731514697575,-9,6,6,-9,6,6,0.000631709877927,-39.9588165798,-262.45546409,-5.03174497334,0.610801196044,-6.05459520102e-05
13531,0.0,-40.0,-263.27731514697575,-9,6,6,-9,6,6,0.00069758656134,-39.9588177768,-262.455457776,-5.02564303036,0.463031812789,-6.68598810307e-05
13625,0.0,-40.0,-263.27731514697575,-9,6,6,-9,6,6,0.00117934135352,-39.95882653,-262.455411602,-5.02417934135,0.370826530013,-0.000113033056039
13719,0.0,-40.0,-263.27731514697575,-9,6,6,-9,6,6,0.00040269074124,-39.9588124187,-262.45548604,-5.02340269074,0.370812418666,-3.85948289932e-05
13828,0.0,-40.0,-263.27731514697575,-9,6,6,-9,6,6,0.00139769930688,-39.9588304975,-262.455390673,-5.06597470073,0.327461383906,-0.000133961919005
13922,0.0,-40.0,-263.27731514697575,-9,6,6,-9,6,6,0.000668473399843,-39.9588172478,-262.455460566,-5.13228340502,0.257520638103,-6.40695050151e-05
14031,0.0,-40.0,-263.27731514697575,-9,6,6,-9,6,6,0.000622743633178,-39.9588164169,-262.455464949,-5.1415783323,0.326736237798,-5.96865170337e-05
14125,0.0,-40.0,-263.27731514697575,-9,6,6,-9,6,6,0.00125549863099,-39.9588279137,-262.455404303,-5.11347290061,0.368578735545,-0.000120332367032
14219,0.0,-40.0,-263.27731514697575,-9,6,6,-9,6,6,0.000413787039353,-39.9588126203,-262.455484977,-5.04487353494,0.370271618231,-3.96583320139e-05
14328,0.0,-40.0,-263.27731514697575,-9,6,6,-9,6,6,0.00127840745539,-39.95882833,-262.455402107,-5.02335619828,0.315956884162,-0.000122528002009
14422,0.0,-40.0,-263.27731514697575,-9,6,6,-9,6,6,0.000703949177834,-39.9588178924,-262.455457166,-5.02170394918,0.251817892382,-6.74696370311e-05
14531,0.0,-40.0,-263.27731514697575,-9,6,6,-9,6,6,0.000586784380596,-39.9588157636,-262.455468396,-5.02158678438,0.251815763555,-5.62400550166e-05
14625,0.0,-40.0,-263.27731514697575,-9,6,6,-9,6,6,0.00132922620255,-39.9588292533,-262.455397236,-5.05019345751,0.251356978228,-0.000127398803045
14719,0.0,-40.0,-263.27731514697575,-9,6,6,-9,6,6,0.00042454346235,-39.9588128157,-262.455483946,-5.1147255999,0.250231441879,-4.06892610272e-05
14828,0.0,-40.0,-263.27731514697575,-9,6,6,-9,6,6,0.00116329914573,-39.9588262385,-262.45541314,-5.08837630156,0.250703984254,-0.000111495079011
14922,0.0,-40.0,-263.27731514697575,-9,6,6,-9,6,6,0.00399817045113,-39.9587327993,-262.455905976,-5.02499817045,0.251732799329,0.000381340511979
15015,40.0,-40.0,-263.27731514697575,-7,-1,16,-7,-1,16,31.4456800115,-39.3721713074,-263.684369112,3.49631998853,-5.64682869257,0.282844096046
15125,40.0,-40.0,-263.27731514697575,-7,-1,16,-7,-1,16,40.1590425307,-39.211413632,-263.40162256,-5.21704253074,-5.807586368,9.7543798006e-05
15219,40.0,-40.0,-263.27731514697575,-7,-1,16,-7,-1,16,40.1614578189,-39.2113696483,-263.401504735,-5.21945781891,-5.80763035174,-2.02821859716e-05
15328,40.0,-40.0,-263.27731514697575,-7,-1,16,-7,-1,16,40.1625349812,-39.2113500327,-263.401452179,-5.22053498124,-5.80764996732,-7.28368739829e-05
15422,40.0,-40.0,-263.27731514697575,-7,-1,16,-7,-1,16,40.1614608197,-39.2113695936,-263.401504588,-5.21946081966,-5.80763040638,-2.0428580001e-05
15531,40.0,-40.0,-263.27731514697575,-7,-1,16,-7,-1,16,40.1623313235,-39.2113537414,-263.401462116,-5.219328894,-5.8672908152,-6.29000110166e-05
15625,40.0,-40.0,-263.27731514697575,-7,-1,16,-7,-1,16,40.1617043516,-39.2113651588,-263.401492707,-5.20738480723,-5.9212564346,-3.2310473955e-05
15719,40.0,-40.0,-263.27731514697575,-7,-1,16,-7,-1,16,40.1620745626,-39.2113584171,-263.401474644,-5.07585541308,-5.85251889057,-5.03721930158e-05
15828,40.0,-40.0,-263.27731514697575,-7,-1,16,-7,-1,16,40.1621755801,-39.2113565775,-263.401469715,-4.92374684728,-5.83139707055,-5.53012069986e-05
15922,40.0,-40.0,-263.27731514697575,-7,-1,16,-7,-1,16,40.161581643,-39.2113673934,-263.401498694,-4.79289814701,-5.89325726724,-2.63234649651e-05
16031,40.0,-40.0,-263.27731514697575,-7,-1,16,-7,-1,16,40.1627288124,-39.2113465029,-263.401442721,-4.74272881244,-5.91765349706,-8.22945689833e-05
16125,40.0,-40.0,-263.27731514697575,-7,-1,16,-7,-1,16,40.161419278,-39.2113703501,-263.401506615,-4.74141927797,-5.91762964989,-1.84018099958e-05
16219,40.0,-40.0,-263.27731514697575,-7,-1,16,-7,-1,16,40.163198422,-39.2113379512,-263.401419807,-4.80266659385,-5.91916124642,-0.000105208776972
16328,40.0,-40.0,-263.27731514697575,-7,-1,16,-7,-1,16,40.1614910491,-39.2113690431,-263.401503114,-4.86049104907,-5.92063095687,-2.19034689621e-05
16422,40.0,-40.0,-263.27731514697575,-7,-1,16,-7,-1,16,40.1630667435,-39.2113403491,-263.401426232,-4.8620667435,-5.9206596509,-9.87839050026e-05
16531,40.0,-40.0,-263.27731514697575,-7,-1,16,-7,-1,16,40.1618168798,-39.2113631096,-263.401487216,-4.86081687978,-5.92063689039,-3.78007810014e-05
16625,40.0,-40.0,-263.27731514697575,-7,-1,16,-7,-1,16,40.1622008403,-39.2113561175,-263.401468482,-4.86120084033,-5.92064388247,-5.65338739875e-05
16719,40.0,-40.0,-263.27731514697575,-7,-1,16,-7,-1,16,40.161977277,-39.2113601887,-263.40147939,-4.79885694075,-5.91907375239,-4.56280639582e-05
16828,40.0,-40.0,-263.27731514697575,-7,-1,16,-7,-1,16,40.1615567018,-39.2113678476,-263.40149991,-4.78212592055,-5.89836177353,-2.51067189652e-05
16922,40.0,-40.0,-263.27731514697575,-7,-1,16,-7,-1,16,40.1626173343,-39.211348533,-263.40144816,-4.91338130216,-5.83653858226,-7.6856024009e-05
17031,40.0,-40.0,-263.27731514697575,-7,-1,16,-7,-1,16,40.1613399055,-39.2113717955,-263.401510488,-4.8986839977,-5.80223902956,-1.45283460142e-05
17125,40.0,-40.0,-263.27731514697575,-7,-1,16,-7,-1,16,40.1632072453,-39.2113377905,-263.401419377,-4.76888883892,-5.80006021947,-0.000105639421975
17219,40.0,-40.0,-263.27731514697575,-7,-1,16,-7,-1,16,40.1613649389,-39.2113713396,-263.401509266,-4.74336493895,-5.79962866035,-1.57496829729e-05
17328,40.0,-40.0,-263.27731514697575,-7,-1,16,-7,-1,16,40.161502337,-39.2113688376,-263.401502563,-4.74370147548,-5.79173200277,-2.24541900025e-05
17422,40.0,-40.0,-263.27731514697575,-7,-1,16,-7,-1,16,40.1625309873,-39.2113501054,-263.401452374,-4.74638662951,-5.72604275285,-7.26420490196e-05
17531,40.0,-40.0,-263.27731514697575,-7,-1,16,-7,-1,16,40.1614594498,-39.2113696186,-263.401504655,-4.74645944981,-5.68063038144,-2.03617479997e-05
17625,40.0,-40.0,-263.27731514697575,-7,-1,16,-7,-1,16,40.1626481928,-39.2113479711,-263.401446655,-4.74764819283,-5.68065202895,-7.83608199981e-05
17719,40.0,-40.0,-263.27731514697575,-7,-1,16,-7,-1,16,40.1615291197,-39.2113683498,-263.401501256,-4.74729968715,-5.63478288745,-2.37608919633e-05
17828,40.0,-40.0,-263.27731514697575,-7,-1,16,-7,-1,16,40.1622289367,-39.2113556059,-263.401467111,-4.74890042415,-5.57728158979,-5.79045549784e-05
17937,40.0,-40.0,-263.27731514697575,-7,-1,16,-7,-1,16,40.1620811543,-39.2113582971,-263.401474322,-4.74553123343,-5.73061793616,-5.0693881974e-05
18031,40.0,-40.0,-263.27731514697575,-7,-1,16,-7,-1,16,40.1616025483,-39.2113670127,-263.401497674,-4.7443741086,-5.76902776164,-2.73434029623e-05
18140,40.0,-40.0,-263.27731514697575,-7,-1,16,-7,-1,16,40.1627434409,-39.2113462365,-263.401442008,-4.74738659802,-5.69480852926,-8.30082869925e-05
18219,40.0,-40.0,-263.27731514697575,-7,-1,16,-7,-1,16,40.1615587406,-39.2113678104,-263.401499811,-4.74552159753,-5.72177219827,-2.52061709602e-05
18328,40.0,-40.0,-263.27731514697575,-7,-1,16,-7,-1,16,40.1630782482,-39.2113401396,-263.401425671,-4.74509928386,-5.79882544669,-9.93454110017e-05
18422,40.0,-40.0,-263.27731514697575,-7,-1,16,-7,-1,16,40.1613568308,-39.2113714873,-263.401509662,-4.68171427637,-5.60204211058,-1.53541050167e-05
18547,40.0,-40.0,-263.27731514697575,-7,-1,16,-7,-1,16,40.1627502696,-39.2113461122,-263.401441674,-4.63219880555,-5.47346599988,-8.3342305004e-05
18625,40.0,-40.0,-263.27731514697575,-7,-1,16,-7,-1,16,40.1614136277,-39.211370453,-263.401506891,-4.62998742039,-5.52548887968,-1.81261679586e-05
18719,40.0,-40.0,-263.27731514697575,-7,-1,16,-7,-1,16,40.1630363729,-39.2113409022,-263.401427714,-4.63103637293,-5.55965909784,-9.73019739945e-05
18828,40.0,-40.0,-263.27731514697575,-7,-1,16,-7,-1,16,40.1617029285,-39.2113651847,-263.401492776,-4.62970292855,-5.55963481529,-3.2241124984e-05
18922,40.0,-40.0,-263.27731514697575,-7,-1,16,-7,-1,16,40.1622427901,-39.2113553536,-263.401466435,-4.63024279008,-5.55964464639,-5.85808339792e-05
19031,40.0,-40.0,-263.27731514697575,-7,-1,16,-7,-1,16,40.1621035777,-39.2113578887,-263.401473228,-4.63050917624,-5.53550899696,-5.17878169717e-05
19125,40.0,-40.0,-263.27731514697575,-7,-1,16,-7,-1,16,40.1616389576,-39.2113663496,-263.401495897,-4.63109748664,-5.47285117304,-2.91198289801e-05
19219,40.0,-40.0,-263.27731514697575,-7,-1,16,-7,-1,16,40.1622004309,-39.211356125,-263.401468502,-4.63166604192,-5.47244002026,-5.65135799775e-05
19328,40.0,-40.0,-263.27731514697575,-7,-1,16,-7,-1,16,40.1620147054,-39.2113595071,-263.401477564,-4.63020462804,-5.54834009573,-4.74537449691e-05
19422,40.0,-40.0,-263.27731514697575,-7,-1,16,-7,-1,16,40.1616553978,-39.2113660503,-263.401495095,-4.63056738589,-5.50537065808,-2.99219029785e-05
19531,40.0,-40.0,-263.27731514697575,-7,-1,16,-7,-1,16,40.1625734162,-39.2113493328,-263.401450304,-4.63237908434,-5.45221341375,-7.47122409734e-05
19625,40.0,-40.0,-263.27731514697575,-7,-1,16,-7,-1,16,40.1614391516,-39.2113699882,-263.401505646,-4.6301183873,-5.51921548966,-1.93714229795e-05
19719,40.0,-40.0,-263.27731514697575,-7,-1,16,-7,-1,16,40.1628910154,-39.2113435492,-263.401434807,-4.65689184958,-5.53451514841,-9.02093319723e-05
19828,40.0,-40.0,-263.27731514697575,-7,-1,16,-7,-1,16,40.1614481926,-39.2113698236,-263.401505204,-4.73139284018,-5.46105559983,-1.98125429733e-05
19922,40.0,-40.0,-263.27731514697575,-7,-1,16,-7,-1,16,40.1631456955,-39.2113389113,-263.40142238,-4.70623234762,-5.48705663989,-0.000102636003021
20031,40.0,-40.0,-263.27731514697575,-7,-1,16,-7,-1,16,40.1259871544,-39.1948812145,-263.407692819,-4.59398715442,-5.57611878549,0.00616780268103
20032,-40.0,0.0,-263.27731514697575,1,10,-7,1,10,-7,39.965618388,-39.1195765985,-263.435629186,-80.777618388,37.0365765985,0.129726501077
20140,-40.0,0.0,-263.27731514697575,1,10,-7,1,10,-7,-39.4863840888,-1.50191602964,-263.310210265,-2.04661591123,-0.00208397036236,0.004307579824
20234,-40.0,0.0,-263.27731514697575,1,10,-7,1,10,-7,-39.5100083619,-1.4906228969,-263.305856078,-2.02299163807,-0.013377103103,-4.66072820018e-05
20344,-40.0,0.0,-263.27731514697575,1,10,-7,1,10,-7,-39.509900599,-1.49067441127,-263.30587595,-2.02309940105,-0.0133255887335,-2.67351949788e-05
20437,-40.0,0.0,-263.27731514697575,1,10,-7,1,10,-7,-39.51002111,-1.49061680299,-263.305853728,-2.02297889001,-0.0133831970117,-4.89566219812e-05
20547,-40.0,0.0,-263.27731514697575,1,10,-7,1,10,-7,-39.5103350114,-1.49046674766,-263.305795847,-2.02266498855,-0.0135332523439,-0.000106839165028
20656,-40.0,0.0,-263.27731514697575,1,10,-7,1,10,-7,-39.5109019241,-1.49019574455,-263.30569131,-2.02209807594,-0.0138042554531,-0.000211374716002
20734,-40.0,0.0,-263.27731514697575,1,10,-7,1,10,-7,-39.510079224,-1.49058902257,-263.305843013,-2.022920776,-0.0134109774335,-5.96724029833e-05
20844,-40.0,0.0,-263.27731514697575,1,10,-7,1,10,-7,-39.51003342,-1.49061091842,-263.305851459,-2.02296658004,-0.0133890815804,-5.12264429631e-05
20937,-40.0,0.0,-263.27731514697575,1,10,-7,1,10,-7,-39.5114519233,-1.48993282655,-263.305589891,-2.02154807667,-0.0140671734518,-0.000312794070965
21047,-40.0,0.0,-263.27731514697575,1,10,-7,1,10,-7,-39.5101305131,-1.49056450467,-263.305833555,-2.02286948688,-0.0134354953342,-6.91298579909e-05
21140,-40.0,0.0,-263.27731514697575,1,10,-7,1,10,-7,-39.5113877403,-1.4899635082,-263.305601727,-2.02161225971,-0.0140364917973,-0.000300958387982
21234,-40.0,0.0,-263.27731514697575,1,10,-7,1,10,-7,-39.5101188465,-1.4905700817,-263.305835706,-2.03406083564,-0.0137141475092,-6.6978530981e-05
21344,-40.0,0.0,-263.27731514697575,1,10,-7,1,10,-7,-39.5106344539,-1.49032360422,-263.305740631,-2.11747774268,-0.0160945024747,-0.000162056018041
21437,-40.0,0.0,-263.27731514697575,1,10,-7,1,10,-7,-39.5104317199,-1.49042051783,-263.305778014,-2.18182593738,0.0229733132146,-0.000124671621052
21547,-40.0,0.0,-263.27731514697575,1,10,-7,1,10,-7,-39.5101573001,-1.49055169962,-263.305828616,-2.25413321743,0.0921607907682,-7.40691759802e-05
21640,-40.0,0.0,-263.27731514697575,1,10,-7,1,10,-7,-39.5110332905,-1.49013294706,-263.305667087,-2.31413890214,0.0982317234534,-0.000235598234951
21734,-40.0,0.0,-263.27731514697575,1,10,-7,1,10,-7,-39.5101764795,-1.49054253121,-263.305825079,-2.37652927071,0.0975983659532,-7.76058109864e-05
21844,-40.0,0.0,-263.27731514697575,1,10,-7,1,10,-7,-39.5105679139,-1.49035541257,-263.305752901,-2.37943208615,0.0973554125684,-0.00014978541401
21937,-40.0,0.0,-263.27731514697575,1,10,-7,1,10,-7,-39.5105438321,-1.49036692443,-263.305757341,-2.37945616787,0.0973669244322,-0.000145345000021
22047,-40.0,0.0,-263.27731514697575,1,10,-7,1,10,-7,-39.5101300614,-1.49056472058,-263.305833638,-2.37986993855,0.0975647205829,-6.90465539606e-05
22140,-40.0,0.0,-263.27731514697575,1,10,-7,1,10,-7,-39.510883628,-1.49020449072,-263.305694684,-2.37911637204,0.097204490717,-0.000208000935004
22234,-40.0,0.0,-263.27731514697575,1,10,-7,1,10,-7,-39.5102608166,-1.49050221527,-263.305809528,-2.37973918339,0.0975022152653,-9.31571809701e-05
22344,-40.0,0.0,-263.27731514697575,1,10,-7,1,10,-7,-39.5104579093,-1.49040799839,-263.305773185,-2.37954209066,0.0974079983877,-0.00012950109101
22437,-40.0,0.0,-263.27731514697575,1,10,-7,1,10,-7,-39.5106626041,-1.49031014749,-263.30573544,-2.37933739594,0.0973101474923,-0.00016724526597
22562,-40.0,0.0,-263.27731514697575,1,10,-7,1,10,-7,-39.5100164169,-1.49061904644,-263.305854594,-2.305776534,0.175024675206,-4.80912009948e-05
22640,-40.0,0.0,-263.27731514697575,1,10,-7,1,10,-7,-39.5108058878,-1.4902416531,-263.305709019,-2.26319411218,0.218241653097,-0.000193665945972
22734,-40.0,0.0,-263.27731514697575,1,10,-7,1,10,-7,-39.5103297142,-1.49046927995,-263.305796823,-2.26367028584,0.218469279949,-0.000105862581051
22844,-40.0,0.0,-263.27731514697575,1,10,-7,1,10,-7,-39.5103780073,-1.49044619422,-263.305787918,-2.29079703333,0.190099815641,-0.000114767547018
22937,-40.0,0.0,-263.27731514697575,1,10,-7,1,10,-7,-39.5107645116,-1.49026143228,-263.305716648,-2.3509550412,0.12676086423,-0.000186036819969
23047,-40.0,0.0,-263.27731514697575,1,10,-7,1,10,-7,-39.5100580518,-1.4905991436,-263.305846917,-2.37994194822,0.0975991435979,-5.57684159617e-05
23156,-40.0,0.0,-263.27731514697575,1,10,-7,1,10,-7,-39.5103477267,-1.49046066938,-263.305793502,-2.37965227334,0.0974606693824,-0.000109183729023
23234,-40.0,0.0,-263.27731514697575,1,10,-7,1,10,-7,-39.5103950248,-1.4904380593,-263.30578478,-2.37960497522,0.097438059301,-0.000117905568004
23344,-40.0,0.0,-263.27731514697575,1,10,-7,1,10,-7,-39.5103001908,-1.49048339311,-263.305802267,-2.37595208927,0.101392652721,-0.000100417559963
23437,-40.0,0.0,-263.27731514697575,1,10,-7,1,10,-7,-39.5108618392,-1.49021490647,-263.305698701,-2.31429404578,0.164854026453,-0.000203983816959
23547,-40.0,0.0,-263.27731514697575,1,10,-7,1,10,-7,-39.5100254463,-1.4906147301,-263.305852929,-2.2639745537,0.218614730103,-4.9756166959e-05
23640,-40.0,0.0,-263.27731514697575,1,10,-7,1,10,-7,-39.5106520762,-1.49031518018,-263.305737381,-2.2633479238,0.218315180178,-0.000165303646952
23734,-40.0,0.0,-263.27731514697575,1,10,-7,1,10,-7,-39.5104563992,-1.49040872027,-263.305773463,-2.31887442597,0.217236457024,-0.000129222746011
23844,-40.0,0.0,-263.27731514697575,1,10,-7,1,10,-7,-39.5102273352,-1.49051822049,-263.305815702,-2.47480202491,0.214047259473,-8.69833539809e-05
23937,-40.0,0.0,-263.27731514697575,1,10,-7,1,10,-7,-39.5109548478,-1.49017044526,-263.305681551,-2.44904535664,0.164837309554,-0.000221134414005
24047,-40.0,0.0,-263.27731514697575,1,10,-7,1,10,-7,-39.5099989389,-1.49062740151,-263.305857817,-2.38000106107,0.0976274015061,-4.48683719583e-05
24140,-40.0,0.0,-263.27731514697575,1,10,-7,1,10,-7,-39.5105822449,-1.49034856189,-263.305750258,-2.37941775515,0.0973485618897,-0.000152428005038
24234,-40.0,0.0,-263.27731514697575,1,10,-7,1,10,-7,-39.5105155153,-1.49038046084,-263.305762563,-2.37176689186,0.0899179950217,-0.000140123481003
24344,-40.0,0.0,-263.27731514697575,1,10,-7,1,10,-7,-39.510157016,-1.49055183542,-263.305828668,-2.29808553776,0.01849711467,-7.40168339917e-05
24437,-40.0,0.0,-263.27731514697575,1,10,-7,1,10,-7,-39.5110448563,-1.49012741821,-263.305664953,-2.28009459587,-0.0431671358298,-0.000237731799984
24547,-40.0,0.0,-263.27731514697575,1,10,-7,1,10,-7,-39.5100092409,-1.49062247684,-263.305855917,-2.35131721438,-0.116521010844,-4.67679780058e-05
24640,-40.0,0.0,-263.27731514697575,1,10,-7,1,10,-7,-39.5105150754,-1.49038067115,-263.305762644,-2.41352379431,-0.102234957931,-0.000140042197017
24734,-40.0,0.0,-263.27731514697575,1,10,-7,1,10,-7,-39.5105727577,-1.49035309709,-263.305752007,-2.47896074122,-0.0394742924159,-0.000150678718001
24844,-40.0,0.0,-263.27731514697575,1,10,-7,1,10,-7,-39.5100905435,-1.4905836115,-263.305840925,-2.38030193261,-0.021988262991,-6.1759627954e-05
24937,-40.0,0.0,-263.27731514697575,1,10,-7,1,10,-7,-39.5098218535,-1.49071205422,-263.30589047,-2.25917814651,-0.0192879457787,-1.22151299706e-05
25031,0.0,0.0,-263.27731514697575,0,0,0,0,0,0,-8.38449190597,-0.290729198996,-263.762974035,2.20149190597,-0.450270801004,0.48565888779
25140,0.0,0.0,-263.27731514697575,0,0,0,0,0,0,-0.00151890395501,-5.15848820865e-05,-263.277427861,-5.70748109604,-0.730948415118,0.000112713788951
25234,0.0,0.0,-263.27731514697575,0,0,0,0,0,0,0.000181009859822,6.14741420082e-06,-263.277301714,-5.70918100986,-0.731006147414,-1.34329280286e-05
25359,0.0,0.0,-263.27731514697575,0,0,0,0,0,0,0.000250329143076,8.50161837198e-06,-263.27729657,-5.61321875645,-0.680336522835,-1.85771970109e-05
25437,0.0,0.0,-263.27731514697575,0,0,0,0,0,0,0.00106152615427,3.60512165565e-05,-263.277236368,-5.50143866394,-0.620954200519,-7.87788550269e-05
25547,0.0,0.0,-263.27731514697575,0,0,0,0,0,0,0.00125481971653,4.26157782178e-05,-263.277222023,-5.55282608957,-0.608346334599,-9.31240350042e-05
25640,0.0,0.0,-263.27731514697575,0,0,0,0,0,0,0.000406403153018,1.3802161729e-05,-263.277284987,-5.55966034513,-0.608446641523,-3.01597170278e-05
25734,0.0,0.0,-263.27731514697575,0,0,0,0,0,0,0.00175896925248,5.97374589803e-05,-263.277184607,-5.48893748212,-0.60728122507,-0.000130540470025
25844,0.0,0.0,-263.27731514697575,0,0,0,0,0,0,0.000745127599544,2.53058163468e-05,-263.27725985,-5.54234161425,-0.676932783465,-5.52983649982e-05
25937,0.0,0.0,-263.27731514697575,0,0,0,0,0,0,0.000911907952457,3.09699316906e-05,-263.277247472,-5.59191190795,-0.728030969932,-6.76772369843e-05
26047,0.0,0.0,-263.27731514697575,0,0,0,0,0,0,0.00143171506374,4.8623432287e-05,-263.277208895,-5.59243171506,-0.728048623432,-0.000106252169019
26140,0.0,0.0,-263.27731514697575,0,0,0,0,0,0,0.000463297819648,1.57343999238e-05,-263.277280765,-5.53581583811,-0.670465797431,-3.43820420312e-05
26234,0.0,0.0,-263.27731514697575,0,0,0,0,0,0,0.00152208432765,5.16924898311e-05,-263.277202187,-5.46843657029,-0.606871552302,-0.000112959568014
26344,0.0,0.0,-263.27731514697575,0,0,0,0,0,0,0.000914946353096,3.10731272362e-05,-263.277247246,-5.38704868998,-0.604797185253,-6.79025749832e-05
26437,0.0,0.0,-263.27731514697575,0,0,0,0,0,0,0.000678460559899,2.30416888559e-05,-263.277264797,-5.31590863506,-0.602995230962,-5.03508759948e-05
26547,0.0,0.0,-263.27731514697575,0,0,0,0,0,0,0.0013002983232,4.41603074593e-05,-263.277218648,-5.23830029832,-0.601044160307,-9.64991480146e-05
26640,0.0,0.0,-263.27731514697575,0,0,0,0,0,0,0.000572170131544,1.94318824488e-05,-263.277272685,-5.23757217013,-0.601019431882,-4.24628710221e-05
26734,0.0,0.0,-263.27731514697575,0,0,0,0,0,0,0.00134020965005,4.55157514128e-05,-263.277215686,-5.23834020965,-0.601045515751,-9.94613680518e-05
26844,0.0,0.0,-263.27731514697575,0,0,0,0,0,0,0.00106954138827,3.63234146438e-05,-263.277235773,-5.23806954139,-0.601036323415,-7.93739930032e-05
26937,0.0,0.0,-263.27731514697575,0,0,0,0,0,0,0.000597447628776,2.02903565241e-05,-263.277270809,-5.23759744763,-0.601020290357,-4.43386020379e-05
27047,0.0,0.0,-263.27731514697575,0,0,0,0,0,0,0.00119419658412,4.05569208014e-05,-263.277226522,-5.23751243808,-0.641946066877,-8.8624867999e-05
27140,0.0,0.0,-263.27731514697575,0,0,0,0,0,0,0.000662887099622,2.25127796619e-05,-263.277265953,-5.23580111995,-0.712728541691,-4.9195326028e-05
27234,0.0,0.0,-263.27731514697575,0,0,0,0,0,0,0.00118750290129,4.03295997813e-05,-263.277227019,-5.17464266269,-0.656312135584,-8.81279250393e-05
27344,0.0,0.0,-263.27731514697575,0,0,0,0,0,0,0.00120322567842,4.08635406699e-05,-263.277225851,-5.14744242299,-0.599502544851,-8.92955060294e-05
27437,0.0,0.0,-263.27731514697575,0,0,0,0,0,0,0.000553182798246,1.8787047159e-05,-263.277274094,-5.21625744066,-0.600657842265,-4.1053611028e-05
27547,0.0,0.0,-263.27731514697575,0,0,0,0,0,0,0.00109843928447,3.73048481392e-05,-263.277233629,-5.23809843928,-0.601037304848,-8.15182930296e-05
27640,0.0,0.0,-263.27731514697575,0,0,0,0,0,0,0.000744411506561,2.52814822423e-05,-263.277259902,-5.22418844347,-0.600795519312,-5.52455659886e-05
27734,0.0,0.0,-263.27731514697575,0,0,0,0,0,0,0.00108034079593,3.66902024675e-05,-263.277234972,-5.14876412629,-0.599522856058,-8.01749270067e-05
27844,0.0,0.0,-263.27731514697575,0,0,0,0,0,0,0.00132540059069,4.50127902327e-05,-263.277216784,-5.06414312204,-0.597628652827,-9.83628390259e-05
27937,0.0,0.0,-263.27731514697575,0,0,0,0,0,0,0.000512124160299,1.73926256902e-05,-263.277277141,-5.00792844189,-0.596204358619,-3.80055579967e-05
28047,0.0,0.0,-263.27731514697575,0,0,0,0,0,0,0.00100983332424,3.42956465358e-05,-263.277240205,-5.09165950701,-0.598319581538,-7.49424510218e-05
28156,0.0,0.0,-263.27731514697575,0,0,0,0,0,0,0.00119348796903,4.05328558718e-05,-263.277226575,-5.12019348797,-0.599040532856,-8.85722600401e-05
28234,0.0,0.0,-263.27731514697575,0,0,0,0,0,0,0.000991191308579,3.36625377027e-05,-263.277241588,-5.11999119131,-0.599033662538,-7.35608430205e-05
28344,0.0,0.0,-263.27731514697575,0,0,0,0,0,0,0.00144000995009,4.89051018418e-05,-263.277208278,-5.19663302331,-0.600340312108,-0.000106868688022
28453,0.0,0.0,-263.27731514697575,0,0,0,0,0,0,0.000284712990281,9.6693537948e-06,-263.277294018,-5.15488478481,-0.599271274245,-2.11288690366e-05
28547,0.0,0.0,-263.27731514697575,0,0,0,0,0,0,0.000925835725788,3.14429523698e-05,-263.277246438,-5.00935726687,-0.596209321247,-6.87106149826e-05
28640,0.0,0.0,-263.27731514697575,0,0,0,0,0,0,0.000891881998233,3.02898221839e-05,-263.277248958,-5.000891882,-0.596030289822,-6.61899190391e-05
28734,0.0,0.0,-263.27731514697575,0,0,0,0,0,0,0.0009062498186,3.0777783685e-05,-263.277247892,-5.01692082994,-0.596434506694,-6.72570479878e-05
28844,0.0,0.0,-263.27731514697575,0,0,0,0,0,0,0.00154929147859,5.26164721157e-05,-263.277200168,-5.11090051411,-0.598809369984,-0.000114979128
28937,0.0,0.0,-263.27731514697575,0,0,0,0,0,0,0.000436297431001,1.48174203315e-05,-263.277282769,-5.05822704714,-0.597471727077,-3.237828804e-05
29047,0.0,0.0,-263.27731514697575,0,0,0,0,0,0,0.000845235463331,2.87056371283e-05,-263.27725242,-5.00084523546,-0.596028705637,-6.2727911029e-05
29140,0.0,0.0,-263.27731514697575,0,0,0,0,0,0,0.000960767569024,3.26292891595e-05,-263.277243846,-5.00096076757,-0.596032629289,-7.1303183006e-05
29234,0.0,0.0,-263.27731514697575,0,0,0,0,0,0,0.000824451665647,2.79997826123e-05,-263.277253962,-5.04757377543,-0.645195392017,-6.1185531024e-05
29344,0.0,0.0,-263.27731514697575,0,0,0,0,0,0,0.00165460387288,5.6193044313e-05,-263.277192352,-5.10647083164,-0.706293949834,-0.000122794994013
29437,0.0,0.0,-263.27731514697575,0,0,0,0,0,0,0.000400444063062,1.35997787225e-05,-263.277285429,-5.03501400175,-0.632417513893,-2.97175300261e-05
29547,0.0,0.0,-263.27731514697575,0,0,0,0,0,0,0.000767198983529,2.60553922364e-05,-263.277258212,-5.04659198473,-0.644221088676,-5.69364760281e-05
29640,0.0,0.0,-263.27731514697575,0,0,0,0,0,0,0.00102746411288,3.48944132029e-05,-263.277238896,-5.11328964842,-0.714103743428,-7.62509910146e-05
29734,0.0,0.0,-263.27731514697575,0,0,0,0,0,0,0.000745058015834,2.53034423733e-05,-263.277259855,-5.11674505802,-0.718025303442,-5.52934590132e-05
29844,0.0,0.0,-263.27731514697575,0,0,0,0,0,0,0.00175684372811,5.96652683783e-05,-263.277184764,-5.07877599412,-0.677062564815,-0.000130382829013
29937,0.0,0.0,-263.27731514697575,0,0,0,0,0,0,-0.000348593458643,1.67421849924e-05,-263.277278563,-4.99965140654,-0.596016742185,-3.6583993051e-05
30031,40.0,0.0,-263.27731514697575,1,-7,10,1,-7,10,31.0561044298,-1.14327134638,-263.782620064,3.84989557025,-2.89172865362,0.476717378615
30140,40.0,0.0,-263.27731514697575,1,-7,10,1,-7,10,39.5083440028,-1.49068410518,-263.306005327,-4.48334400277,-2.54231589482,0.000102641956005
30234,40.0,0.0,-263.27731514697575,1,-7,10,1,-7,10,39.5099002081,-1.4907498279,-263.30589217,-4.48608098692,-2.4714034433,-1.0514928988e-05
30344,40.0,0.0,-263.27731514697575,1,-7,10,1,-7,10,39.5108715709,-1.49079085149,-263.305821534,-4.48787157086,-2.42220914851,-8.11506249647e-05
30437,40.0,0.0,-263.27731514697575,1,-7,10,1,-7,10,39.5102708146,-1.4907654797,-263.305865221,-4.48727081465,-2.4222345203,-3.74643140049e-05
30547,40.0,0.0,-263.27731514697575,1,-7,10,1,-7,10,39.5108563077,-1.49079020688,-263.305822644,-4.48665735074,-2.49414721228,-8.00406999701e-05
30640,40.0,0.0,-263.27731514697575,1,-7,10,1,-7,10,39.510390481,-1.49077053357,-263.305856519,-4.46658017314,-2.50264603603,-4.61672200345e-05
30734,40.0,0.0,-263.27731514697575,1,-7,10,1,-7,10,39.5107766598,-1.4907868431,-263.305828436,-4.40053273084,-2.36283028038,-7.42488459764e-05
30859,40.0,0.0,-263.27731514697575,1,-7,10,1,-7,10,39.5109417255,-1.49079381435,-263.305816433,-4.37196027704,-2.23960237055,-8.62523859837e-05
30937,40.0,0.0,-263.27731514697575,1,-7,10,1,-7,10,39.5103836657,-1.49077024575,-263.305857014,-4.37236060226,-2.18260202689,-4.56706819705e-05
31047,40.0,0.0,-263.27731514697575,1,-7,10,1,-7,10,39.5111960966,-1.49080455724,-263.305797935,-4.37319609656,-2.18119544276,-0.000104750309958
31140,40.0,0.0,-263.27731514697575,1,-7,10,1,-7,10,39.510167954,-1.49076113559,-263.3058727,-4.3404349637,-2.21192283027,-2.99845439713e-05
31234,40.0,0.0,-263.27731514697575,1,-7,10,1,-7,10,39.5113120122,-1.49080945275,-263.305789505,-4.27226764524,-2.27889460457,-0.000113180010999
31344,40.0,0.0,-263.27731514697575,1,-7,10,1,-7,10,39.5102271714,-1.49076363652,-263.305868394,-4.25122717143,-2.29823636348,-3.42907259778e-05
31437,40.0,0.0,-263.27731514697575,1,-7,10,1,-7,10,39.5113470344,-1.49081093184,-263.305786958,-4.25254694693,-2.28619431784,-0.000115726732986
31547,40.0,0.0,-263.27731514697575,1,-7,10,1,-7,10,39.5104937153,-1.49077489349,-263.305849012,-4.25321241268,-2.19510326478,-5.36744790338e-05
31640,40.0,0.0,-263.27731514697575,1,-7,10,1,-7,10,39.5107929916,-1.49078753284,-263.305827249,-4.20111607299,-2.22873049568,-7.54364039608e-05
31734,40.0,0.0,-263.27731514697575,1,-7,10,1,-7,10,39.5105265684,-1.49077628096,-263.305846623,-4.13267005935,-2.29412709251,-5.60632790325e-05
31844,40.0,0.0,-263.27731514697575,1,-7,10,1,-7,10,39.5102816314,-1.49076593653,-263.305864434,-4.21300199181,-2.29727707248,-3.82509269912e-05
31937,40.0,0.0,-263.27731514697575,1,-7,10,1,-7,10,39.5111504669,-1.49080263016,-263.305801253,-4.22160336042,-2.29743369218,-0.000101432083966
32047,40.0,0.0,-263.27731514697575,1,-7,10,1,-7,10,39.5101100984,-1.49075869218,-263.305876908,-4.14096053463,-2.29548756873,-2.5777439987e-05
32140,40.0,0.0,-263.27731514697575,1,-7,10,1,-7,10,39.5118674758,-1.49083291183,-263.30574911,-4.1908717035,-2.29661719386,-0.000153574657986
32250,40.0,0.0,-263.27731514697575,1,-7,10,1,-7,10,39.5101668314,-1.49076108818,-263.305872782,-4.23313913646,-2.27944080262,-2.99029150028e-05
32344,40.0,0.0,-263.27731514697575,1,-7,10,1,-7,10,39.5118119841,-1.49083056828,-263.305753145,-4.16740156441,-2.20910899408,-0.000149539717995
32437,40.0,0.0,-263.27731514697575,1,-7,10,1,-7,10,39.5102407529,-1.49076421012,-263.305867407,-4.13330650019,-2.21329447977,-3.5278409996e-05
32547,40.0,0.0,-263.27731514697575,1,-7,10,1,-7,10,39.5109713183,-1.49079506419,-263.30581428,-4.13197131831,-2.29520493581,-8.84049869683e-05
32640,40.0,0.0,-263.27731514697575,1,-7,10,1,-7,10,39.510636654,-1.49078093025,-263.305838617,-4.13163665397,-2.29521906975,-6.40691339981e-05
32734,40.0,0.0,-263.27731514697575,1,-7,10,1,-7,10,39.5100834859,-1.49075756825,-263.305878843,-4.13187928758,-2.26367563063,-2.38422609868e-05
32844,40.0,0.0,-263.27731514697575,1,-7,10,1,-7,10,39.5102078917,-1.49076282228,-263.305869796,-4.13402772281,-2.18338387707,-3.28887599608e-05
32937,40.0,0.0,-263.27731514697575,1,-7,10,1,-7,10,39.5113079286,-1.49080928029,-263.305789802,-4.13379394655,-2.23624534143,-0.00011288314596
33047,40.0,0.0,-263.27731514697575,1,-7,10,1,-7,10,39.51008831,-1.49075777199,-263.305878492,-4.13108830996,-2.29524222801,-2.41930509901e-05
33140,40.0,0.0,-263.27731514697575,1,-7,10,1,-7,10,39.511824333,-1.49083108976,-263.305752248,-4.13282433299,-2.29516891024,-0.000150437176956
33234,40.0,0.0,-263.27731514697575,1,-7,10,1,-7,10,39.510111567,-1.4907587542,-263.305876801,-4.13201729545,-2.25931401671,-2.5884242973e-05
33344,40.0,0.0,-263.27731514697575,1,-7,10,1,-7,10,39.5115879525,-1.49082110667,-263.305769437,-4.13553453274,-2.17829787872,-0.000133247665985
33437,40.0,0.0,-263.27731514697575,1,-7,10,1,-7,10,39.5103087525,-1.49076708194,-263.305862462,-4.13265917943,-2.24166598464,-4.02231959811e-05
33547,40.0,0.0,-263.27731514697575,1,-7,10,1,-7,10,39.5107330038,-1.4907849994,-263.30583161,-4.13173300379,-2.2952150006,-7.10766940415e-05
33640,40.0,0.0,-263.27731514697575,1,-7,10,1,-7,10,39.5107811601,-1.49078703319,-263.305828108,-4.13178116005,-2.29521296681,-7.45765349848e-05
33734,40.0,0.0,-263.27731514697575,1,-7,10,1,-7,10,39.5101128757,-1.49075880947,-263.305876706,-4.1324666076,-2.24154315692,-2.59794039721e-05
33859,40.0,0.0,-263.27731514697575,1,-7,10,1,-7,10,39.5108845264,-1.49079139863,-263.305820592,-4.13404822414,-2.20938192266,-8.20928480039e-05
33937,40.0,0.0,-263.27731514697575,1,-7,10,1,-7,10,39.5103167928,-1.4907674215,-263.305861877,-4.13205407706,-2.26598696851,-4.08078449823e-05
34047,40.0,0.0,-263.27731514697575,1,-7,10,1,-7,10,39.510660684,-1.4907819451,-263.305836869,-4.13166068396,-2.2952180549,-6.58165330378e-05
34140,40.0,0.0,-263.27731514697575,1,-7,10,1,-7,10,39.5108075598,-1.49078814812,-263.305826189,-4.13180755979,-2.29521185188,-7.64962420021e-05
34234,40.0,0.0,-263.27731514697575,1,-7,10,1,-7,10,39.5101370099,-1.49075982872,-263.305874951,-4.19710728552,-2.29688942817,-2.77343779658e-05
34344,40.0,0.0,-263.27731514697575,1,-7,10,1,-7,10,39.5113253107,-1.4908100144,-263.305788537,-4.22572721473,-2.2975250332,-0.000114147588988
34437,40.0,0.0,-263.27731514697575,1,-7,10,1,-7,10,39.5103648861,-1.49076945262,-263.30585838,-4.15639626838,-2.29585633194,-4.43050950025e-05
34547,40.0,0.0,-263.27731514697575,1,-7,10,1,-7,10,39.5104943498,-1.49077492027,-263.305848965,-4.13290108938,-2.23942441138,-5.37205980322e-05
34640,40.0,0.0,-263.27731514697575,1,-7,10,1,-7,10,39.5108905875,-1.49079165462,-263.305820151,-4.13474097343,-2.1821430359,-8.25339669746e-05
34734,40.0,0.0,-263.27731514697575,1,-7,10,1,-7,10,39.5101476597,-1.49076027849,-263.305874176,-4.13198263711,-2.26211895029,-2.85088039504e-05
34844,40.0,0.0,-263.27731514697575,1,-7,10,1,-7,10,39.5112091162,-1.4908051071,-263.305796987,-4.13220911617,-2.2951948929,-0.000105697627987
34937,40.0,0.0,-263.27731514697575,1,-7,10,1,-7,10,39.5044234741,-1.4877663528,-263.306899215,-4.12542347406,-2.2982336472,0.000996529878023
35031,-40.0,40.0,-263.27731514697575,13,6,-11,13,6,-11,-22.7335612028,32.8212617412,-265.556658,-18.6824387972,12.3967382588,2.61902088534
35140,-40.0,40.0,-263.27731514697575,13,6,-11,13,6,-11,-39.3861973652,41.8861567371,-262.938112363,-2.14580263479,3.20984326287,0.000475249155045
35234,-40.0,40.0,-263.27731514697575,13,6,-11,13,6,-11,-39.3889404574,41.887645592,-262.937559711,-2.269008058,3.26790328765,-7.74025709802e-05
35344,-40.0,40.0,-263.27731514697575,13,6,-11,13,6,-11,-39.3896719274,41.8880426082,-262.937412334,-2.38132807258,3.3209573918,-0.000224779515008
35437,-40.0,40.0,-263.27731514697575,13,6,-11,13,6,-11,-39.3890083832,41.8876824598,-262.937546026,-2.38199161676,3.32131754022,-9.10881939831e-05
35547,-40.0,40.0,-263.27731514697575,13,6,-11,13,6,-11,-39.389631178,41.8880204908,-262.937420545,-2.38136882204,3.32097950917,-0.000216569288966
35640,-40.0,40.0,-263.27731514697575,13,6,-11,13,6,-11,-39.3891416534,41.8877547941,-262.937519175,-2.38185834665,3.32124520589,-0.000117940393977
35734,-40.0,40.0,-263.27731514697575,13,6,-11,13,6,-11,-39.3895662147,41.8879852311,-262.937433633,-2.38143378528,3.32101476894,-0.000203480555967
35844,-40.0,40.0,-263.27731514697575,13,6,-11,13,6,-11,-39.3894968746,41.8879475957,-262.937447604,-2.38150312542,3.32105240432,-0.00018950963198
35937,-40.0,40.0,-263.27731514697575,13,6,-11,13,6,-11,-39.3891416792,41.8877548081,-262.937519169,-2.3818583208,3.32124519187,-0.000117945703948
36047,-40.0,40.0,-263.27731514697575,13,6,-11,13,6,-11,-39.3900167707,41.8882297769,-262.937342854,-2.38098322934,3.32077022307,-0.000294259773966
36140,-40.0,40.0,-263.27731514697575,13,6,-11,13,6,-11,-39.3888981798,41.8876226452,-262.937568229,-2.38210182019,3.32137735477,-6.88845580044e-05
36234,-40.0,40.0,-263.27731514697575,13,6,-11,13,6,-11,-39.3900891212,41.8882690462,-262.937328277,-2.38091087883,3.32073095377,-0.000308837411978
36344,-40.0,40.0,-263.27731514697575,13,6,-11,13,6,-11,-39.3889604627,41.8876564502,-262.937555681,-2.37855685994,3.32143209248,-8.1433271987e-05
36437,-40.0,40.0,-263.27731514697575,13,6,-11,13,6,-11,-39.3901267928,41.888289493,-262.937320687,-2.31461127785,3.32239513227,-0.000316427445966
36547,-40.0,40.0,-263.27731514697575,13,6,-11,13,6,-11,-39.3892173221,41.8877958644,-262.937503929,-2.28575802751,3.32364544023,-0.000133186427945
36656,-40.0,40.0,-263.27731514697575,13,6,-11,13,6,-11,-39.3891980531,41.8877854059,-262.937507811,-2.35758743268,3.32183021733,-0.000129304010954
36734,-40.0,40.0,-263.27731514697575,13,6,-11,13,6,-11,-39.3892807753,41.8878303046,-262.937491144,-2.35386365751,3.32187788779,-0.000145970697986
36844,-40.0,40.0,-263.27731514697575,13,6,-11,13,6,-11,-39.3890388472,41.8876989945,-262.937539888,-2.27981505573,3.32389794012,-9.72260809817e-05
36937,-40.0,40.0,-263.27731514697575,13,6,-11,13,6,-11,-39.3898928108,41.8881624959,-262.93736783,-2.3118144702,3.3225991834,-0.000269283944988
37047,-40.0,40.0,-263.27731514697575,13,6,-11,13,6,-11,-39.3888734922,41.8876092457,-262.937573203,-2.38212650778,3.32139075433,-6.39105429627e-05
37140,-40.0,40.0,-263.27731514697575,13,6,-11,13,6,-11,-39.3906826786,41.8885912082,-262.937208683,-2.38031732142,3.32040879181,-0.000428430923989
37234,-40.0,40.0,-263.27731514697575,13,6,-11,13,6,-11,-39.3888424275,41.8875923849,-262.937579462,-2.38215757246,3.32140761515,-5.76517009563e-05
37344,-40.0,40.0,-263.27731514697575,13,6,-11,13,6,-11,-39.3890467538,41.887703286,-262.937538295,-2.38195324617,3.32129671401,-9.88191429769e-05
37437,-40.0,40.0,-263.27731514697575,13,6,-11,13,6,-11,-39.3898513581,41.8881399968,-262.937376182,-2.38114864192,3.32086000316,-0.000260931730963
37547,-40.0,40.0,-263.27731514697575,13,6,-11,13,6,-11,-39.3893575679,41.8878719849,-262.937475672,-2.38164243206,3.32112801506,-0.000161443334946
37640,-40.0,40.0,-263.27731514697575,13,6,-11,13,6,-11,-39.3894579828,41.8879264866,-262.93745544,-2.38154201724,3.32107351343,-0.00018167375498
37734,-40.0,40.0,-263.27731514697575,13,6,-11,13,6,-11,-39.3893847202,41.8878867222,-262.937470201,-2.37036462298,3.3213993114,-0.000166913815974
37844,-40.0,40.0,-263.27731514697575,13,6,-11,13,6,-11,-39.3889839011,41.8876691717,-262.937550958,-2.2970659396,3.32349057808,-8.61556249561e-05
37937,-40.0,40.0,-263.27731514697575,13,6,-11,13,6,-11,-39.3900234266,41.8882333896,-262.937341513,-2.29377574139,3.32298358074,-0.00029560094697
38047,-40.0,40.0,-263.27731514697575,13,6,-11,13,6,-11,-39.3888554762,41.8875994672,-262.937576833,-2.37252071271,3.32164520594,-6.02807189694e-05
38140,-40.0,40.0,-263.27731514697575,13,6,-11,13,6,-11,-39.3906716804,41.8885852388,-262.937210899,-2.32841667618,3.32173454876,-0.00042621483999
38234,-40.0,40.0,-263.27731514697575,13,6,-11,13,6,-11,-39.388862508,41.8876032838,-262.937575417,-2.26873308196,3.32427987917,-6.16974689933e-05
38344,-40.0,40.0,-263.27731514697575,13,6,-11,13,6,-11,-39.3889653342,41.8876590943,-262.937554699,-2.33512201366,3.32253360026,-8.24148069682e-05
38437,-40.0,40.0,-263.27731514697575,13,6,-11,13,6,-11,-39.3897028425,41.8880593878,-262.937406105,-2.38129715748,3.32094061217,-0.000231008583
38562,-40.0,40.0,-263.27731514697575,13,6,-11,13,6,-11,-39.3898080428,41.8881164869,-262.93738491,-2.38119195716,3.32088351315,-0.000252204443996
38640,-40.0,40.0,-263.27731514697575,13,6,-11,13,6,-11,-39.3893039041,41.8878428581,-262.937486484,-2.38169609586,3.32115714187,-0.000150630954977
38750,-40.0,40.0,-263.27731514697575,13,6,-11,13,6,-11,-39.390102535,41.8882763268,-262.937325573,-2.38089746498,3.32072367322,-0.000311540815972
38844,-40.0,40.0,-263.27731514697575,13,6,-11,13,6,-11,-39.3889186445,41.8876337527,-262.937564106,-2.38208135551,3.32136624726,-7.3007802996e-05
38937,-40.0,40.0,-263.27731514697575,13,6,-11,13,6,-11,-39.390171312,41.8883136565,-262.937311716,-2.38082868797,3.32068634347,-0.000325397832967
39047,-40.0,40.0,-263.27731514697575,13,6,-11,13,6,-11,-39.3888444676,41.8875934921,-262.937579051,-2.3821555324,3.32140650787,-5.80627199724e-05
39140,-40.0,40.0,-263.27731514697575,13,6,-11,13,6,-11,-39.390587009,41.8885392822,-262.937227959,-2.34795882017,3.32128582387,-0.000409154660986
39234,-40.0,40.0,-263.27731514697575,13,6,-11,13,6,-11,-39.3888890817,41.8876177071,-262.937570062,-2.28529024291,3.32384383549,-6.70515049706e-05
39344,-40.0,40.0,-263.27731514697575,13,6,-11,13,6,-11,-39.3888937043,41.8876202161,-262.937569131,-2.31729507601,3.32302752677,-6.79828979742e-05
39437,-40.0,40.0,-263.27731514697575,13,6,-11,13,6,-11,-39.3902261006,41.8883433938,-262.937300677,-2.37852189418,3.32071386055,-0.000336437131011
39547,-40.0,40.0,-263.27731514697575,13,6,-11,13,6,-11,-39.388829988,41.8875856331,-262.937581969,-2.38217001199,3.32141436689,-5.51454019728e-05
39640,-40.0,40.0,-263.27731514697575,13,6,-11,13,6,-11,-39.3905763633,41.8885335041,-262.937230104,-2.35817195273,3.32103221672,-0.000407009652974
39734,-40.0,40.0,-263.27731514697575,13,6,-11,13,6,-11,-39.3888882202,41.8876172395,-262.937570236,-2.29009798112,3.32372209435,-6.68779279636e-05
39844,-40.0,40.0,-263.27731514697575,13,6,-11,13,6,-11,-39.3888709748,41.8876078793,-262.937573711,-2.31680186149,3.32305298078,-6.34033719962e-05
39937,-40.0,40.0,-263.27731514697575,13,6,-11,13,6,-11,-39.388833506,41.8875875426,-262.93758126,-2.38216649396,3.32141245742,-5.58542109843e-05
40031,0.0,40.0,-263.27731514697575,11,-4,-4,11,-4,-4,-8.3453754717,40.6726467468,-263.088404245,1.8183754717,3.85835325319,0.588965337578
40140,0.0,40.0,-263.27731514697575,11,-4,-4,11,-4,-4,-0.00127123268332,40.2619560897,-262.499549268,-5.09872876732,4.30504391033,0.000110361356008
40234,0.0,40.0,-263.27731514697575,11,-4,-4,11,-4,-4,0.000155607795325,40.2618830352,-262.499425398,-4.88930746992,4.45409228725,-1.35090759841e-05
40359,0.0,40.0,-263.27731514697575,11,-4,-4,11,-4,-4,0.000949597824395,40.2618423824,-262.499356465,-4.70556569533,4.55427653947,-8.24442969929e-05
40437,0.0,40.0,-263.27731514697575,11,-4,-4,11,-4,-4,0.000644557783641,40.2618580007,-262.499382948,-4.64988523387,4.55565694022,-5.59598020118e-05
40547,0.0,40.0,-263.27731514697575,11,-4,-4,11,-4,-4,0.00101831443372,40.2618388641,-262.499350499,-4.63101831443,4.55616113591,-8.84083050323e-05
40640,0.0,40.0,-263.27731514697575,11,-4,-4,11,-4,-4,0.000595859637523,40.2618604941,-262.499387176,-4.63059585964,4.5561395059,-5.1731867984e-05
40734,0.0,40.0,-263.27731514697575,11,-4,-4,11,-4,-4,0.00103826186241,40.2618378428,-262.499348767,-4.63103826186,4.55616215723,-9.01401539863e-05
40844,0.0,40.0,-263.27731514697575,11,-4,-4,11,-4,-4,0.000670805613826,40.2618566568,-262.499380669,-4.63067080561,4.55614334318,-5.8238613974e-05
40937,0.0,40.0,-263.27731514697575,11,-4,-4,11,-4,-4,0.000913849176034,40.2618442128,-262.499359568,-4.63091384918,4.5561557872,-7.93406280195e-05
41047,0.0,40.0,-263.27731514697575,11,-4,-4,11,-4,-4,0.000883318577687,40.261845776,-262.499362219,-4.63088331858,4.55615422401,-7.66899199789e-05
41140,0.0,40.0,-263.27731514697575,11,-4,-4,11,-4,-4,0.000664419172922,40.2618569838,-262.499381224,-4.63102047806,4.57750654932,-5.76841679845e-05
41234,0.0,40.0,-263.27731514697575,11,-4,-4,11,-4,-4,0.00100193479513,40.2618397027,-262.499351921,-4.63267618478,4.65661529657,-8.6986289034e-05
41344,0.0,40.0,-263.27731514697575,11,-4,-4,11,-4,-4,0.000510204771725,40.2618648797,-262.499394613,-4.63142614135,4.61109131498,-4.42954159894e-05
41437,0.0,40.0,-263.27731514697575,11,-4,-4,11,-4,-4,0.00127017342131,40.2618259687,-262.499328632,-4.63127017342,4.55617403132,-0.000110275016027
41547,0.0,40.0,-263.27731514697575,11,-4,-4,11,-4,-4,0.000539063608003,40.2618634021,-262.499392107,-4.63053906361,4.55613659791,-4.68009279757e-05
41640,0.0,40.0,-263.27731514697575,11,-4,-4,11,-4,-4,0.00130903017411,40.2618239792,-262.499325258,-4.63130903017,4.55617602083,-0.000113648578008
41734,0.0,40.0,-263.27731514697575,11,-4,-4,11,-4,-4,0.000527163152161,40.2618640114,-262.49939314,-4.63052716315,4.55613598859,-4.57677199961e-05
41844,0.0,40.0,-263.27731514697575,11,-4,-4,11,-4,-4,0.000915956089136,40.2618441049,-262.499359385,-4.63091595609,4.55615589509,-7.95235939677e-05
41937,0.0,40.0,-263.27731514697575,11,-4,-4,11,-4,-4,0.000785138793702,40.2618508029,-262.499370743,-4.63078513879,4.55614919714,-6.81660109763e-05
42047,0.0,40.0,-263.27731514697575,11,-4,-4,11,-4,-4,0.000559656972662,40.2618623477,-262.499390319,-4.63055965697,4.5561376523,-4.85888349999e-05
42140,0.0,40.0,-263.27731514697575,11,-4,-4,11,-4,-4,0.00123220307931,40.2618279128,-262.499331929,-4.63211070076,4.6088819478,-0.000106978393035
42234,0.0,40.0,-263.27731514697575,11,-4,-4,11,-4,-4,0.000447426194205,40.261868094,-262.499400063,-4.63244559043,4.67602176029,-3.88450749824e-05
42344,0.0,40.0,-263.27731514697575,11,-4,-4,11,-4,-4,0.00164565116986,40.2618067438,-262.499296032,-4.63205870801,4.58097666656,-0.000142874824007
42437,0.0,40.0,-263.27731514697575,11,-4,-4,11,-4,-4,0.000396289521204,40.2618707122,-262.499404503,-4.63039628952,4.55612928779,-3.44054849961e-05
42547,0.0,40.0,-263.27731514697575,11,-4,-4,11,-4,-4,0.00155778891278,40.2618112424,-262.49930366,-4.63155778891,4.55618875759,-0.000135246756031
42640,0.0,40.0,-263.27731514697575,11,-4,-4,11,-4,-4,0.000545838623351,40.2618630552,-262.499391519,-4.63054583862,4.5561369448,-4.73892059745e-05
42734,0.0,40.0,-263.27731514697575,11,-4,-4,11,-4,-4,0.00152634329227,40.2618128525,-262.499306391,-4.63190304176,4.57878905539,-0.000132516268991
42844,0.0,40.0,-263.27731514697575,11,-4,-4,11,-4,-4,0.000957604207026,40.2618419725,-262.499355769,-4.6326778808,4.65937462286,-8.31398550076e-05
42937,0.0,40.0,-263.27731514697575,11,-4,-4,11,-4,-4,0.000802384682623,40.2618499199,-262.499369246,-4.63280238468,4.67615008015,-6.96634019732e-05
43047,0.0,40.0,-263.27731514697575,11,-4,-4,11,-4,-4,0.00155824666253,40.2618112189,-262.49930362,-4.63355824666,4.67618878107,-0.000135286921022
43140,0.0,40.0,-263.27731514697575,11,-4,-4,11,-4,-4,0.000412282743019,40.2618698933,-262.499403114,-4.63241228274,4.67613010665,-3.57940140248e-05
43234,0.0,40.0,-263.27731514697575,11,-4,-4,11,-4,-4,0.00169605670493,40.261804163,-262.499291656,-4.6336960567,4.67619583702,-0.000147251296994
43344,0.0,40.0,-263.27731514697575,11,-4,-4,11,-4,-4,0.000322744404775,40.2618744778,-262.499410888,-4.6323227444,4.67612552223,-2.80204309888e-05
43437,0.0,40.0,-263.27731514697575,11,-4,-4,11,-4,-4,0.00223298067556,40.2617766718,-262.499245038,-4.63306971975,4.60642767295,-0.000193869350028
43547,0.0,40.0,-263.27731514697575,11,-4,-4,11,-4,-4,0.000448808007635,40.2618680232,-262.499399943,-4.63044880801,4.55613197676,-3.89650530224e-05
43640,0.0,40.0,-263.27731514697575,11,-4,-4,11,-4,-4,0.000414297796971,40.2618697902,-262.499402939,-4.6304142978,4.55613020983,-3.59689939842e-05
43765,0.0,40.0,-263.27731514697575,11,-4,-4,11,-4,-4,0.00052539435367,40.261864102,-262.499393294,-4.63052539435,4.55613589804,-4.56142070107e-05
43844,0.0,40.0,-263.27731514697575,11,-4,-4,11,-4,-4,0.00104118540324,40.261837693,-262.499348513,-4.6310411854,4.55616230697,-9.03943509911e-05
43937,0.0,40.0,-263.27731514697575,11,-4,-4,11,-4,-4,0.000748902027314,40.2618526582,-262.499373889,-4.63074890203,4.55614734181,-6.50191560112e-05
44047,0.0,40.0,-263.27731514697575,11,-4,-4,11,-4,-4,0.00173344980724,40.2618022483,-262.499288408,-4.63253129861,4.60406867986,-0.000150498583025
44140,0.0,40.0,-263.27731514697575,11,-4,-4,11,-4,-4,0.000370020086064,40.2618720572,-262.499406783,-4.63228850329,4.67123693499,-3.21248530213e-05
44234,0.0,40.0,-263.27731514697575,11,-4,-4,11,-4,-4,0.00115848080715,40.2618316874,-262.499338329,-4.63315848081,4.67616831259,-0.000100577956005
44344,0.0,40.0,-263.27731514697575,11,-4,-4,11,-4,-4,0.0010975806781,40.2618348056,-262.499343616,-4.6326879986,4.65159026984,-9.52905839995e-05
44437,0.0,40.0,-263.27731514697575,11,-4,-4,11,-4,-4,0.000687606338601,40.2618557966,-262.49937921,-4.63113681902,4.58309696433,-5.96975060034e-05
44547,0.0,40.0,-263.27731514697575,11,-4,-4,11,-4,-4,0.00183676771604,40.2617969583,-262.499279438,-4.63285052234,4.61702831885,-0.000159468915001
44640,0.0,40.0,-263.27731514697575,11,-4,-4,11,-4,-4,0.000336932644753,40.2618737513,-262.499409656,-4.632061245,4.65958498978,-2.92522569794e-05
44734,0.0,40.0,-263.27731514697575,11,-4,-4,11,-4,-4,0.00106462754678,40.2618364928,-262.499346477,-4.63158914205,4.58763437717,-9.2429523022e-05
44844,0.0,40.0,-263.27731514697575,11,-4,-4,11,-4,-4,0.00116382584483,40.2618314138,-262.499337865,-4.58136944341,4.60851652675,-0.000101041992991
44937,0.0,40.0,-263.27731514697575,11,-4,-4,11,-4,-4,0.00404022327207,40.262080553,-262.49976027,-4.51704022327,4.67891944703,0.000321362536965
45031,40.0,40.0,-263.27731514697575,13,-11,6,13,-11,6,30.9836922436,41.6105300389,-263.341400994,4.48730775642,1.92246996114,0.403763880153
45140,40.0,40.0,-263.27731514697575,13,-11,6,13,-11,6,39.3868568451,41.8873853404,-262.937746517,-3.67685684515,1.65161465964,0.000109403135014
45234,40.0,40.0,-263.27731514697575,13,-11,6,13,-11,6,39.3888850659,41.8874470849,-262.937615945,-3.67888506589,1.65155291509,-2.11685959925e-05
45344,40.0,40.0,-263.27731514697575,13,-11,6,13,-11,6,39.3897662728,41.88747391,-262.937559207,-3.68033064292,1.68538829552,-7.790651199e-05
45437,40.0,40.0,-263.27731514697575,13,-11,6,13,-11,6,39.3892008404,41.8874566975,-262.937595614,-3.68090596991,1.75385107503,-4.14999659597e-05
45547,40.0,40.0,-263.27731514697575,13,-11,6,13,-11,6,39.389244139,41.8874580156,-262.937592826,-3.68124413901,1.77154198439,-4.42888149905e-05
45640,40.0,40.0,-263.27731514697575,13,-11,6,13,-11,6,39.3896686453,41.8874709381,-262.937565493,-3.65735156694,1.74810892494,-7.16206880043e-05
45734,40.0,40.0,-263.27731514697575,13,-11,6,13,-11,6,39.3891159333,41.8874541129,-262.937601081,-3.51721827892,1.61369363806,-3.60330739682e-05
45844,40.0,40.0,-263.27731514697575,13,-11,6,13,-11,6,39.3902167555,41.8874876231,-262.937530201,-3.39766345033,1.53753472914,-0.000106912697959
45937,40.0,40.0,-263.27731514697575,13,-11,6,13,-11,6,39.3889286351,41.8874484112,-262.93761314,-3.32909441818,1.53927009844,-2.39737869947e-05
46047,40.0,40.0,-263.27731514697575,13,-11,6,13,-11,6,39.3903346516,41.887491212,-262.93752261,-3.31933465161,1.53950878801,-0.000114503742964
46140,40.0,40.0,-263.27731514697575,13,-11,6,13,-11,6,39.3889773939,41.8874498955,-262.937610001,-3.31797739391,1.53955010448,-2.71131239629e-05
46234,40.0,40.0,-263.27731514697575,13,-11,6,13,-11,6,39.3903456367,41.8874915463,-262.937521902,-3.31934563666,1.5395084537,-0.000115211634011
46344,40.0,40.0,-263.27731514697575,13,-11,6,13,-11,6,39.3892798909,41.887459104,-262.937590524,-3.31931006201,1.60135116096,-4.65906149998e-05
46437,40.0,40.0,-263.27731514697575,13,-11,6,13,-11,6,39.3896059477,41.8874690295,-262.93756953,-3.32042470005,1.6486561092,-6.75839579571e-05
46562,40.0,40.0,-263.27731514697575,13,-11,6,13,-11,6,39.3903319401,41.8874911294,-262.937522784,-3.31955143442,1.55267852892,-0.000114329565974
46640,40.0,40.0,-263.27731514697575,13,-11,6,13,-11,6,39.3889772014,41.8874498897,-262.937610013,-3.31797720137,1.53955011034,-2.71007870083e-05
46734,40.0,40.0,-263.27731514697575,13,-11,6,13,-11,6,39.3902018809,41.8874871702,-262.937531158,-3.31920188092,1.53951282981,-0.000105955696995
46844,40.0,40.0,-263.27731514697575,13,-11,6,13,-11,6,39.3888561792,41.8874462056,-262.937617805,-3.31785617917,1.53955379444,-1.93087389562e-05
46937,40.0,40.0,-263.27731514697575,13,-11,6,13,-11,6,39.3893955928,41.8874626261,-262.937583075,-3.31839559283,1.53953737394,-5.40404329854e-05
47047,40.0,40.0,-263.27731514697575,13,-11,6,13,-11,6,39.389975051,41.8874802654,-262.937545765,-3.31897505098,1.53951973456,-9.13492739869e-05
47140,40.0,40.0,-263.27731514697575,13,-11,6,13,-11,6,39.3889364035,41.8874486477,-262.93761264,-3.3187614815,1.58905603458,-2.44739529762e-05
47234,40.0,40.0,-263.27731514697575,13,-11,6,13,-11,6,39.390309358,41.8874904419,-262.937524238,-3.32128758059,1.65820291188,-0.000112876061962
47344,40.0,40.0,-263.27731514697575,13,-11,6,13,-11,6,39.3888679668,41.8874465644,-262.937617046,-3.31986796681,1.65955343561,-2.00676830104e-05
47437,40.0,40.0,-263.27731514697575,13,-11,6,13,-11,6,39.3892805554,41.8874591242,-262.937590482,-3.31956527732,1.6166241898,-4.66334459475e-05
47547,40.0,40.0,-263.27731514697575,13,-11,6,13,-11,6,39.3900606876,41.8874828723,-262.937540251,-3.31906068757,1.53951712773,-9.68634830087e-05
47640,40.0,40.0,-263.27731514697575,13,-11,6,13,-11,6,39.3889308791,41.8874484795,-262.937612996,-3.31793087911,1.53955152046,-2.41182700051e-05
47734,40.0,40.0,-263.27731514697575,13,-11,6,13,-11,6,39.3904094291,41.8874934882,-262.937517795,-3.31940942908,1.53950651185,-0.000119319449993
47844,40.0,40.0,-263.27731514697575,13,-11,6,13,-11,6,39.3888887888,41.8874471982,-262.937615706,-3.31788878879,1.53955280175,-2.14083009951e-05
47937,40.0,40.0,-263.27731514697575,13,-11,6,13,-11,6,39.3892105952,41.8874569945,-262.937594986,-3.31821059525,1.53954300548,-4.21289089445e-05
48047,40.0,40.0,-263.27731514697575,13,-11,6,13,-11,6,39.3901439504,41.8874854068,-262.937534889,-3.31914395042,1.53951459315,-0.000102224839964
48140,40.0,40.0,-263.27731514697575,13,-11,6,13,-11,6,39.388923824,41.8874482648,-262.93761345,-3.31792382403,1.53955173523,-2.36640299818e-05
48234,40.0,40.0,-263.27731514697575,13,-11,6,13,-11,6,39.3905179568,41.8874967918,-262.937510807,-3.31951795677,1.53950320816,-0.00012630743197
48344,40.0,40.0,-263.27731514697575,13,-11,6,13,-11,6,39.3889018572,41.8874475961,-262.937614864,-3.31790185718,1.53955240393,-2.22497049549e-05
48437,40.0,40.0,-263.27731514697575,13,-11,6,13,-11,6,39.3891717737,41.8874558127,-262.937597486,-3.31936959445,1.61141343452,-3.96283689952e-05
48547,40.0,40.0,-263.27731514697575,13,-11,6,13,-11,6,39.3902244241,41.8874878565,-262.937529707,-3.32058131642,1.62092567963,-0.000107406587972
48640,40.0,40.0,-263.27731514697575,13,-11,6,13,-11,6,39.3889163784,41.8874480381,-262.937613929,-3.31817108567,1.55483439878,-2.31846439647e-05
48734,40.0,40.0,-263.27731514697575,13,-11,6,13,-11,6,39.3906228675,41.8874999854,-262.937504051,-3.31962286752,1.53950001458,-0.000133062526004
48844,40.0,40.0,-263.27731514697575,13,-11,6,13,-11,6,39.388915438,41.8874480095,-262.93761399,-3.31791543796,1.53955199051,-2.31241010056e-05
48937,40.0,40.0,-263.27731514697575,13,-11,6,13,-11,6,39.3891350109,41.8874546936,-262.937599853,-3.31813501093,1.53954530638,-3.72613919808e-05
49047,40.0,40.0,-263.27731514697575,13,-11,6,13,-11,6,39.390304161,41.8874902838,-262.937524573,-3.319304161,1.53950971623,-0.000112540894008
49140,40.0,40.0,-263.27731514697575,13,-11,6,13,-11,6,39.3889086028,41.8874478014,-262.93761443,-3.31790860278,1.53955219858,-2.26840139703e-05
49234,40.0,40.0,-263.27731514697575,13,-11,6,13,-11,6,39.3907271265,41.8875031592,-262.937497338,-3.31972712653,1.53949684084,-0.00013977566897
49344,40.0,40.0,-263.27731514697575,13,-11,6,13,-11,6,39.3889275642,41.8874483786,-262.937613209,-3.31792756418,1.53955162137,-2.39048459889e-05
49437,40.0,40.0,-263.27731514697575,13,-11,6,13,-11,6,39.3890990874,41.8874536001,-262.937602166,-3.3180990874,1.53954639995,-3.49484449771e-05
49547,40.0,40.0,-263.27731514697575,13,-11,6,13,-11,6,39.3903818345,41.8874926482,-262.937519572,-3.3204345809,1.60267213793,-0.000117542332987
49640,40.0,40.0,-263.27731514697575,13,-11,6,13,-11,6,39.3889009006,41.8874475669,-262.937614926,-3.3199009006,1.65955243305,-2.2188110961e-05
49750,40.0,40.0,-263.27731514697575,13,-11,6,13,-11,6,39.3905946912,41.8874991278,-262.937505866,-3.32159469124,1.65950087223,-0.000131247927982
49844,40.0,40.0,-263.27731514697575,13,-11,6,13,-11,6,39.3889393821,41.8874487384,-262.937612448,-3.31908984651,1.60857912826,-2.46657380103e-05
49937,40.0,40.0,-263.27731514697575,13,-11,6,13,-11,6,39.377230622,41.8750185519,-262.939582531,-3.306230622,1.55198144812,0.00194541690104
50031,0.0,0.0,-263.27731514697575,0,0,0,0,0,0,8.37210255328,8.82862463882,-264.237113744,-7.03510255328,-5.94962463882,0.959798597112
