time,target_x,target_y,target_z,theta1_cmd,theta2_cmd,theta3_cmd,theta1_meas,theta2_meas,theta3_meas,sim_x,sim_y,sim_z,error_x,error_y,error_z
0,0.0,4.673020107703806,-212.0,33.309286100416756,35.13477934992622,35.13477934992622,6.795671498075017,5.86542090133548,6.444648557196554,1.4210854715202004e-14,4.673020107703889,-212.0,-1.5616321397533695,-6.6685622414201315,-48.59315502854179
20,0.5234924505375146,5.432636470125411,-212.00487338384724,33.09505056154855,35.33494790015594,35.10193601027535,12.341774553346129,10.718211337630006,11.71972507389182,0.5234924505374982,5.432636470125439,-212.00487338384724,-3.1164863968807435,-8.795425273699102,-38.088999937040626
40,1.0463471061618796,6.165785573751274,-212.0194875979214,32.878487797176646,35.52197871788291,35.05686685926014,16.86279770304607,14.738099349790584,16.0338969498229,1.0463471061619276,6.165785573751307,-212.01948759792143,-4.293385324792826,-10.452849152467364,-29.92514496075725
60,1.5679269490148018,6.868895589844419,-212.04382483705382,32.66086789928558,35.695525757609175,34.99949783546979,20.54303530051286,18.07239119478614,19.558262115970738,1.5679269490147862,6.868895589844402,-212.0438248370538,-5.194941529990285,-11.761854613823143,-23.554009642559976
80,2.0875965144009814,7.538541037082812,-212.07785545006743,32.443457897517916,35.855303640241914,34.92980603512959,23.53382195330979,20.84181841709771,22.433120322019366,2.0875965144009525,7.538541037082709,-212.07785545006743,-5.891514368390381,-12.805081176301982,-18.554706079660832
100,2.6047226650039548,8.171459470160034,-212.12153797590233,32.22751009506096,36.00108430060239,34.84781664340655,25.959462681008425,23.14533185387158,24.773525035359274,2.604722665003981,8.17145947016007,-212.12153797590233,-6.4324931605041655,-13.64063650484113,-14.608543854048293
120,3.11867536226639,8.76456737409087,-212.17481919412955,32.01425034259953,36.13269311502029,34.75359946831328,27.92209355188104,25.064032031831278,26.67383537054805,3.118675362266396,8.76456737409087,-212.17481919412958,-6.8534264603871105,-14.310630190986757,-11.47513292910773
140,3.628828433995016,9.314975186786365,-212.23763418979203,31.80486643708756,36.25000463446789,34.64726518356325,29.5056653346781,26.664391334124367,28.211447991885457,3.6288284339950576,9.314975186786404,-212.23763418979203,-7.180527982298301,-14.846460695116381,-8.972761398337724
160,4.134560337254987,9.820001376709868,-212.30990643249345,31.600496828128644,36.35293805195268,34.528961388969705,30.77920807803515,28.000895370365914,29.449856561632203,4.13456033725494,9.820001376709838,-212.30990643249348,-7.433560068672863,-15.272143166643588,-6.963353247615373
180,4.635254915624211,10.277185507029127,-212.39154786963877,31.40221980678631,36.44145253275085,34.39886859649814,31.79950613724159,29.11820806828754,30.441159762809747,4.6352549156241185,10.277185507029156,-212.3915478696388,-7.62771397992655,-15.60645226667573,-5.341282051210271
200,5.130302149885031,10.684300222617217,-212.48245903371273,31.21104334017517,36.515542532738,34.257196247001055,32.61328988393362,30.052946214622324,31.228117159217565,5.130302149885112,10.684300222617253,-212.48245903371276,-7.774863359100262,-15.864339832377365,-4.025154803977529
220,5.61909890123868,11.03936210150282,-212.5825291634657,31.027895700806447,36.57523322384895,34.1041788571861,33.25903123866629,30.835133763298284,31.845834305950998,5.619098901238715,11.03936210150282,-212.5825291634657,-7.884419596128195,-16.057900615462415,-2.951794867357222
240,6.101049646137002,11.340641317902696,-212.69163633885918,30.853617022977165,36.62057613692911,33.94007238873309,33.76841450491877,31.489393591597175,32.32314388585806,6.101049646136924,11.340641317902675,-212.69163633885924,-7.963929420986752,-16.197049746809245,-2.071824679420871
260,6.5755672018361615,11.58667006975903,-212.80964762960667,30.688951900110713,36.65164512130939,33.765150921955396,34.167541137429495,32.0359240202876,32.68373764262658,6.575567201836161,11.586670069759068,-212.80964762960667,-8.019502079525536,-16.29001129350772,-1.3464048717578692
280,7.042073441788362,11.776249729723501,-212.9364192571286,30.534543117437913,36.66853270775369,33.579703705297966,34.47791654080607,32.49129891244764,32.94709403530135,7.042073441788328,11.776249729723503,-212.93641925712856,-8.05612140491671,-16.343679366083627,-0.7448093676986502
300,7.499999999999999,11.908456684749243,-213.0717967697245,30.390926594253344,36.67134694739381,33.38403263958312,34.717258350426576,32.869123192105604,33.129238463170275,7.499999999999943,11.908456684749273,-213.07179676972447,-8.077878454522944,-16.363890658668222,-0.2426071954250517
320,7.948788963498074,11.982646835840766,-213.2156152307486,30.258527589624194,36.66020878427427,33.17845024257271,34.90015855596377,33.18056990278849,33.2433662853509,7.948788963498077,11.982646835840738,-213.21561523074863,-8.088148150310856,-16.35563367126676,0.17971259371532255
340,8.387893552061204,11.99845873603952,-213.36769941955967,30.137658205211846,36.63525000354803,32.96327812542036,35.038626009043185,33.43482023201122,33.30035342471011,8.387893552061202,11.998458736039574,-213.36769941955967,-8.089725618835383,-16.323211479155923,0.5377898725758996
360,8.816778784387097,11.955815351357145,-213.52786404500043,30.028516199068253,36.5966117815353,32.73884599824259,35.14253108155006,33.63942407576509,33.30917488671464,8.81677878438712,11.955815351357227,-213.52786404500043,-8.084932945039235,-16.270369644369286,0.8442002727148008
380,9.234922129884872,11.854924436077315,-213.6959139711462,29.931185105089533,36.54444384809209,32.505491207643736,35.21997032215114,33.80059555560707,33.27724786480966,9.234922129884827,11.854924436077287,-213.69591397114627,-8.07570379552968,-16.200397467677856,1.1090806591127773
400,9.641814145298088,11.696277520597754,-213.87164445504817,29.845635634402054,36.4789042563129,32.26355879485925,35.27756574174659,33.923455305781665,33.21071310099069,9.641814145298062,11.696277520597747,-213.87164445504823,-8.063651200364278,-16.116208530401686,1.3406175200737778
420,10.036959095382873,11.480647516743543,-214.05484139618085,29.771728317432988,36.40015973976751,32.013402049518376,35.32071071759574,34.0122292170997,33.11466570537036,10.036959095382924,11.480647516743527,-214.05484139618093,-8.050122317735466,-16.020404944441285,1.545430819197776
440,10.419875556884959,11.209084952218415,-214.24528159729078,29.709217328868228,36.308386623471165,31.755383521120347,35.35377233728543,34.07041157459898,32.99334461502873,10.419875556884893,11.209084952218438,-214.24528159729084,-8.03624299901233,-15.91532865843338,1.728877453957125
460,10.790097005079765,10.882912852539356,-214.442733036328,29.65775542221398,36.20377224181574,31.48987643841487,35.3802582226911,34.100899088923505,32.85028821101269,10.790097005079836,10.882912852539402,-214.4427330363281,-8.022954267209455,-15.803102400569678,1.895292399248234
480,11.147172382160912,10.503720295389297,-214.64695514912913,29.61689988634881,36.08651680493524,31.21726647621143,35.40295441106657,34.106101140830894,32.68846224806216,11.147172382160964,10.503720295389195,-214.64695514912927,-8.011042320385823,-15.685662276141837,2.048181197493591
500,11.49066664678467,10.073354668790376,-214.85769912250768,29.58611942339521,35.95683564461052,30.937953799913874,35.42403966837736,34.08803058833893,32.5103651312631,11.490666646784613,10.073354668790373,-214.85769912250785,-8.001163307832698,-15.564783617501286,2.1903742119952767
520,11.82016130410083,9.593912670815177,-215.07470819739473,29.56480183559359,35.81496176198994,30.65235531048666,35.44518062223864,34.04837868911745,32.31811465375089,11.820161304100948,9.593912670815321,-215.07470819739493,-7.993863858476164,-15.442101364642548,2.3241506542054253
540,12.135254915624213,9.0677300946845,-215.2977179816602,29.552262398792276,35.66114859225512,30.36090700676208,35.46761129004952,33.98857703598332,32.113519554080845,12.135254915624254,9.067730094684524,-215.29771798166044,-7.989598139246732,-15.319126008330617,2.451338594924266
560,12.435563588325627,8.49737044901756,-215.526456772234,29.547752791862525,35.4956728960132,30.064066378129198,35.492199910770125,33.90984886550085,31.89813863167013,12.43556358832564,8.497370449017478,-215.52645677223427,-7.988742067133552,-15.19725593541748,2.5733958095130163
580,12.72072144234639,7.885612468675695,-215.76064588613437,29.55047044500425,35.31883768374617,29.762314738799827,35.51950544058702,33.813251658027646,31.67332964980833,12.720721442346436,7.885612468675672,-215.76064588613465,-7.991605179101873,-15.077786864239014,2.6914752710838457
600,12.990381056766578,7.235436577045441,-216.0,29.55956816572896,35.13097507817672,29.45615941507814,35.54982562243712,33.69971258511882,31.440289838471283,12.99038105676654,7.235436577045435,-216.0000000000004,-7.998440570043759,-14.96191893699772,2.806478309622719
620,13.244213892883904,6.550010365715357,-216.24422749771287,29.574163899470626,34.932449019952465,29.146135699374685,35.58323816980377,33.570058063110196,31.20008946743324,13.244213892883899,6.550010365715338,-216.2442274977134,-8.00945323404407,-14.850761938667041,2.919097838685957
640,13.481910694487505,5.832673162288248,-216.49303082568738,29.59335048243677,34.723657724626584,28.83280848906166,35.619636302282416,33.42503842855002,30.95369968072986,13.481910694487567,5.832673162288358,-216.49303082568807,-8.024807083990332,-14.745339032863928,3.0298535706849634
660,13.703181864639014,5.0869197615127275,-216.7461068553936,29.616205247568,34.50503580348608,28.51677353456612,35.65875962260873,33.26534855258804,30.702015555514738,13.703181864638974,5.086919761512558,-216.7461068553945,-8.044630875650167,-14.646589340329506,3.139120764461012
680,13.90775781850181,4.316383398994502,-217.0031472526727,29.64179935036051,34.277055967283886,28.198658229197793,35.700221122702416,33.0916450497832,30.445875162841933,13.907757818501958,4.316383398994516,-217.00314725267376,-8.06902322235753,-14.55536963205338,3.2471537508249355
700,14.095389311788624,3.524818050437724,-217.26383885339465,29.66920668978306,34.040230240240696,27.879121882907228,35.743530942052004,32.90456060573574,30.18607525753351,14.095389311788738,3.5248180504377973,-217.26383885339595,-8.098056853596603,-14.472455364326937,3.3541052449701283
720,14.265847744427303,2.716080142652679,-217.52786404500043,29.697512310452275,33.795110621645755,27.55885543323069,35.78811736906736,32.70471584227836,29.923384102975795,14.26584774442742,2.7160801426526913,-217.5278640450021,-8.131782243660437,-14.398541245334108,3.460042265527335
740,14.418925439074783,1.894109765432051,-217.794901153464,29.725820185414552,33.542289143780906,27.238580558815457,35.83334546958827,32.49272905436255,29.65855183939331,14.41892543907483,1.8941097654320713,-217.79490115346613,-8.17023071412303,-14.334241490840183,3.564959328103953
760,14.554435894139948,1.0629114758294915,-218.06462483520266,29.753260294005223,33.2823972874814,26.919048173826152,35.87853364217991,32.26922408567145,29.392318726690664,14.554435894140031,1.0629114758294813,-218.0646248352054,-8.213417095274686,-14.280089899101789,3.6687894584293588
780,14.672214011007084,0.22653478836017335,-218.33670647345792,29.778994925956244,33.01610473014083,26.601036294883137,35.92296833351648,32.034836557394726,29.125421531839212,14.672214011007371,0.22653478836022398,-218.3367064734614,-8.261342016246862,-14.236539851454594,3.771413470503944
800,14.772116295183121,-0.6109455538268382,-218.61081457866456,29.802224160754726,32.74411741505365,26.285347285635655,35.96591709597363,31.790218624007966,28.858598283092984,14.772116295183462,-0.6109455538268809,-218.61081457866902,-8.313993880790708,-14.203964324516758,3.872667873598999
820,14.854021031123553,-1.4454494306876327,-218.88661519231948,29.822190489747108,32.46717494534634,25.972804497306385,36.006640130912395,31.53604239919797,28.59259157659264,14.85402103112397,-1.4454494306876988,-218.88661519232517,-8.37135057511551,-14.182655982151989,3.9723517048007864
840,14.9178284305241,-2.272911223218196,-219.16377229385878,29.83818256713269,32.186047320028806,25.664248336234085,36.04440043281094,31.273002172471156,28.328150593084573,14.917828430524514,-2.2729112232182223,-219.1637722938661,-8.433380945499387,-14.17282739991565,4.070232528091509
860,14.963460753897364,-3.0892996207414667,-219.441948210047,29.849538094301405,31.901531043584328,25.360531801313932,36.07847262947016,31.00181552094732,28.066031961797584,14.963460753898012,-3.089299620741536,-219.4419482100564,-8.500046076274195,-14.174611461436818,4.1660517944142725
880,14.990862405286437,-3.890637261047803,-219.72080402638,29.855645859465337,31.614444653678383,25.062515545029925,36.10815060032598,30.72322341006172,27.80699959350024,14.99086240528717,-3.8906372610480373,-219.72080402639205,-8.571300392997166,-14.188061954897066,4.259529717988812
900,15.0,-4.673020107703803,-220.0,29.8559469707816,31.325623723719424,24.77106252128936,36.13275394700799,30.437989370247525,27.551823594159277,15.000000000001046,-4.673020107704275,-220.00000000001546,-8.647092610969343,-14.213154388342545,4.350369790956876
920,14.990862405286437,-5.432636470125406,-220.27919597362,29.849935335789795,31.035915407889618,24.487032291346917,36.1516333864454,30.14689783317674,27.301278363378277,14.990862405287777,-5.432636470125949,-220.27919597363984,-8.727366545551476,-14.249787034887841,4.438263030175847
940,14.963460753897364,-6.165785573751274,-220.558051789953,29.837157452687876,30.746172605656774,24.21127506562683,36.16417513595998,29.850751709963845,27.056139977032004,14.963460753898984,-6.16578557375188,-220.55805178997838,-8.812061797838878,-14.297782212869812,4.5228920258572884
960,14.917828430524102,-6.868895589844415,-220.83622770614122,29.817211589521847,30.4572478305142,23.944625564164017,36.16980436098001,29.550369294166725,26.817182950489165,14.917828430526193,-6.868895589845382,-220.83622770617362,-8.901114327019108,-14.356887801554278,4.603934841153034
980,14.854021031123555,-7.53854103708281,-221.11338480768052,29.78974643562537,30.169986873647325,23.68789678166269,36.16798775847572,29.246580573844255,26.58517647692767,14.854021031126324,-7.538541037084185,-221.11338480772176,-8.99445691906001,-14.42677898998335,4.681068794277223
1000,14.772116295183121,-8.171459470160032,-221.38918542133544,29.754459315548253,29.885222357317105,23.441873744842752,36.158235352303045,28.940223038834805,26.360880233998337,14.772116295186564,-8.171459470161993,-221.38918542138774,-9.092019560145463,-14.507060254807362,4.753974139982233
1020,14.672214011007085,-8.764567374090863,-221.66329352654208,29.711094059268188,29.60376727495875,23.207307349866475,36.140101579813596,28.63213707138036,26.14503985109151,14.672214011011464,-8.76456737409348,-221.6632935266082,-9.193729722388113,-14.597267562307065,4.82233765491506
1040,14.554435894139948,-9.314975186786365,-221.93537516479734,29.65943862376327,29.326408615334717,22.984908366298995,36.11318575192113,28.323161009889745,25.938382128398406,14.55443589414536,-9.314975186789868,-221.9353751648805,-9.299512568719464,-14.696870790050864,4.885856121361229
1060,14.418925439074783,-9.820001376709868,-222.205098846536,29.599322560156015,29.053901166611702,22.775341691359433,36.077131970981824,28.014125976739145,25.741610097602226,14.418925439081487,-9.820001376714384,-222.20509884664014,-9.409291083427956,-14.805276364543342,4.944239695957208
1080,14.265847744427305,-10.277185507029131,-222.47213595499957,29.530614417794528,28.786961593048257,22.579220934290937,36.03162859211142,27.70585056134112,25.555398012214326,14.26584774443555,-10.277185507035068,-222.4721359551293,-9.522986134479059,-14.921830112540398,4.997215143952218
1100,14.095389311788626,-10.68430022261722,-222.73616114660535,29.453219172004175,28.52626287220037,22.397103405640557,35.97640731376718,27.399135449126803,25.380386353171453,14.095389311798717,-10.684300222624934,-222.73616114676608,-9.640516473503347,-15.04582032520771,5.044528915364339
1120,13.90775781850181,-11.039362101502821,-222.9968527473273,29.36707575604794,28.27242917432756,22.22948558023039,35.91124198247609,27.094758085484624,25.2171769322611,13.907757818501867,-11.039362101502803,-222.99685274732758,-9.761798679068752,-15.17648103574836,5.0859500365418455
1140,13.703181864639015,-11.340641317902694,-223.2538931446064,29.272154770281947,28.02603125816648,22.076799095740935,35.83594719445605,26.79346746103353,25.06632817220687,13.70318186463908,-11.340641317902643,-223.25389314460662,-9.886747048682594,-15.312995512223386,5.121272790764721
1160,13.481910694487503,-11.586670069759032,-223.50696917431262,29.168456432825124,27.787582448616256,21.939407341248653,35.75037677356718,26.49597910087129,24.928350637818507,13.481910694487544,-11.586670069759046,-223.5069691743128,-10.01527344442846,-15.454499968192687,5.150319157661528
1180,13.244213892883906,-11.776249729723501,-223.75577250228713,29.05600882647749,27.557535252319095,21.817602681869147,35.65442220059166,26.202970335653188,24.80370288750691,13.244213892883943,-11.776249729723448,-223.7557725022873,-10.147287097191981,-15.600087493594438,5.172940988601994
1200,12.99038105676658,-11.908456684749241,-224.0,28.934866486337413,27.33627865681638,21.711604356973965,35.548011063350444,25.915075926578137,24.69278770871554,12.990381056766726,-11.908456684749185,-224.00000000000014,-10.282694373675376,-15.748812207977066,5.189021891093915
1220,12.720721442346392,-11.982646835840766,-224.23935411386563,28.805109361770704,27.124136148090585,21.62155708036924,35.43110559072084,25.632884109664857,24.595948794471468,12.720721442346418,-11.982646835840779,-224.23935411386572,-10.42139851021108,-15.899693636657812,5.198478801454172
1240,12.435563588325627,-11.99845873603952,-224.473543227766,28.666842175258317,26.921364470054108,21.547530361448842,35.30370132633185,25.35693311718674,24.513467911366114,12.435563588325568,-11.998458736039524,-224.47354322776607,-10.563299316917703,-16.051721308296532,5.201263227092596
1260,12.135254915624213,-11.955815351357145,-224.7022820183398,28.52019418936313,26.72815313809118,21.489518556757858,35.1658259897087,25.087708225910855,24.445562601899578,12.135254915624248,-11.955815351357169,-224.70228201833984,-10.708292855362927,-16.20385956949319,5.197362143526249
1280,11.82016130410083,-11.854924436077315,-224.92529180260527,28.365319381767755,26.54462470727626,21.447441651713632,35.017538564041686,24.825639372977005,24.392384456330316,11.820161304100818,-11.854924436077347,-224.92529180260536,-10.856271092589711,-16.355052608489878,5.186798535128048
1300,11.49066664678467,-11.696277520597754,-225.14230087749232,28.20239701720428,26.37083578454643,21.421146762533333,34.858928640702594,24.571099370986666,24.35401798103647,11.490666646784677,-11.696277520597906,-225.14230087749237,-11.007121534139099,-16.504229675988217,5.169631572655703
1320,11.147172382160914,-11.480647516743542,-225.35304485087087,28.03163259426535,26.206778763056743,21.410410338795216,34.69011604126097,24.324402744285162,24.330480081992782,11.147172382161042,-11.480647516743355,-225.35304485087093,-11.16072683860378,-16.650310486405232,5.145956426570677
1340,10.79009700507977,-11.209084952218415,-225.55726696367196,27.853259134711614,26.05238424635452,21.414941037633337,34.511250728200615,24.08580519865289,24.32172017337978,10.790097005079755,-11.209084952218355,-225.557266963672,-11.316964416306835,-16.792210779810024,5.115903706552558
1360,10.419875556884957,-10.882912852539352,-225.75471840270922,27.66753877311315,25.907524120017623,21.434383231427645,34.32251300594551,23.855503726813595,24.327620912656254,10.419875556884945,-10.882912852539253,-225.75471840270922,-11.475706014951632,-16.92884801527347,5.079638559482561
1380,10.036959095382874,-10.503720295389298,-225.94515860381915,27.47476459564602,25.772015219149687,21.46832110213295,34.1241140043172,23.63363734246054,24.347999554734283,10.036959095382816,-10.503720295389359,-225.94515860381915,-11.636817295438604,-17.059147169665472,5.03735939995255
1400,9.641814145298092,-10.073354668790376,-226.12835554495183,27.275262668747892,25.645623531753845,21.516283267204905,33.916296427305014,23.42028842603427,24.382609909296026,9.64181414529808,-10.073354668790397,-226.12835554495183,-11.80015740171853,-17.182046603867004,4.989296312859409
1420,9.234922129884875,-9.593912670815179,-226.3040860288538,27.069394191289348,25.52806887062507,21.577747874567635,33.699335541186166,23.21548465639454,24.43114487688706,9.23492212988482,-9.593912670815127,-226.3040860288538,-11.965578529240391,-17.296503959239345,4.9357091349545215
1440,8.816778784387099,-9.067730094684498,-226.47213595499957,26.857557698075844,25.419029940134916,21.65214809735162,33.47354036772867,23.0192014939461,24.49323953132087,8.816778784387047,-9.067730094684466,-226.47213595499957,-12.132925497467602,-17.40150204257413,4.876885237984595
1460,8.387893552061204,-8.497370449017557,-226.63230058044033,26.640191238019412,25.318149719221186,21.738877953351867,33.23925504059576,22.83136517282918,24.56847470824717,8.387893552061128,-8.497370449017474,-226.6323005804403,-12.302035332911624,-17.496054655651893,4.81313703794055
1480,7.948788963498074,-7.885612468675692,-226.7843847692514,26.4177744473324,25.225041078124754,21.837298369440123,32.99686027628997,22.651856152589055,24.65638105258882,7.94878896349812,-7.885612468675661,-226.7843847692514,-12.47273687016147,-17.57921232413708,4.744799258347854
1500,7.499999999999999,-7.235436577045432,-226.9282032302755,26.190830436722297,25.139292544008764,21.94674340764016,32.74677490516778,22.48051297340437,24.75644347105685,7.499999999999946,-7.23543657704563,-226.92820323027553,-12.644850379398736,-17.650067880101222,4.672225978743313
1520,7.042073441788366,-6.550010365715359,-227.0635807428714,25.959927411895286,25.06047412959084,22.06652656734303,32.489457403353796,22.317136453579042,24.868105930225394,7.042073441788456,-6.550010365715477,-227.06358074287144,-12.818187229823966,-17.707761853029,4.595787502444324
1540,6.57556720183616,-5.83267316228824,-227.19035237039333,25.725679948771866,24.988143139348963,22.195947077299277,32.22540736290522,22.16149416367231,24.990776535800972,6.5755672018361855,-5.83267316228825,-227.1903523703933,-12.99254959920137,-17.75148762572529,4.515867080361261
1560,6.101049646137007,-5.086919761512728,-227.30836366114082,25.488749848700408,24.921849869726916,22.334296091637317,31.955166835424887,22.01332510842642,25.12383282485623,6.101049646136997,-5.086919761512729,-227.3083636611408,-13.167730240314842,-17.78049631405752,4.432857529869125
1580,5.619098901238684,-4.316383398994504,-227.4174708365343,25.24984650460853,24.86114312303875,22.480862706267338,31.679321483573514,21.87234454560454,25.266627200009726,5.6190989012386625,-4.316383398994471,-227.41747083653433,-13.343512315425581,-17.794101332838352,4.3471577895626865
1600,5.130302149885033,-3.52481805043772,-227.51754096628727,25.009726716386123,24.80557545940671,22.634939715635642,31.39850147564377,21.738248870006824,25.41849243289624,5.130302149885055,-3.524818050437619,-227.51754096628724,-13.519669309810393,-17.79168261428212,4.2591694519958025
1620,4.635254915624213,-2.716080142652675,-227.60845213036123,24.76919390273114,24.754708116984723,22.7958290348763,31.11338206055073,21.610720491305504,25.578747163844874,4.635254915624156,-2.716080142652781,-227.60845213036123,-13.69596503508305,-17.77269045018908,4.169293317176283
1640,4.134560337254995,-1.8941097654320576,-227.69009356750655,24.529096667041898,24.7081155378141,22.962846718887675,30.82468376425509,21.489432635922242,25.74670132549875,4.134560337255018,-1.8941097654321175,-227.69009356750655,-13.872153732240566,-17.736648934149205,4.077926009589817
1660,3.628828433995016,-1.0629114758294824,-227.76236581020797,24.290326686488147,24.665389444797132,23.135327517640363,30.533172153716926,21.374054005933658,25.921661420180627,3.6288284339948986,-1.062911475829564,-227.76236581020794,-14.047980283230014,-17.68315898542953,3.9854567008196398
1680,3.11867536226639,-0.22653478836016416,-227.82518080587045,24.05381590587842,24.626142424311396,23.312628915956218,30.239657120892215,21.264253231882705,26.10293558411467,3.11867536226632,-0.22653478836013455,-227.82518080587045,-14.223180538303232,-17.61190094162503,3.8922639783683906
1700,2.6047226650039543,0.6109455538268475,-227.87846202409767,23.82053303107031,24.590010978735346,23.494134615908823,29.944991646907695,21.159703061319497,26.289838376110392,2.6047226650039024,0.6109455538269888,-227.8784620240977,-14.397481764555199,-17.522636712400335,3.7987128990917824
1720,2.0875965144009863,1.4454494306876364,-227.92214454993257,23.591479330116574,24.556658023435777,23.67925743067484,29.650070015221317,21.060084230800772,26.48169523392349,2.0875965144009268,1.4454494306876293,-227.92214454993257,-14.570603218872238,-17.415211491576237,3.705152262726415
1740,1.567926949014806,2.2729112232181947,-227.95617516294618,23.367683763776242,24.525774813366894,23.86744156988689,29.35582545210488,20.96508897582775,26.67784654812836,1.567926949014909,2.272911223218333,-227.95617516294618,-14.742256846110351,-17.2895550292548,3.6119121373922667
1760,1.0463471061618828,3.089299620741471,-227.9805124020786,23.150197480108094,24.49708229514329,24.058164308051925,29.063227182955906,20.874424140665262,26.877651310838136,1.0463471061618252,3.0892996207414476,-227.98051240207863,-14.91214810076018,-17.145682469492098,3.5193016647514526
1780,0.5234924505375105,3.890637261047816,-227.99512661615276,22.940087720279934,24.47033189106287,24.250937039149797,28.773276903520106,20.787813858015486,27.080490304838662,0.5234924505374682,3.890637261047839,-227.9951266161528,-15.079976887727224,-16.983694762176693,3.4276071678051494
1800,1.83697019872103e-15,4.673020107703807,-228.0,22.738431194184365,24.445305731858436,24.445305731858436,28.487004675839675,20.705001776958458,27.28576880749239,1.3103042346344733e-14,4.673020107703821,-228.0,-15.24543861523177,-16.803778660151206,3.337090579228601
1820,-0.5234924505375135,5.432636470125414,-227.99512661615276,22.546306994680805,24.42181636475699,24.64085081071722,28.205464269385203,20.62575282625535,27.49291879293177,-0.5234924505374715,5.43263647012536,-227.99512661615273,-15.408225350343594,-16.60620631427894,3.247988202813332
1840,-1.0463471061618725,6.1657855737512675,-227.9805124020786,22.36478912808303,24.399705972529613,24.8371864987044,27.929727978140367,20.549854508869664,27.701400625406063,-1.0463471061620373,6.165785573751378,-227.98051240207866,-15.568027065356315,-16.391334480105723,3.1605098151443656
1860,-1.5679269490147958,6.8688955898444135,-227.95617516294618,22.19493874571689,24.378845147462638,25.033959665956033,27.660880954160465,20.47711773222819,27.910704245973655,-1.5679269490147083,6.8688955898444375,-227.9561751629462,-15.724532961189379,-16.15960335009855,3.0748381092239754
1880,-2.0875965144009827,7.538541037082816,-227.92214454993257,22.0377961668872,24.359131271422488,25.23084823751392,27.40001510711526,20.407377187153628,28.120349863850862,-2.0875965144010427,7.538541037082773,-227.9221445499326,-15.8774328523319,-15.911535025255272,2.9911284765038033
1900,-2.604722665003957,8.171459470160038,-227.87846202409767,21.894372787377467,24.340486559307685,25.42755921990093,27.14822262737903,20.340491296398334,28.32988817244966,-2.6047226650039548,8.171459470160013,-227.87846202409773,-16.026418596582324,-15.647731639290578,2.9095091188071365
1920,-3.118675362266386,8.764567374090866,-227.82518080587045,21.76564296966367,24.322855828075316,25.623826411876617,26.906589197204053,20.276341761147254,28.538900118289455,-3.1186753622664467,8.76456737409083,-227.82518080587042,-16.17118555199461,-15.368873147780729,2.8300814770367992
1940,-3.6288284339950128,9.314975186786363,-227.76236581020797,21.65253601143349,24.306204057144125,25.81940786883594,26.67618696030547,20.2148327406082,28.746996258393146,-3.628828433995063,9.314975186786356,-227.76236581020794,-16.311434043087388,-15.075714793703334,2.7529209594345616
1960,-4.134560337254985,9.820001376709868,-227.69009356750655,21.555928287857217,24.290513808254882,26.014083192945886,26.458067324728834,20.155889705752145,28.953815748341054,-4.1345603372549276,9.820001376709914,-227.6900935675066,-16.446870818446897,-14.769084259893688,2.6780779485518735
1980,-4.635254915624216,10.277185507029134,-227.60845213036123,21.476635660505075,24.275782573806545,26.207650722252815,26.253253677137327,20.099458013309597,29.15902500874349,-4.635254915624314,10.27718550702911,-227.6084521303612,-16.577210482382313,-14.449878518183084,2.6055790630493334
2000,-5.13030214988503,10.684300222617217,-227.51754096628727,21.415406242005144,24.262020122286813,26.399924691665404,26.06273408864955,20.045501250191794,29.362316122416054,-5.130302149885087,10.684300222617274,-227.51754096628727,-16.702176884222254,-14.11906038446472,2.535428647968388
2020,-5.61909890123868,11.039362101502821,-227.4174708365343,21.37291360066508,24.249245907714506,26.590732436982904,25.887454093116773,19.99399940153071,29.56340501793899,-5.619098901238621,11.039362101502828,-227.41747083653433,-16.82150445010953,-13.777654788746364,2.467610465207997
2040,-6.101049646136997,11.340641317902694,-227.30836366114082,21.349750483509933,24.237486607056965,26.779911710061445,25.728309618311012,19.944946897480094,29.762029497514746,-6.10104964613686,11.340641317902726,-227.30836366114085,-16.93493944373367,-13.426744769433434,2.4020895545828864
2060,-6.575567201836156,11.586670069759029,-227.19035237039333,21.34642312969147,24.22677384545248,26.967308168909014,25.58614014898332,19.898350594772893,29.95794716809471,-6.575567201836048,11.586670069758972,-227.1903523703933,-17.042241144217222,-13.06746720164668,2.3388142349795658
2080,-7.042073441788363,11.776249729723503,-227.0635807428714,21.36334623914897,24.217142163843608,27.15277310107554,25.461722198238075,19.85422774878948,30.15093333463734,-7.0420734417884265,11.77624972972355,-227.06358074287138,-17.14318293132054,-12.701008270325708,2.2777182147373196
2100,-7.500000000000002,11.908456684749243,-226.9282032302755,21.40083865388331,24.208627277410116,27.336161432295622,25.355763160254217,19.812604030573542,30.340778913117624,-7.49999999999994,11.908456684749163,-226.92820323027553,-17.2375532701272,-12.328598700142917,2.2187227804041356
2120,-7.948788963498072,11.982646835840766,-226.7843847692514,21.459119801343583,24.201264666095263,27.51733006508134,25.26889561316868,19.773511640874922,30.5272884185829,-7.948788963498152,11.982646835840635,-226.7843847692514,-17.32515658938825,-11.951508755814475,2.1617390334043307
2140,-8.3878935520612,11.99845873603952,-226.63230058044033,21.538306941305002,24.19508853067245,27.696136583996466,25.20167213601846,19.73698756995246,30.71027808021063,-8.387893552061229,11.998458736039405,-226.6323005804403,-17.405814049640465,-11.57104302816129,2.106670144856139
2160,-8.816778784387095,11.955815351357145,-226.47213595499957,21.638413249283612,24.190131139324833,27.872438355821817,25.154560698103822,19.703072047599953,30.88957413105196,-8.816778784387152,11.955815351357199,-226.47213595499957,-17.47936419902603,-11.188535023171536,2.0534135997433225
2180,-9.234922129884868,11.854924436077317,-226.3040860288538,21.759346761016968,24.18642258075693,28.046092043878602,25.12794067306421,19.671807222745084,31.06501131503298,-9.234922129884895,11.854924436077386,-226.3040860288538,-17.545663516387805,-10.805341573258989,2.001863402844549
2200,-9.641814145298088,11.696277520597754,-226.12835554495183,21.900910193849583,24.183990930560057,28.21695354657556,25.12209952341529,19.643236106104233,31.23643164793854,-9.641814145298017,11.696277520597738,-226.12835554495183,-17.604586842644427,-10.422837091818469,1.9519122202135293
2220,-10.036959095382873,11.480647516743547,-225.94515860381915,22.062801651993585,24.182862828068387,28.38487836091259,25.13723019433378,19.61740180285719,31.403683462629182,-10.036959095382803,11.480647516743579,-225.94515860381915,-17.656027702870688,-10.042407693973942,1.9034534297975938
2240,-10.41987555688496,11.209084952218412,-225.75471840270922,22.24461621357457,24.18306445142025,28.549722362360704,25.173429248136475,19.594347055246132,31.566620761757484,-10.41987555688494,11.209084952218436,-225.75471840270924,-17.699898520955706,-9.665445208118877,1.8563830688858047
2260,-10.790097005079764,10.882912852539356,-225.557266963672,22.445848388116055,24.184622869135758,28.711342983375744,25.230695763214275,19.574114107520757,31.72510289387432,-10.790097005079714,10.88291285253927,-225.55726696367205,-17.736130734026297,-9.293341104040287,1.810601630389158
2280,-11.14717238216091,10.503720295389304,-225.35304485087087,22.665895423661855,24.187567737394808,28.86960076392702,25.308931013177748,19.556744897872804,31.878994561170114,-11.147172382161077,10.503720295389323,-225.35304485087093,-17.76467480664916,-8.927480364967614,1.766015724928934
2300,-11.490666646784668,10.073354668790378,-225.14230087749232,22.904061433108737,24.19193330351346,29.02436123896303,25.407938933673684,19.54228157406041,32.02816615930521,-11.490666646784616,10.073354668790362,-225.14230087749235,-17.785500152878242,-8.56923533142253,1.7225395641941645
2320,-11.820161304100832,9.593912670815174,-224.92529180260527,23.159562299564108,24.19776066801791,29.175497119821745,25.52742737577161,19.53076732145142,32.172494441970635,-11.820161304100818,9.593912670815163,-224.92529180260533,-17.79859496970333,-8.219959545623759,1.6800962616355832
2340,-12.13525491562421,9.0677300946845,-224.7022820183398,23.43153131073856,24.20510025037623,29.322890719345924,25.667010136034428,19.52224748435679,32.311863495110245,-12.135254915624174,9.067730094684498,-224.70228201833987,-17.803965987066174,-7.880981625541731,1.6386189358782417
2360,-12.435563588325621,8.497370449017565,-224.473543227766,23.719025462643817,24.214014397003044,29.46643656400942,25.826209744429853,19.51677095392096,32.446165998251516,-12.435563588325493,8.497370449017472,-224.4735432277661,-17.8016381393318,-7.553599197908179,1.5980516064440735
2380,-12.72072144234639,7.885612468675694,-224.23935411386563,24.02103236334524,24.224580064762407,29.60604413081442,26.004460982179875,19.51439178862978,32.57530474325798,-12.720721442346402,7.885612468675723,-224.23935411386574,-17.791654163031485,-7.239072919512815,1.5583498738122614
2400,-12.990381056766577,7.235436577045442,-224.0,24.336477658409123,24.236891508979866,29.741640642192777,26.20111509257659,19.515171026828458,32.69919437415185,-12.990381056766529,7.235436577045479,-224.00000000000014,-17.774074125606802,-6.938620616003219,1.5194813783804193
2420,-13.244213892883906,6.550010365715351,-223.75577250228713,24.66423289120688,24.251062902068337,29.873173848751907,26.415444638829417,19.51917864465031,32.81776330558051,-13.24421389288387,6.550010365715227,-223.75577250228736,-17.748974889824158,-6.653411567203725,1.481426035513465
2440,-13.481910694487503,5.832673162288251,-223.50696917431262,25.00312370364689,24.267230807369444,30.000614727530753,26.646648954291855,19.52649560757288,32.93095577212806,-13.481910694487564,5.832673162288224,-223.50696917431284,-17.716449518546522,-6.384560967689965,1.4441760465824132
2460,-13.703181864639015,5.08691976151272,-223.2538931446064,25.35193827646579,24.285556432800465,30.123960022576316,26.893860122108254,19.537215959564314,33.038733956114385,-13.703181864639076,5.086919761512692,-223.25389314460668,-17.676606624612432,-6.133124591058667,1.4077356886840562
2480,-13.90775781850181,4.316383398994505,-222.9968527473273,25.70943590319674,24.306227590430872,30.243234555172496,27.15614941360581,19.551448890570377,33.14108013788059,-13.907757818512076,4.316383398997624,-222.9968527474925,-17.62956967072563,-5.900093686008656,1.37212088875512
2500,-14.095389311788622,3.524818050437731,-222.73616114660535,26.074355588607983,24.329460291218236,30.358493233009444,27.43253410783113,19.5693207210168,33.23799880992396,-14.095389311797236,3.5248180504399707,-222.73616114673973,-17.575476224570252,-5.686390131974923,1.3373585895153326
2520,-14.265847744427303,2.7160801426526766,-222.47213595499957,26.445424561006284,24.3554999088079,30.46982269099912,27.721984608699355,19.590976741140377,33.32951869470069,-14.265847744434332,2.716080142653916,-222.4721359551086,-17.514477174434816,-5.492861881749452,1.3034859212515357
2540,-14.418925439074785,1.8941097654320382,-222.205098846536,26.821366588526132,24.384621852499823,30.577342501324,28.023431771489765,19.616582843371337,33.41569460552651,-14.41892543908041,1.8941097654327486,-222.20509884662428,-17.446735911369494,-5.320278717940181,1.2705491901076584
2560,-14.554435894139948,1.062911475829484,-221.93537516479734,27.20090999251907,24.417131697131374,30.681205896617,28.33577434707844,19.646326887700635,33.496609090823355,-14.554435894144643,1.0629114758299187,-221.93537516486862,-17.372427483868677,-5.169328349674743,1.238602702849505
2580,-14.672214011007084,0.22653478836017626,-221.66329352654208,27.58279525648441,24.453364726599236,30.78159995785451,28.657886450514685,19.680419742983595,33.572373804015065,-14.672214011010821,0.2265347883602079,-221.66329352659957,-17.291737731670665,-5.040612875129487,1.2077074468405442
2600,-14.772116295183121,-0.610945553826846,-221.38918542133544,27.96578213664841,24.49368485789326,30.878745227500705,28.988624960464485,19.719095951432696,33.64313054467206,-14.772116295186356,-0.6109455538270098,-221.38918542138174,-17.204862405483112,-4.934645634503938,1.1779296479180914
2620,-14.854021031123555,-1.4454494306876562,-221.11338480768052,28.348656190199026,24.53848292364977,30.972894718532046,29.326836757757153,19.76261396908267,33.70905192102561,-14.854021031126017,-1.445449430687985,-221.1133848077178,-17.112006279689165,-4.851848476754899,1.1493392310094919
2640,-14.917828430524102,-2.2729112232182036,-220.83622770614122,28.73023464915066,24.58817430313558,31.064332301034188,29.67136571482909,19.811255941688557,33.77034158967068,-14.917828430526182,-2.2729112232185336,-220.83622770617117,-17.013382265179565,-4.792549461755868,1.122008210368108
2660,-14.963460753897364,-3.0892996207414694,-220.558051789953,29.10937158158368,24.643195904002685,31.15337045989123,30.02105935325398,19.865326983229302,33.82723403507865,-14.963460753899028,-3.0892996207417727,-220.55805178997704,-16.909210529433608,-4.7569810174593545,1.0960090379740848
2680,-14.990862405286435,-3.890637261047795,-220.27919597362,29.48496229724129,24.704002509846415,31.240347429453934,30.37477509371501,19.925153932797574,33.87999385934536,-14.990862405287833,-3.8906372610480777,-220.2791959736393,-16.799717630747672,-4.745278569124917,1.071412939850461
2700,-15.0,-4.673020107703806,-220.0,29.8559469707816,24.77106252128936,31.325623723719424,30.731386031586993,19.991083574998676,33.92891456127569,-15.000000000001046,-4.673020107704275,-220.00000000001546,-16.68513567313554,-4.757479654696981,1.0482882707385954
2720,-14.990862405286437,-5.432636470125422,-219.72080402638,30.221313472929484,24.844853130727834,31.409578093217366,31.08978618157196,20.063480318876284,33.97431679329996,-14.990862405287313,-5.43263647012566,-219.72080402639236,-16.565701487832307,-4.793523537012593,1.026698917691391
2740,-14.963460753897365,-6.1657855737512755,-219.441948210047,30.580099416892253,24.92585498275656,31.492602952191213,31.448895146338675,20.142723340634035,34.016546094651396,-14.963460753898003,-6.165785573751536,-219.44194821005695,-16.441655846582535,-4.853251319720322,1.0067027826451636
2760,-14.917828430524102,-6.8688955898444135,-219.16377229385878,30.931393444217527,25.014546383381912,31.575099331513666,31.80766217657797,20.22920320582483,34.0559701095132,-14.917828430524603,-6.868895589844671,-219.16377229386669,-16.313242710952366,-4.936406569705277,0.9883503729029712
2780,-14.854021031123555,-7.538541037082816,-218.88661519231948,31.27433579033439,25.111397131222912,31.6574714238082,32.16506960299458,20.323317997025462,34.092975309259025,-14.854021031124011,-7.53854103708304,-218.88661519232585,-16.1807085208321,-5.042636444497462,0.9716835266976602
2800,-14.772116295183121,-8.171459470160029,-218.61081457866456,31.60811818489836,25.21686205278792,31.74012079721564,32.520135634182985,20.425468983097264,34.12796324824526,-14.772116295183467,-8.171459470160185,-218.61081457866965,-16.044301524102885,-5.1714933187639875,0.9567342986319716
2820,-14.672214011007087,-8.76456737409086,-218.33670647345792,31.931983155390512,25.33137433144061,31.823440362907643,32.87191652774351,20.536055875755817,34.16134639264757,-14.67221401100737,-8.76456737409109,-218.33670647346196,-15.904271148173947,-5.322436899647785,0.9435240268678342
2840,-14.55443589413995,-9.314975186786363,-218.06462483520266,32.245222813884496,25.455338725707637,31.90780818861862,33.21950815505229,20.655471728149536,34.19354357135281,-14.554435894140163,-9.314975186786455,-218.0646248352059,-15.76086741281662,-5.494836816570034,0.9320626005161046
2860,-14.418925439074782,-9.820001376709873,-217.794901153464,32.54717721625276,25.589124777042215,31.993581255972245,33.562046992489954,20.784097538310768,34.22497510671347,-14.418925439074938,-9.82000137670995,-217.79490115346658,-15.614340382447518,-5.687975667291484,0.9223479418650697
2880,-14.265847744427305,-10.27718550702913,-217.52786404500043,32.83723239015589,25.733060109987278,32.081089263098704,33.898710583366515,20.922296627546203,34.256057690854675,-14.26584774442745,-10.277185507029305,-217.52786404500247,-15.464939654838918,-5.90105249864833,0.9143657139730408
2900,-14.095389311788628,-10.684300222617214,-217.26383885339465,33.11481813286081,25.887423928858546,32.17062857589059,34.22871752500041,21.0704088699514,34.28719908002073,-14.095389311788766,-10.684300222617356,-217.2638388533963,-15.312913882179357,-6.133186697534057,0.908089259854961
2920,-13.90775781850181,-11.039362101502821,-217.0031472526727,33.3794056822128,26.05244081459436,32.262456431184056,34.55132704420027,21.22874485416544,34.318792685011076,-13.907757818501983,-11.039362101502828,-217.003147252674,-15.15851031954549,-6.383422265453319,0.9034797751286021
2940,-13.703181864639012,-11.3406413179027,-216.7461068553936,33.63050536398854,26.22827492332804,32.35678549317806,34.86583823158725,21.397580062148535,34.35121213996173,-13.703181864639003,-11.340641317902785,-216.74610685539466,-15.00197439521314,-6.650732448371519,0.900486711662495
2960,-13.481910694487505,-11.58667006975903,-216.49303082568738,33.86766431644579,26.41502468457298,32.45377886055035,35.17158901065707,21.577149152112064,34.38480593448356,-13.481910694487484,-11.586670069759117,-216.4930308256882,-14.843549296873354,-6.934024692599179,0.8990484055872514
2980,-13.244213892883906,-11.7762497297235,-216.24422749771287,34.09046438828144,26.612718091733942,32.5535456160645,35.46795492112883,21.767640433722704,34.41989219540884,-13.24421389288399,-11.77624972972349,-216.24422749771352,-14.683475567769454,-7.23214589705074,0.8990929190831309
3000,-12.990381056766578,-11.908456684749243,-216.0,34.29852029955974,26.82130867103497,32.65613700308346,35.75434779792183,21.969190623323335,34.45675370408572,-12.99038105676665,-11.90845668474924,-216.00000000000054,-14.521990707027447,-7.543887932340162,0.9005390817071373
3020,-12.720721442346393,-11.982646835840766,-215.76064588613437,34.49147814663526,27.04067220696216,32.76154330443693,36.030214427035496,22.18187996516384,34.495633233290675,-12.72072144234638,-11.982646835840756,-215.76064588613477,-14.359328769060253,-7.867993397683536,0.9032977137271132
3040,-12.435563588325632,-11.998458736039522,-215.52645677223404,34.66901432185237,27.27060429302838,32.86969148867608,36.295035257708264,22.405727801527636,34.53672928442133,-12.435563588325646,-11.998458736039591,-215.52645677223435,-14.195719957849427,-8.203161587381487,0.9072730110211182
3060,-12.135254915624213,-11.955815351357145,-215.2977179816602,34.830834907030024,27.510818766162622,32.98044367705166,36.54832324655495,22.640688670200614,34.580192300731824,-12.135254915624222,-11.955815351357206,-215.29771798166047,-14.031390213135849,-8.548054639580254,0.9123640685840257
3080,-11.820161304100827,-11.854924436077315,-215.07470819739473,34.976675586622925,27.760947071380212,33.093596471750644,36.78962290400483,22.88664900199256,34.62612142605101,-11.820161304100788,-11.854924436077317,-215.07470819739495,-13.86656078705706,-8.901303840936238,0.9184665175800433
3100,-11.490666646784671,-11.696277520597754,-214.85769912250768,35.106302112173026,28.020538590699974,33.20888117220864,37.01850960638346,23.143424484032728,34.67456187076977,-11.490666646784751,-11.696277520597857,-214.85769912250785,-13.701447811492505,-9.261516061579911,0.9254742491571619
3120,-11.14717238216092,-11.480647516743547,-214.64695514912913,35.21951133441779,28.289061956627528,33.32596489188955,37.234589228512554,23.410758146373905,34.725502938011594,-11.147172382160964,-11.48064751674355,-214.64695514912924,-13.536261858266656,-9.627280295268813,0.9332811969042893
3140,-10.790097005079776,-11.20908495221842,-214.44273303632804,35.31613280340231,28.56590735604216,33.444452572997456,37.43749814187418,23.68831922011895,34.77887675293734,-10.790097005079826,-11.209084952218479,-214.44273303632812,-13.371207496329497,-9.997174279729236,0.9417831488585193
3160,-10.419875556884964,-10.882912852539356,-214.24528159729078,35.39603092036847,28.850389815141686,33.56388988139523,37.6269036123425,23.975702804907986,34.8345577272319,-10.419875556885138,-10.882912852539482,-214.2452815972908,-13.20648285201177,-10.369771171842656,0.9508795593530692
3180,-10.036959095382873,-10.503720295389295,-214.05484139618085,35.459107608301736,29.141753440378675,33.683766948779486,37.802504619389566,24.27243037226626,34.89236277913824,-10.036959095382851,-10.503720295389328,-214.0548413961809,-13.042279180344948,-10.743646251479554,0.9604753307392002
3200,-9.641814145298094,-10.073354668790378,-213.87164445504817,35.50530545107896,29.43917657427222,33.803522914166415,37.964033105703365,24.577951119126396,34.952052317126274,-9.64181414529814,-10.073354668790397,-213.8716444550482,-12.878780457133805,-11.11738362644196,0.9704825351197144
3220,-9.234922129884882,-9.593912670815186,-213.69591397114624,35.534611234483094,29.7417778088359,33.92255120223481,38.11125565251973,24.891644172940175,35.01333198260367,-9.234922129884978,-9.593912670815197,-213.6959139711463,-12.71616300291176,-11.489582909182005,0.9808220467328113
3240,-8.8167787843871,-9.0677300946845,-213.52786404500043,35.54705980629037,30.048622783421898,34.040205462341696,38.24397556189608,25.212821636348593,35.075855134206314,-8.816778784387015,-9.067730094684402,-213.52786404500046,-12.554595150958964,-11.8588658337935,0.9914250565380769
3260,-8.387893552061211,-8.497370449017566,-213.36769941955967,35.542738157580025,30.35873167836574,34.15580607935071,38.362035312904425,25.540732445578115,35.13922604337158,-8.387893552061211,-8.497370449017627,-213.36769941955967,-12.394236972180213,-12.223882779384056,1.002234441942278
3280,-7.948788963498087,-7.88561246867571,-213.2156152307486,35.521789613810995,30.671087301310706,34.26864715610104,38.46531934458598,25.87456700280331,35.20300375833596,-7.948788963498159,-7.885612468675665,-213.2156152307486,-12.23524006972682,-12.583319163469927,1.0132059664790916
3300,-7.500000000000007,-7.2354365770454425,-213.0717967697245,35.484418012516365,30.984643649887026,34.37800385768001,38.55375710481345,26.213462528918612,35.2667065816591,-7.5000000000000355,-7.235436577045494,-213.0717967697245,-12.077747455752174,-12.93590166670171,1.024309286686389
3320,-7.042073441788362,-6.550010365715352,-212.9364192571286,35.43089173516902,31.298334822961916,34.48313999993902,38.62732629130239,26.556509069785296,35.329817095112446,-7.0420734417883555,-6.5500103657153295,-212.9364192571286,-11.921893521597516,-13.280404248244068,1.0355287464104208
3340,-6.575567201836155,-5.832673162288233,-212.80964762960667,35.36154745436255,31.61108414338145,34.583315759169686,38.68605619927703,26.90275607637792,35.39178765554046,-6.575567201836217,-5.832673162288277,-212.8096476296067,-11.767804110988633,-13.615653909714059,1.0468639423325499
3360,-6.101049646137002,-5.086919761512721,-212.69163633885918,35.27679345436966,31.921813348416617,34.67779537677299,38.73003108011717,27.2512194676806,35.45204627635759,-6.101049646137091,-5.086919761512628,-212.6916363388592,-11.61559670351481,-13.940536164942706,1.0583300486293297
3380,-5.619098901238686,-4.316383398994507,-212.5825291634657,35.17711238379118,32.229451700378426,34.765854732291345,38.759393407082925,27.600889075018305,35.51000280192617,-5.6190989012386146,-4.316383398994601,-212.58252916346572,-11.465380712811772,-14.254000173144908,1.0699578932924396
3400,-5.130302149885029,-3.5248180504377125,-212.48245903371273,35.063063303691735,32.5329448693933,34.84678866046504,38.774346938308526,27.950736358087912,35.565055276389316,-5.130302149885099,-3.524818050437757,-212.48245903371273,-11.31725790055912,-14.555063494519407,1.0817937836660576
3420,-4.635254915624214,-2.716080142652678,-212.39154786963877,34.93528290351038,32.83126344335004,34.91991789307019,38.775159464013626,28.299722276592437,35.61659640479965,-4.635254915624199,-2.716080142652715,-212.3915478696388,-11.17132290375632,-14.84281642991407,1.0938990840720066
3440,-4.134560337254997,-1.8941097654320607,-212.30990643249345,34.79448577017081,33.12341092666056,34.98459551417644,38.76216512458596,28.646805197359505,35.664020002741296,-4.134560337254932,-1.8941097654321533,-212.30990643249345,-11.027663868871281,-15.11642591001983,1.1063495538367363
3460,-3.628828433995018,-1.0629114758294853,-212.23763418979203,34.64146361304867,33.40843109969575,35.04021282800479,38.735766189049365,28.990948715366088,35.70672733119234,-3.628828433994904,-1.062911475829596,-212.23763418979206,-10.88636318257386,-15.375138904519224,1.1192344594191752
3480,-3.118675362266398,-0.22653478836017776,-212.17481919412955,34.47708336845553,33.68541462440996,35.08620455156943,38.69643418955626,29.331129268352925,35.74413321616578,-3.118675362266407,-0.22653478836019658,-212.17481919412958,-10.747498284993117,-15.618285327569128,1.1326554794558774
3500,-2.604722665003969,0.6109455538268233,-212.12153797590233,34.302284131553904,33.95350479845353,35.12205325944387,38.644710316932404,29.666343428767714,35.77567185768306,-2.6047226650039117,0.610945553826866,-212.12153797590236,-10.611142547998258,-15.845280422743933,1.1467254261903008
3520,-2.087596514400988,1.4454494306876335,-212.07785545006743,34.11807289044039,34.21190237954815,35.147293024926036,38.581204994827814,29.995614763607843,35.8008022397953,-2.087596514401055,1.4454494306876131,-212.07785545006743,-10.477366198057709,-16.055626617794985,1.1615668107214958
3540,-1.5679269490148013,2.272911223218202,-212.04382483705382,33.925519065682465,34.459869423510824,35.16151222012766,38.506596565437974,30.3180001622253,35.81901306252366,-1.5679269490148333,2.272911223218206,-212.0438248370538,-10.346237260936222,-16.248914846997373,1.1773102826285253
3560,-1.0463471061618714,3.089299620741488,-212.0194875979214,33.72574788793109,34.696732102389596,35.164355456574626,38.42162903767629,30.632595544094155,35.82982712752929,-1.0463471061619152,3.089299620741397,-212.01948759792143,-10.217822503983223,-16.42482534610686,1.194092976650552
3580,-0.5234924505375124,3.8906372610478135,-212.00487338384724,33.519932675342076,34.921882492997106,35.155524667234644,38.32710886861025,30.938540872618027,35.832805121771834,-0.5234924505373892,3.8906372610478677,-212.00487338384724,-10.092188351154851,-16.583127931692072,1.212056800138555
