time,target_x,target_y,target_z,theta1_cmd,theta2_cmd,theta3_cmd,theta1_meas,theta2_meas,theta3_meas,sim_x,sim_y,sim_z,error_x,error_y,error_z
0,0,4.67302010770381,-212,-33.3092861004168,-35.1347793499262,-35.1347793499262,-5.19567149807502,-6.78309966463796,-6.20387200877689,1.35732198660119e-08,4.67302084226926,-212.000000300508,-1.35732198660119e-08,-7.34565458238023e-07,3.00508077089034e-07
20,0.523492450537515,5.43263647012541,-212.004873383847,-33.0950505615485,-35.3349479001559,-35.1019360102754,-9.40534490565438,-12.3741567705244,-11.2887587539055,0.143484351201042,4.88147042325022,-212.001680779256,0.380008099336472,0.55116604687519,-0.0031926045911348
40,1.04634710616188,6.16578557375127,-212.019487597921,-32.8784877971766,-35.5219787178829,-35.0568668592601,-12.8060958603179,-16.9855548373338,-15.4535318583046,0.556038855492075,5.47265343199081,-212.00892473952,0.490308250669805,0.693132141760461,-0.0105628584012152
60,1.5679269490148,6.86889558984442,-212.043824837054,-32.6608678992856,-35.6955257576092,-34.9994978354698,-15.5433698651884,-20.7913945113952,-18.8612487274629,1.05124005388479,6.16441969419789,-212.02371348443,0.516686895130013,0.704475895646532,-0.0201113526235019
80,2.08759651440098,7.53854103708281,-212.077855450067,-32.4434578975179,-35.8553036402419,-34.9298060351296,-17.7366751256717,-23.9343951724581,-21.6456087422429,1.56784277263617,6.85817415940835,-212.048444567566,0.519753741764813,0.680366877674467,-0.0294108825016224
100,2.60472266500395,8.17145947016003,-212.121537975902,-32.227510095061,-36.0010843006024,-34.8478166434066,-19.4842485579784,-26.531553637781,-23.9162467889621,2.08640616525789,7.52445956119479,-212.082643988014,0.518316499746065,0.646999908965249,-0.0388939878882582
120,3.11867536226639,8.76456737409087,-212.17481919413,-32.0142503425995,-36.1326931150203,-34.7535994683133,-20.866879787424,-28.6787835927312,-25.7630733339883,2.60327389845796,8.15785608558305,-212.125761463577,0.515401463808434,0.606711288507821,-0.0490577305529882
140,3.62882843399502,9.31497518678636,-212.237634189792,-31.8048664370876,-36.2500046344679,-34.6472651835632,-21.9510447209035,-30.4547191464253,-27.2598326119171,3.11690005849107,8.74877134663073,-212.179187195933,0.511928375503941,0.566203840155639,-0.0584469938585528
160,4.13456033725499,9.82000137670987,-212.309906432493,-31.6004968281286,-36.3529380519527,-34.5289613889697,-22.7914730256681,-31.9238329223878,-28.467019633515,3.62672809755401,9.29691169542632,-212.242148143507,0.50783223970098,0.523089681283547,-0.0677582889865675
180,4.63525491562421,10.2771855070291,-212.391547869639,-31.4022198067863,-36.4414525327509,-34.3988685964981,-23.4332514982381,-33.1389920435608,-29.4342714119503,4.13245840110683,9.80312987152985,-212.313879912077,0.502796514517376,0.474055635499276,-0.0776679575613457
200,5.13030214988503,10.6843002226172,-212.482459033713,-31.2110433401752,-36.515542532738,-34.2571962470011,-23.9135469796228,-34.143553188879,-30.202327053006,4.63283379913375,10.2584457963488,-212.39560268972,0.497468350751278,0.425854426268463,-0.0868563439926788
220,5.61909890123868,11.0393621015028,-212.582529163466,-31.0278957008064,-36.5752332238489,-34.1041788571861,-24.2630174417403,-34.9730797081584,-30.8046343366594,5.12765987495628,10.6645662403149,-212.486442160344,0.491439026282397,0.374795861187954,-0.0960870031213972
240,6.101049646137,11.3406413179027,-212.691636338859,-30.8536170229772,-36.6205761369291,-33.9400723887331,-24.5069675412864,-35.6567488642918,-31.2686664610263,5.61645142390196,11.0205735127509,-212.58611825936,0.484598222235039,0.320067805151776,-0.105518079498864
260,6.57556720183616,11.586670069759,-212.809647629607,-30.6889519001107,-36.6516451213094,-33.7651509219554,-24.6662948244986,-36.2185050372127,-31.6170011737226,6.09768527150911,11.3173122894056,-212.695757132711,0.477881930327052,0.269357780353451,-0.113890496895777
280,7.04207344178836,11.7762497297235,-212.936419257129,-30.5345431174379,-36.6685327077537,-33.579703705298,-24.7582644702526,-36.678004689494,-31.8682051280122,6.57219025851459,11.564231757691,-212.81342490391,0.469883183273768,0.212017972032529,-0.122994353218985
300,7.5,11.9084566847492,-213.071796769725,-30.3909265942533,-36.6713469473938,-33.3840326395831,-24.7971436525727,-37.0513906625483,-32.0375586009968,7.03859233396641,11.7540806885678,-212.939999287272,0.461407666033594,0.154375996181475,-0.131797482452868
320,7.94878896349807,11.9826468358408,-213.215615230749,-30.2585275896242,-36.6602087842743,-33.1784502425727,-24.7947210187604,-37.3519266203664,-32.1376493945923,7.49678433811341,11.8889978553919,-213.074835871731,0.452004625384665,0.0936489804488758,-0.1407793590175
340,8.3878935520612,11.9984587360395,-213.36769941956,-30.1376582052118,-36.635250003548,-32.9632781254204,-24.7607321961069,-37.5905169182531,-32.1788595579946,7.94491359900747,11.9600609149405,-213.21898715626,0.442979953053735,0.0383978210990339,-0.148712263299643
360,8.8167787843871,11.9558153513571,-213.527864045,-30.0285161990683,-36.5966117815353,-32.7388459982426,-24.7032084783376,-37.7761326288044,-32.1697643184706,8.38373233952732,11.9752270026447,-213.3710610598,0.433046444859777,-0.0194116512875677,-0.156802985200812
380,9.23492212988487,11.8549244360773,-213.695913971146,-29.9311851050895,-36.5444438480921,-32.5054912076437,-24.6287627547889,-37.916160727453,-32.117459118194,8.8130497850565,11.9360823029767,-213.530667758514,0.421872344828373,-0.0811578668993675,-0.165246212632127
400,9.64181414529809,11.6962775205978,-213.871644455048,-29.8456356344021,-36.4789042563129,-32.2635587948593,-24.542824209729,-38.0166903786003,-32.0278277912216,9.23062945650606,11.8332884405643,-213.698915448521,0.411184688792025,-0.137010919966535,-0.172729006527419
420,10.0369590953829,11.4806475167435,-214.054841396181,-29.771728317433,-36.4001597397675,-32.0134020495184,-24.4498312368901,-38.0827477504098,-31.9057625640703,9.63703919930049,11.6733882576136,-213.87476997958,0.39991989608238,-0.192740740870095,-0.180071416600583
440,10.419875556885,11.2090849522184,-214.245281597291,-29.7092173288682,-36.3083866234712,-31.7553835211203,-24.3533903037855,-38.1184887232084,-31.755344633516,10.0326092074761,11.460995879421,-214.057523532258,0.387266349408893,-0.251910927202541,-0.187758065032767
460,10.7900970050798,10.8829128525394,-214.442733036328,-29.657755422214,-36.2037722418157,-31.4898764384149,-24.2564070949841,-38.1273571623322,-31.5799924906233,10.415076377404,11.1886974474484,-214.248056107132,0.375020627675781,-0.305784594909023,-0.194676929195822
480,11.1471723821609,10.5037202953893,-214.646955149129,-29.6168998863488,-36.0865168049352,-31.2172664762114,-24.1611951085127,-38.1122150349755,-31.3825838587155,10.7843562332373,10.8599555244808,-214.445842688312,0.362816148923654,-0.356235229091542,-0.201112460817541
500,11.4906666467847,10.0733546687904,-214.857699122508,-29.5861194233952,-35.9568356446105,-30.9379537999139,-24.0695659300999,-38.0754495078821,-31.1655560442636,11.1418568503203,10.4838917792197,-214.649692918372,0.348809796464378,-0.410537110429322,-0.208006204135842
520,11.8201613041008,9.59391267081518,-215.074708197395,-29.5648018355936,-35.8149617619899,-30.6523553104867,-23.9829046293264,-38.0190612241002,-30.9309886219562,11.4857950151511,10.0564888872214,-214.86010573343,0.334366288949758,-0.46257621640623,-0.214602463965122
540,12.1352549156242,9.0677300946845,-215.29771798166,-29.5522623987923,-35.6611485922551,-30.3609070067621,-23.902233079799,-37.944737186067,-30.6806716544333,11.8147585520373,9.57664831653562,-215.077220497694,0.320496363586875,-0.508918221851122,-0.220497483966369
560,12.4355635883256,8.49737044901756,-215.526456772234,-29.5477527918625,-35.4956728960132,-30.0640663781292,-23.8282634775762,-37.8539110391451,-30.416162055438,12.1294100337023,9.05051412520469,-215.300289026011,0.306153554623316,-0.553143676187135,-0.226167746222643
580,12.7207214423464,7.88561246867569,-215.760645886134,-29.5504704450043,-35.3188376837462,-29.7623147387998,-23.7614438980585,-37.7478130299307,-30.1388302195883,12.4302201769369,8.48307283887694,-215.528730041145,0.290501265409494,-0.597460370201245,-0.2319158449898
600,12.9903810567666,7.23543657704544,-216,-29.559568165729,-35.1309750781767,-29.4561594150781,-23.7019973749146,-37.6275114871506,-29.849898643862,12.7149237928039,7.87165749976043,-215.762971076781,0.27545726396267,-0.636220922714992,-0.23702892321873
620,13.2442138928839,6.55001036571536,-216.244227497713,-29.5741638994706,-34.9324490199525,-29.1461356993747,-23.6499556918341,-37.4939473233336,-29.550473939855,12.9840397604788,7.22171505136841,-216.002397655155,0.260174132405101,-0.671704685653051,-0.241829842557934
640,13.4819106944875,5.83267316228825,-216.493030825687,-29.5933504824368,-34.7236577246266,-28.8328084890617,-23.6051888379379,-37.3479627691995,-29.2415733693087,13.2382593860787,6.53857820600813,-216.246383592894,0.243651308408806,-0.705905043719881,-0.246647232793578
660,13.703181864639,5.08691976151273,-216.746106855394,-29.616205247568,-34.5050358034861,-28.5167735345661,-23.5674308814964,-37.1903253188215,-28.9241468179607,13.4762930732875,5.82347488505475,-216.494998164529,0.226888791351525,-0.736555123542022,-0.251108690864839
680,13.9077578185018,4.3163833989945,-217.003147252673,-29.6417993503605,-34.2770559672839,-28.1986582291978,-23.5363028567935,-37.0217476729948,-28.5990949459191,13.6960558886222,5.07693285153938,-216.748340478123,0.211701929879659,-0.760549452544876,-0.254806774550048
700,14.0953893117886,3.52481805043772,-217.263838853395,-29.6692066897831,-34.0402302402407,-27.8791218829072,-23.5113331294566,-36.8429043134289,-28.2672841094971,13.9010747971202,4.30866676822676,-217.005123254759,0.194314514668452,-0.783848717789033,-0.258715598636059
720,14.2658477444273,2.71608014265268,-217.527864045,-29.6975123104523,-33.7951106216458,-27.5588554332307,-23.4919756013325,-36.6544452152291,-27.9295585339524,14.0885323405318,3.51854907602759,-217.265738012992,0.177315403895461,-0.802468933374906,-0.262126032008098
740,14.4189254390748,1.89410976543205,-217.794901153464,-29.7258201854146,-33.5422891437809,-27.2385805588155,-23.4776260328889,-36.4570071045547,-27.5867501240614,14.258614926371,2.71117314037599,-217.529728757479,0.160310512703793,-0.817063374943935,-0.265172395985019
760,14.5544358941399,1.06291147582949,-218.064624835203,-29.7532602940052,-33.2823972874814,-26.9190481738262,-23.4676366956932,-36.251222588134,-27.2396862259196,14.4117321996145,1.89090469588738,-217.796638992296,0.14270369452545,-0.827993220057893,-0.267985842906626
780,14.6722140110071,0.226534788360173,-218.336706473458,-29.7789949259562,-33.0161047301408,-26.6010362948831,-23.4613295168837,-36.0377274179764,-26.8891955954591,14.5477944799606,1.06146336715955,-218.066143068302,0.124419531046497,-0.834928578799378,-0.270563405155855
800,14.7721162951831,-0.610945553826838,-218.610814578665,-29.8022241607547,-32.7441174150537,-26.2853472856357,-23.4580078392262,-35.8171661052157,-26.5361127841205,14.6663679455647,0.226726077244221,-218.337998833656,0.105748349618464,-0.837671631071059,-0.272815745008188
820,14.8540210311236,-1.44544943068763,-218.886615192319,-29.8221904897471,-32.4671749453463,-25.9728044973064,-23.4569668922604,-35.5901960590901,-26.1812811175527,14.7657518902188,-0.609271921199203,-218.61203498706,0.0882691409047585,-0.83617750948843,-0.27458020525907
840,14.9178284305241,-2.2729112232182,-219.163772293859,-29.8381825671327,-32.1860473200288,-25.6642483362341,-23.4575030503585,-35.3574903985355,-25.8255544171589,14.8461077764271,-1.44174895713841,-218.887846357914,0.0717206540969926,-0.83116226607979,-0.275925935944571
860,14.9634607538974,-3.08929962074147,-219.441948210047,-29.8495380943014,-31.9015310435843,-25.3605318013139,-23.4589219406773,-35.1197395629685,-25.4697975950751,14.9104564150552,-2.26786072592194,-219.164740839992,0.0530043388422019,-0.82143889481953,-0.277207370054668
880,14.9908624052864,-3.8906372610478,-219.72080402638,-29.8556458594653,-31.6144446536784,-25.0625155450299,-23.4605454566025,-34.8776518340734,-25.1148862393461,14.9556641586197,-3.08215826289566,-219.442787270153,0.035198246666722,-0.808478998152138,-0.278016756227032
900,15,-4.6730201077038,-220,-29.8559469707816,-31.3256237237194,-24.7710625212894,-23.4617177291547,-34.6319528704823,-24.7617052964389,14.9828939988521,-3.88159081083117,-219.721553995052,0.0171060011478801,-0.791429296872636,-0.278446004948194
920,14.9908624052864,-5.43263647012541,-220.27919597362,-29.8499353357898,-31.0359154078896,-24.4870322913469,-23.4618101088923,-34.383384351062,-24.4111469517971,14.992121971844,-4.66264125905554,-220.000576143208,-0.00125956655756987,-0.769995211069869,-0.278619830412282
940,14.9634607538974,-6.16578557375127,-220.558051789953,-29.8371574526879,-30.7461726056568,-24.2112750656268,-23.4602252131846,-34.1327018191483,-24.0641078050375,14.9831206133056,-5.42104832282116,-220.27953477883,-0.0196598594082769,-0.744737250930111,-0.278517011122659
960,14.9178284305241,-6.86889558984442,-220.836227706141,-29.8172115895218,-30.4572478305142,-23.944625564164,-23.4564000975464,-33.8806718186904,-23.7214854339068,14.9559770946979,-6.15315234738933,-220.558201428524,-0.0381486641738231,-0.715743242455087,-0.278026277616902
980,14.8540210311236,-7.53854103708281,-221.113384807681,-29.7897464356254,-30.1699868736473,-23.6878967816627,-23.4498086143411,-33.6280684132116,-23.3841744396756,14.9111455911439,-6.85635672134485,-220.836232727167,-0.0571245600203003,-0.682184315737957,-0.277152080513503
1000,14.7721162951831,-8.17145947016003,-221.389185421335,-29.7544593155483,-29.8852223573171,-23.4418737448428,-23.4399630270041,-33.3756691791852,-23.0530620657598,14.8477198022616,-7.52546226980026,-221.113234679307,-0.0756035070784744,-0.645997200359776,-0.27595074202867
1020,14.6722140110071,-8.76456737409086,-221.663293526542,-29.7110940592682,-29.6037672749587,-23.2073073498665,-23.4264149525548,-33.1242507663812,-22.7290234806621,14.7646828941996,-8.15475751873702,-221.388761296064,-0.0924688831925593,-0.609809855353838,-0.27453223047786
1040,14.5544358941399,-9.31497518678636,-221.935375164797,-29.6594386237633,-29.3264086153347,-22.984908366299,-23.4087557091757,-32.8745841185952,-22.4129168155072,14.6649029179423,-8.74690436061825,-221.662686035842,-0.110467023802331,-0.568070826168119,-0.272689128955733
1060,14.4189254390748,-9.82000137670987,-222.205098846536,-29.599322560156,-29.0539011666117,-22.7753416913594,-23.3866161487738,-32.6274294485987,-22.1055780452897,14.5478808564411,-9.29805153043472,-221.934677225195,-0.128955417366285,-0.521949846275149,-0.270421621341228
1080,14.2658477444273,-10.2771855070291,-222.472135955,-29.5306144177945,-28.7869615930483,-22.5792209342909,-23.3596660564942,-32.3835310609333,-21.8078158013018,14.4127745220645,-9.8030295135367,-222.204271481798,-0.146926777637187,-0.474155993492433,-0.26786447320174
1100,14.0953893117886,-10.6843002226172,-222.736161146605,-29.4532191720042,-28.5262628722004,-22.3971034056406,-23.3276132000109,-32.1436121151304,-21.5204061999424,14.2586437510268,-10.256215565065,-222.47095639786,-0.163254439238175,-0.428084657552214,-0.265204748745674
1120,13.9077578185018,-11.0393621015028,-222.996852747327,-29.3670757560479,-28.2724291743276,-22.2294855802304,-23.2902021109992,-31.9083694199642,-21.2440877701752,14.0885514836585,-10.6633776562033,-222.734863725783,-0.180793665156717,-0.375984445299569,-0.26198902154448
1140,13.703181864639,-11.3406413179027,-223.253893144606,-29.2721547702819,-28.0260312581665,-22.0767990957409,-23.2472126794952,-31.6784683463744,-20.9795565582576,13.9018575324126,-11.0204004846971,-222.995571419443,-0.198675667773577,-0.320240833205578,-0.258321725163569
1160,13.4819106944875,-11.586670069759,-223.506969174313,-29.1684564328251,-27.7875824486163,-21.9394073412487,-23.1984586388899,-31.4545379427051,-20.7274614840119,13.6969817174638,-11.319842248857,-223.252376485122,-0.215071022976304,-0.266827820902078,-0.254592689190247
1180,13.2442138928839,-11.7762497297235,-223.755772502287,-29.0560088264775,-27.5575352523191,-21.8176026818691,-23.143786015155,-31.2371663309143,-20.4884000178669,13.4754641881967,-11.5642338596322,-223.50523037457,-0.231250295312782,-0.212015870091333,-0.250542127717097
1200,12.9903810567666,-11.9084566847492,-224,-28.9348664863374,-27.3362786568164,-21.711604356974,-23.0830716086433,-31.0268964564611,-20.2629142422016,13.2388038556263,-11.756646644882,-223.754151213966,-0.248422798859748,-0.151810039867225,-0.245848786033861
1220,12.7207214423464,-11.9826468358408,-224.239354113866,-28.8051093617707,-27.1241361480906,-21.6215570803692,-23.0162215705515,-30.8242222577399,-20.0514873542135,12.9845587690888,-11.8866854243688,-223.998109171511,-0.263837326742443,-0.0959614114720111,-0.241244942354598
1240,12.4355635883256,-11.9984587360395,-224.473543227766,-28.6668421752583,-26.9213644700541,-21.5475303614488,-22.9431701290045,-30.6295853133047,-19.8545406606772,12.7148235119296,-11.9599746095275,-224.237296952711,-0.279259923604011,-0.0384841265119942,-0.236246275054498
1260,12.1352549156242,-11.9558153513571,-224.70228201834,-28.5201941893631,-26.7281531380912,-21.4895185567579,-22.8638785118378,-30.4433720168049,-19.6724311076087,12.430661298201,-11.9789720334301,-224.471683648697,-0.295406382576832,0.0231566820729423,-0.230598369643218
1280,11.8201613041008,-11.8549244360773,-224.925291802605,-28.3653193817678,-26.5446247072763,-21.4474416517136,-22.7783341046628,-30.2659113206694,-19.5054493800834,12.1297492276185,-11.9334853229615,-224.700068179101,-0.309587923517658,0.0785608868841656,-0.225223623504434
1300,11.4906666467847,-11.6962775205978,-225.142300877492,-28.2023970172043,-26.3708357845464,-21.4211467625333,-22.6865498738286,-30.0974730802401,-19.3538185993348,11.8148226751425,-11.8328239059894,-224.923015964899,-0.324156028357796,0.13654638539164,-0.219284912592826
1320,11.1471723821609,-11.4806475167435,-225.353044850871,-28.0316325942653,-26.2067787630567,-21.4104103387952,-22.5885640745902,-29.9382670204212,-19.2176936358779,11.4860803184791,-11.6767998913186,-225.1402165548,-0.338907936318179,0.196152374575027,-0.212828296071137
1340,10.7900970050798,-11.2090849522184,-225.557266963672,-27.8532591347116,-26.0523842463545,-21.4149410376333,-22.4844402552935,-29.788442337094,-19.0971610488222,11.1417964110133,-11.4576226843616,-225.350467689062,-0.351699405933498,0.248537732143152,-0.206799274609637
1360,10.419875556885,-10.8829128525394,-225.754718402709,-27.6675387731132,-25.9075241200176,-21.4343832314276,-22.3742675588404,-29.6480879357052,-18.9922396528633,10.7850779415046,-11.1872812791533,-225.554731600682,-0.365202384619668,0.304368426613928,-0.199986802026842
1380,10.0369590953829,-10.5037202953893,-225.945158603819,-27.474764595646,-25.7720152191497,-21.468321102133,-22.2581613132398,-29.5172332996987,-18.9028817057596,10.4155202897259,-10.8636782293081,-225.752412479932,-0.378561194343026,0.359957933918842,-0.192746123886849
1400,9.64181414529809,-10.0733546687904,-226.128355544952,-27.2752626687479,-25.6456235317538,-21.5162832672049,-22.136263893841,-29.3958499719677,-18.8289747005028,10.0327159967594,-10.484822642091,-225.94278965709,-0.390901851461321,0.411467973300596,-0.185565887861912
1420,9.23492212988488,-9.59391267081518,-226.304086028854,-27.0693941912893,-25.5280688706251,-21.5777478745676,-22.0087458310177,-29.2838536233921,-18.7703437379923,9.63760583625274,-10.0545481267817,-226.125887989108,-0.402683706367869,0.460635455966475,-0.178198039746093
1440,8.8167787843871,-9.0677300946845,-226.472135955,-26.8575576980758,-25.4190299401349,-21.6521480973516,-21.8758071287858,-29.1811066739275,-18.7267544479268,9.23138074615459,-9.57794535986485,-226.301925410479,-0.414601961767493,0.510215265180349,-0.170210544521041
1460,8.3878935520612,-8.49737044901756,-226.63230058044,-26.6401912380194,-25.3181497192212,-21.7388779533519,-21.7376787522331,-29.0874214237468,-18.6979164179426,8.81305316337506,-9.05109261086212,-226.469711048537,-0.425159611313859,0.553722161844563,-0.162589531902995
1480,7.94878896349807,-7.88561246867569,-226.784384769251,-26.4177744473324,-25.2250410781248,-21.8372983694401,-21.5946242348693,-29.0025636447282,-18.6834870838852,8.3840371941091,-8.48040233599745,-226.629618014955,-0.435248230611022,0.59478986732176,-0.154766754296389
1500,7.5,-7.23543657704543,-226.928203230275,-26.1908304367223,-25.1392925440088,-21.9467434076402,-21.4469413512029,-28.9262565762389,-18.6830760276023,7.94557800229113,-7.87149465670274,-226.782063336319,-0.445578002291133,0.636058079657303,-0.1461398939567
1520,7.04207344178837,-6.55001036571536,-227.063580742871,-25.9599274118953,-25.0604741295908,-22.066526567343,-21.2949637951524,-28.8581852637812,-18.6962496229186,7.49713448386109,-7.22298484834576,-226.926017795336,-0.455061042072719,0.672974482630398,-0.137562947535542
1540,6.57556720183616,-5.83267316228824,-227.190352370393,-25.7256799487719,-24.988143139349,-22.1959470772993,-21.1390628014278,-28.7980011747287,-18.7225359656048,7.03870061616894,-6.53607427092202,-227.060699651744,-0.463133414332781,0.703401108633776,-0.129652718649282
1560,6.10104964613701,-5.08691976151273,-227.308363661141,-25.4887498487004,-24.9218498697269,-22.3342960916373,-20.9796486448603,-28.7453270221641,-18.761430019286,6.5727463690453,-5.82137395060541,-227.187774716451,-0.471696722908298,0.734454189092681,-0.120588944689644
1580,5.61909890123868,-4.3163833989945,-227.417470836534,-25.2498465046085,-24.8611431230388,-22.4808627062673,-20.8171719519194,-28.6997617257736,-18.8123989064431,6.09832734167429,-5.07652038733586,-227.30566364459,-0.479228440435606,0.760136988341355,-0.111807191943967
1600,5.13030214988503,-3.52481805043772,-227.517540966287,-25.0097267163861,-24.8055754594067,-22.6349397156356,-20.6521247593594,-28.6608854379097,-18.8748872720239,5.61668463004002,-4.30767276297999,-227.414874943537,-0.486382480154989,0.78285471254227,-0.102666022749872
1620,4.63525491562421,-2.71608014265267,-227.608452130361,-24.7691939027311,-24.7547081169847,-22.7958290348763,-20.4850412571351,-28.6282645633005,-18.9483226467451,5.12836566956762,-3.51829092260444,-227.515295600768,-0.493110753943403,0.802210779951768,-0.0931565295928181
1640,4.134560337255,-1.89410976543206,-227.690093567507,-24.5290966670419,-24.7081155378141,-22.9628467188877,-20.3164981563824,-28.6014567024678,-19.0321207379846,4.63376136890451,-2.7115357432508,-227.60656453314,-0.499201031649517,0.817425977818742,-0.0835290343669897
1660,3.62882843399502,-1.06291147582948,-227.762365810208,-24.2903266864881,-24.6653894447971,-23.1353275176404,-20.1471146283415,-28.5800154516731,-19.1256905782263,4.13295817025569,-1.89030428844898,-227.687645862125,-0.504129736260678,0.827392812619494,-0.0747199480825884
1680,3.11867536226639,-0.226534788360164,-227.82518080587,-24.0538159058784,-24.6261424243114,-23.3126289159562,-19.977551766512,-28.563494996107,-19.2284394643232,3.62722701492462,-1.06035134817276,-227.759429697248,-0.508551652658235,0.833816559812593,-0.0657511086225782
1700,2.60472266500395,0.610945553826847,-227.878462024098,-23.8205330310703,-24.5900109787353,-23.4941346159088,-19.808511531949,-28.5514544379768,-19.3397776253359,3.11739685933101,-0.22579964967686,-227.822341023741,-0.512674194327054,0.836745203503707,-0.056121000356967
1720,2.08759651440099,1.44544943068764,-227.922144549933,-23.5914793301166,-24.5566580234358,-23.6792574306748,-19.6407351502832,-28.543461807059,-19.4591225623054,2.60372026836048,0.609993560316912,-227.875662474584,-0.516123753959489,0.835455870370724,-0.0464820753482513
1740,1.56792694901481,2.27291122321819,-227.956175162946,-23.3676837637762,-24.5257748133669,-23.8674415698869,-19.4750009385683,-28.5390977080294,-19.5859030099386,2.0868474294276,1.44286907154264,-227.919349312102,-0.518920480412791,0.830042151675556,-0.0368258508443944
1760,1.04634710616188,3.08929962074147,-227.980512402079,-23.1501974801081,-24.4970822951433,-24.0581643080519,-19.312121550235,-28.5379585663492,-19.7195624776755,1.56742168845598,2.26870706375826,-227.953358016132,-0.521074582294098,0.820592556983213,-0.0271543859468579
1780,0.52349245053751,3.89063726104782,-227.995126616153,-22.9400877202799,-24.4703318910629,-24.2509370391498,-19.1529406369972,-28.539659442519,-19.8595623358364,1.04608173514306,3.0834257100398,-227.977637106142,-0.522589284605551,0.807211551008019,-0.0174895100103925
1800,1.83697019872103e-15,4.67302010770381,-228,-22.7384311941844,-24.4453057318584,-24.4453057318584,-18.9983289372909,-28.5438363929488,-20.0053844213302,0.523476139787083,3.88327236787312,-227.99227962908,-0.523476139787082,0.789747739830685,-0.00772037091957145
1820,-0.523492450537513,5.43263647012541,-227.995126616153,-22.5463069946808,-24.421816364757,-24.6408508107172,-18.8491798114669,-28.5501483643812,-20.156533146561,0.000215845724485228,4.66490740299163,-227.997431567462,-0.523708296261999,0.767729067133781,0.002304951309128
1840,-1.04634710616187,6.16578557375127,-227.980512402079,-22.364789128083,-24.3997059725296,-24.8371864987044,-18.7064042542683,-28.5582786175629,-20.3125371045116,-0.523075508286267,5.42446689906617,-227.993045777988,-0.523271597875605,0.7413186746851,0.0125333759096975
1860,-1.5679269490148,6.86889558984441,-227.956175162946,-22.1949387457169,-24.3788451474626,-25.033959665956,-18.5709254248727,-28.5679356845331,-20.472950172303,-1.04567674793758,6.15487423952656,-227.977877894508,-0.52225020107722,0.714021350317849,0.0217027315613336
1880,-2.08759651440098,7.53854103708282,-227.922144549933,-22.0377961668872,-24.3591312714225,-25.2308482375139,-18.4436727437713,-28.5788538723027,-20.637352124641,-1.56699176486545,6.85574150990626,-227.953207270862,-0.52060474953553,0.68279952717656,0.0310627209293557
1900,-2.60472266500396,8.17145947016004,-227.878462024098,-21.8943727873775,-24.3404865593077,-25.4275592199009,-18.3255756138039,-28.5907933337066,-20.805348777278,-2.08654346171592,7.5257423429785,-227.919585849784,-0.518179203288041,0.645717127181539,0.041123825686725
1920,-3.11867536226639,8.76456737409087,-227.82518080587,-21.7656429696637,-24.3228558280753,-25.6238264118766,-18.2175568296448,-28.6035397336459,-20.9765716887628,-2.60342063209875,8.15706738458272,-227.875771929041,-0.515254730167631,0.607499989508145,0.0505911231710172
1940,-3.62882843399501,9.31497518678636,-227.762365810208,-21.6525360114335,-24.3062040571441,-25.8194078688359,-18.1205257458267,-28.6169035456941,-21.1506774561706,-3.11713929831925,8.7487196316539,-227.822358459194,-0.511689135675763,0.566255555132466,0.0599926489863094
1960,-4.13456033725499,9.82000137670987,-227.690093567507,-21.5559282878572,-24.2905138082549,-26.0140831929459,-18.0353712779281,-28.6307190199875,-21.3273466470618,-3.62731980804641,9.30052161047174,-227.760001826899,-0.507240529208576,0.519479766238124,0.0699082593927756
1980,-4.63525491562422,10.2771855070291,-227.608452130361,-21.4766356605051,-24.2757825738065,-26.2076507222528,-17.9629548148232,-28.6448428683673,-21.5062824154978,-4.13262843429088,9.80235330983408,-227.687224255693,-0.502626481333339,0.474832197195056,0.0787721253317955
2000,-5.13030214988503,10.6843002226172,-227.517540966287,-21.4154062420051,-24.2620201222868,-26.3999246916654,-17.9041031218799,-28.6591527168065,-21.6872088544614,-4.63317643919749,10.2591079489641,-227.605618331113,-0.497125710687537,0.425192273653163,0.0880773648260913
2020,-5.61909890123868,11.0393621015028,-227.417470836534,-21.3729136006651,-24.2492459077145,-26.5907324369829,-17.8596013157568,-28.6735453781851,-21.8698691404144,-5.12802109060398,10.66546357632,-227.514699207659,-0.491077810634697,0.373898525182796,0.0972283711242028
2040,-6.101049646137,11.3406413179027,-227.308363661141,-21.3497504835099,-24.237486607057,-26.7799117100614,-17.8301859910289,-28.6879350004274,-22.0540235279571,-5.61661280277971,11.0197041900699,-227.414583348925,-0.484436843357288,0.320937127832753,0.106219687784517
2060,-6.57556720183616,11.586670069759,-227.190352370393,-21.3464231296915,-24.2267738454525,-26.967308168909,-17.8165385773644,-28.7022511458741,-22.2394472535995,-6.09852916799427,11.3215938795455,-227.305657590711,-0.47703803384189,0.265076190213495,0.115305220317936
2080,-7.04207344178836,11.7762497297235,-227.063580742871,-21.363346239149,-24.2171421638436,-27.1527731010755,-17.8192790034607,-28.7164368575248,-22.4259284075391,-6.5722958227479,11.5630916492896,-227.187008984886,-0.469777619040467,0.213158080433868,0.123428242014569
2100,-7.5,11.9084566847492,-226.928203230275,-21.4008386538833,-24.2086272774101,-27.3361614322956,-17.8389597405367,-28.7304467664718,-22.6132658310935,-7.03891836609363,11.7544078738433,-227.060574967239,-0.461081633906368,0.154048810905898,0.132371736963734
2120,-7.94878896349807,11.9826468358408,-226.784384769251,-21.4591198013436,-24.2012646660953,-27.5173300650813,-17.8760602939636,-28.7442452924965,-22.8012670950995,-7.49692857567148,11.8880697308424,-226.925479757444,-0.451860387826592,0.0945771049983755,0.141094988192521
2140,-8.3878935520612,11.9984587360395,-226.63230058044,-21.538306941305,-24.1950885306725,-27.6961365839965,-17.9309822066998,-28.7578049864542,-22.9897466112476,-7.94509945605633,11.9593467720337,-226.78129808018,-0.442794096004874,0.0391119640058477,0.148997499739295
2160,-8.8167787843871,11.9558153513571,-226.472135955,-21.6384132492836,-24.1901311393248,-27.8724383558218,-18.0040446326673,-28.7711050588105,-23.1785239240397,-8.38441464077578,11.9773434885301,-226.629571507621,-0.432364143611311,-0.0215281371729734,0.157435552621308
2180,-9.23492212988487,11.8549244360773,-226.304086028854,-21.759346761017,-24.1864225807569,-28.0460920438786,-18.0954805321342,-28.784130133584,-23.3674222259385,-8.81295733840561,11.9337920183156,-226.469331136347,-0.421964791479258,-0.0788675822382743,0.165245107493547
2200,-9.64181414529809,11.6962775205978,-226.128355544952,-21.9009101938496,-24.1839909305601,-28.2169535465756,-18.2054335346332,-28.7968692610872,-23.5562671324252,-9.23090081371669,11.8328598289225,-226.301315478864,-0.410913331581403,-0.136582308324773,0.172959933912637
2220,-10.0369590953829,11.4806475167435,-225.945158603819,-22.0628016519936,-24.1828628280684,-28.3848783609126,-18.3339555079837,-28.8093152163444,-23.7448857471977,-9.63791264190007,11.6758936664292,-226.125855735019,-0.399046453482804,-0.195246149685692,0.180697131199878
2240,-10.419875556885,11.2090849522184,-225.754718402709,-22.2446162135746,-24.1830644514203,-28.5497223623607,-18.4810048646507,-28.8214641030105,-23.9331060407504,-10.0324049587799,11.458246866788,-225.942438233844,-0.387470598105043,-0.249161914569603,0.187719831135269
2260,-10.7900970050798,10.8829128525394,-225.557266963672,-22.4458483881161,-24.1846228691358,-28.7113429833757,-18.646445628993,-28.8333152751385,-24.1207565581974,-10.4156405402062,11.1892353081456,-225.752364996375,-0.374456464873555,-0.3063224556062,0.195098032702816
2280,-11.1471723821609,10.5037202953893,-225.353044850871,-22.6658954236619,-24.1875677373948,-28.869600763927,-18.8300472809505,-28.8448715813699,-24.3076664645424,-10.7854465299523,10.8625219164621,-225.554880753984,-0.361725852208586,-0.358801621072761,0.201835903112652
2300,-11.4906666467847,10.0733546687904,-225.142300877492,-22.9040614331087,-24.1919333035135,-29.024361238963,-19.0314853834306,-28.8561399281835,-24.4936659278058,-11.1422856909394,10.4836348656837,-225.350723209108,-0.348380955845256,-0.410280196893297,0.208422331615992
2320,-11.8201613041008,9.59391267081517,-224.925291802605,-23.1595622995641,-24.1977606680179,-29.1754971198217,-19.250342992097,-28.867132150875,-24.6785868325962,-11.4861846332029,10.0560208670193,-225.140365252801,-0.33397667089795,-0.462108196204101,0.215073450195376
2340,-12.1352549156242,9.0677300946845,-224.70228201834,-23.4315313107386,-24.2051002503762,-29.3228907193459,-19.4861128374837,-28.8778661730863,-24.8622638089991,-11.8144743419558,9.57386265907988,-224.923028690026,-0.32078057366842,-0.506132564395381,0.220746671686442
2360,-12.4355635883256,8.49737044901756,-224.473543227766,-23.7190254626438,-24.214014397003,-29.4664365640094,-19.7382002604068,-28.8883674281035,-25.0445355541615,-12.1297445542062,9.04968861136242,-224.70029083663,-0.305819034119375,-0.552318162344852,0.226747608863974
2380,-12.7207214423464,7.88561246867569,-224.239354113866,-24.0210323633452,-24.2245800647624,-29.6060441308144,-20.0059268725905,-28.8986705079447,-25.2252464168139,-12.4304287583853,8.48174755757996,-224.471882927498,-0.290292683961081,-0.596135088904269,0.232528813632683
2400,-12.9903810567666,7.23543657704544,-224,-24.3364776584091,-24.2368915089799,-29.7416406421928,-20.2885349053624,-28.9088209995954,-25.4042482082965,-12.7153587345463,7.87084782496142,-224.237815818969,-0.27502232222025,-0.635411247915981,0.237815818968983
2420,-13.2442138928839,6.55001036571535,-223.755772502287,-24.6642328912069,-24.2510629020683,-29.8731738487519,-20.585192200315,-28.9188774617619,-25.5814021975778,-12.9846646408232,7.22122348805076,-223.998535051428,-0.259549252060744,-0.671213122335412,0.242762549140849
2440,-13.4819106944875,5.83267316228825,-223.506969174313,-25.0031237036469,-24.2672308073694,-30.0006147275308,-20.8949977871195,-28.9289134903381,-25.7565812423729,-13.2389257278593,6.53817886512694,-223.754602787367,-0.242984966628168,-0.705505702838694,0.247633613054631
2460,-13.703181864639,5.08691976151272,-223.253893144606,-25.3519382764658,-24.2855564328005,-30.1239600225763,-21.2169879853767,-28.9390198165308,-25.9296720039038,-13.4761048069034,5.82138828433174,-223.505856630411,-0.227077057735588,-0.734468522819018,0.251963485804453
2480,-13.9077578185018,4.31638339899451,-222.996852747327,-25.7094359031967,-24.3062275904309,-30.2432345551725,-21.5501429596827,-28.9493063783828,-26.1005771891964,-13.6966885019387,5.07606179313468,-223.252789607646,-0.211069316563126,-0.759678394140178,0.255936860318798
2500,-14.0953893117886,3.52481805043773,-222.736161146605,-26.074355588608,-24.3294602912182,-30.3584932330094,-21.8933936501643,-28.9599043043633,-26.2692177621626,-13.901377502647,4.30732081959622,-222.995930970883,-0.194011809141664,-0.782502769158486,0.259769824277328
2520,-14.2658477444273,2.71608014265268,-222.472135955,-26.4454245610063,-24.3554999088079,-30.4698226909991,-22.2456289948192,-28.9709677468422,-26.43553506317,-14.0896887427428,3.51809405138586,-222.735545546289,-0.17615900168447,-0.802013908733181,0.263409591289104
2540,-14.4189254390748,1.89410976543204,-222.205098846536,-26.8213665885261,-24.3846218524998,-30.577342501324,-22.6057033552648,-28.9826755036743,-26.5994927764041,-14.2603557763209,2.71103666815498,-222.471715287685,-0.158569662753916,-0.816926902722943,0.266616441149182
2560,-14.5544358941399,1.06291147582948,-221.935375164797,-27.2009099925191,-24.4171316971314,-30.681205896617,-22.9724440541672,-28.9952323678441,-26.7610786851419,-14.411840241922,1.88967956329167,-222.204621676527,-0.142595652217956,-0.826768087462189,0.269246511729307
2580,-14.6722140110071,0.226534788360176,-221.663293526542,-27.5827952564844,-24.4533647265992,-30.7815999578545,-23.3446589308411,-29.0088701481388,-26.920306157104,-14.5467421801585,1.05998167105276,-221.935049075681,-0.125471830848619,-0.833446882692582,0.2717555491393
2600,-14.7721162951831,-0.610945553826846,-221.389185421335,-27.9657821366484,-24.4936848578933,-30.8787452275007,-23.7211438214407,-29.0238483081292,-27.0772153053459,-14.6646762899216,0.225408046626181,-221.663081060805,-0.107440005261484,-0.836353600453027,0.273895639469316
2620,-14.8540210311236,-1.44544943068766,-221.113384807681,-28.348656190199,-24.5384829236498,-30.972894718532,-24.1006898718768,-29.040454176272,-27.2318737746606,-14.7648082097269,-0.610266274790806,-221.389051005664,-0.0892128213966075,-0.83518315589685,0.27566619798381
2640,-14.9178284305241,-2.2729112232182,-220.836227706141,-28.7302346491507,-24.5881743031356,-31.0643323010342,-24.482090595165,-29.0590026866311,-27.3843771091643,-14.8473422955247,-1.44318021254601,-221.113430734958,-0.0704861349993653,-0.829731010672196,0.277203028816444
2660,-14.9634607538974,-3.08929962074147,-220.558051789953,-29.1093715815837,-24.6431959040027,-31.1533704598912,-24.8641485903113,-29.0798356174338,-27.5348486635269,-14.9099360638342,-2.26841341095264,-220.836430824527,-0.0535246900631741,-0.820886209788834,0.278379034573533
2680,-14.9908624052864,-3.89063726104779,-220.27919597362,-29.4849622972413,-24.7040025098464,-31.2403474294539,-25.2456818470153,-29.1033203032909,-27.6834390281146,-14.9555779047874,-3.08313400879215,-220.558418914397,-0.0352845004990385,-0.807503252255644,0.279222940777316
2700,-15,-4.67302010770381,-220,-29.8559469707816,-24.7710625212894,-31.3256237237194,-25.6255295692933,-29.129847806258,-27.8303249469805,-14.9832003606089,-3.88313278052876,-220.279650837368,-0.0167996393911238,-0.789887327175049,0.279650837368081
2720,-14.9908624052864,-5.43263647012542,-219.72080402638,-30.2213134729295,-24.8448531307278,-31.4095780932174,-26.0025574614045,-29.1598305408162,-27.9757077170283,-14.9921098931169,-4.66363828155014,-220.000485970616,0.00124748783041717,-0.768998188575279,0.279681944235818
2740,-14.9634607538974,-6.16578557375128,-219.441948210047,-30.5800994168923,-24.9258549827566,-31.4926029521912,-26.3756624309832,-29.1936993581062,-28.1198110666067,-14.9834606142131,-5.42231375755755,-219.721383482547,0.0199998603156928,-0.743471816193722,0.27943527249974
2760,-14.9178284305241,-6.86889558984441,-219.163772293859,-30.9313934442175,-25.0145463833819,-31.5750993315137,-26.7437766767443,-29.2319001051596,-28.2628785220633,-14.956063634891,-6.15407521110417,-219.442630050919,0.0382352043668828,-0.714820378740239,0.278857757060649
2780,-14.8540210311236,-7.53854103708282,-218.886615192319,-31.2743357903344,-25.1113971312229,-31.6574714238082,-27.10587114125,-29.2748896852221,-28.4051702812047,-14.9110477362147,-6.85695864021892,-219.164497280441,0.0570267050911859,-0.681582396863898,0.27788208812143
2800,-14.7721162951831,-8.17145947016003,-218.610814578665,-31.6081181848984,-25.2168620527879,-31.7401207972156,-27.460958322661,-29.3231316553493,-28.5469596229326,-14.8482948669354,-7.52743298052301,-218.88734117714,0.0761785717522656,-0.644026489637021,0.276526598475357
2820,-14.6722140110071,-8.76456737409086,-218.336706473458,-31.9319831553905,-25.3313743314406,-31.8234403629076,-27.8080944528092,-29.377091407089,-28.688528892365,-14.765486952765,-8.15733571398467,-218.611676408956,0.0932729417579079,-0.607231660106185,0.274969935498461
2840,-14.5544358941399,-9.31497518678636,-218.064624835203,-32.2452228138845,-25.4553387257076,-31.9078081886186,-28.1463810619993,-29.437230985038,-28.8301651102602,-14.6647727753759,-8.7474166355535,-218.337726060234,0.110336881235936,-0.567558551232864,0.273101225031382
2860,-14.4189254390748,-9.82000137670987,-217.794901153464,-32.5471772162528,-25.5891247770422,-31.9935812559722,-28.4749659633434,-29.5040036062382,-28.9721552643592,-14.5476140640106,-9.2982115457004,-218.065645469749,0.128688624935821,-0.521789831009473,0.270744316285061
2880,-14.2658477444273,-10.2771855070291,-217.527864045,-32.8372323901559,-25.7330601099873,-32.0810892630987,-28.7930437008729,-29.5778479505794,-29.1147813481405,-14.4130447214218,-9.80469699018288,-217.795858870141,0.147196976994534,-0.472488516846244,0.267994825140818
2900,-14.0953893117886,-10.6843002226172,-217.263838853395,-33.1148181328608,-25.8874239288585,-32.1706285758906,-29.0998555159058,-29.6591822985006,-29.2583152192759,-14.2591003548497,-10.2585145536549,-217.529033497892,0.16371104306104,-0.425785668962337,0.265194644497683
2920,-13.9077578185018,-11.0393621015028,-217.003147252673,-33.3794056822128,-26.0524408145944,-32.2624564311841,-29.3946888949394,-29.7483985972192,-29.4030133556384,-14.0883137205613,-10.6637061425983,-217.265153197782,0.180555902059504,-0.375655958904487,0.262005945109081
2940,-13.703181864639,-11.3406413179027,-216.746106855394,-33.6305053639885,-26.228274923328,-32.3567854931781,-29.6768767695432,-29.845856540385,-29.549111590915,-13.9015932454331,-11.0206921632896,-217.00436528964,0.198411380794132,-0.319949154613111,0.258258434245931
2960,-13.4819106944875,-11.586670069759,-216.493030825687,-33.8676643164458,-26.415024684573,-32.4537788605504,-29.9457964441904,-29.9518777484117,-29.6968199146334,-13.6967299399926,-11.3202105914992,-216.747486786526,0.214819245505069,-0.266459478259858,0.254455960838499
2980,-13.2442138928839,-11.7762497297235,-216.244227497713,-34.0904643882814,-26.6127180917339,-32.5535456160645,-30.2008683316274,-30.066740137731,-29.8463174226503,-13.4753416111591,-11.5650741419937,-216.494546096878,0.231127718275198,-0.21117558772983,0.250318599165269
3000,-12.9903810567666,-11.9084566847492,-216,-34.2985202995597,-26.821308671035,-32.6561370030835,-30.4415545771798,-30.1906725668413,-29.9977475038328,-13.2386451946261,-11.7574329395092,-216.245585333715,0.248264137859545,-0.151023745240055,0.245585333715127
3020,-12.7207214423464,-11.9826468358408,-215.760645886134,-34.4914781466353,-27.0406722069622,-32.7615433044369,-30.6673576533365,-30.3238498452775,-30.1512133467998,-12.9841938586045,-11.8867574937922,-216.001667682676,0.263472416258123,-0.095889342048574,0.241021796542071
3040,-12.4355635883256,-11.9984587360395,-215.526456772234,-34.6690143218524,-27.2706042930284,-32.8696914886761,-30.8778190040636,-30.4663881885245,-30.3067738471763,-12.7145087357448,-11.9602362882153,-215.762464629998,0.27894514741916,-0.0382224478242517,0.236007857763468
3060,-12.1352549156242,-11.9558153513571,-215.29771798166,-34.83083490703,-27.5108187661626,-32.9804436770517,-31.0725178146288,-30.6183411974607,-30.4644399909168,-12.4301769323127,-11.9786256665789,-215.528148332151,0.294922016688529,0.0228103152217383,0.230430350490934
3080,-11.8201613041008,-11.8549244360773,-215.074708197395,-34.9766755866229,-27.7609470713802,-33.0935964717506,-31.2510699773501,-30.7796964351866,-30.6241717829311,-12.1291187093052,-11.9325567429161,-215.299860860027,0.308957405204422,0.0776323068387512,0.225152662632354
3100,-11.4906666467847,-11.6962775205978,-214.857699122508,-35.106302112173,-28.0205385907,-33.2088811722086,-31.4131273167099,-30.9503726671062,-30.7858757825907,-11.8142551649766,-11.8321015101906,-215.076952696295,0.323588518191954,0.135823989592797,0.219253573787427
3120,-11.1471723821609,-11.4806475167435,-214.646955149129,-35.2195113344178,-28.2890619566275,-33.3259648918895,-31.5583771288144,-31.1302178219459,-30.9494032988242,-11.4857892762088,-11.677207036763,-214.859703436415,0.338616894047876,0.196559520019427,0.21274828728599
3140,-10.7900970050798,-11.2090849522184,-214.442733036328,-35.3161328034023,-28.5659073560422,-33.4444525729975,-31.6865420803587,-31.3190077220785,-31.1145492875471,-11.1418710181009,-11.4594920495291,-214.649370913275,0.351774013021112,0.250407097310726,0.206637876947411
3160,-10.419875556885,-10.8829128525394,-214.245281597291,-35.3960309203685,-28.8503898151417,-33.5638898813952,-31.7973805012211,-31.5164456211449,-31.2810519832676,-10.7849553691435,-11.1882900428116,-214.445297596168,0.365079812258578,0.30537719027226,0.200015998876779
3180,-10.0369590953829,-10.5037202953893,-214.054841396181,-35.4591076083017,-29.1417534403787,-33.6837669487795,-31.8906870927212,-31.7221625756334,-31.448593285032,-10.415224509577,-10.8639109009118,-214.247852708084,0.378265414194091,0.360190605522535,0.19301131190349
3200,-9.64181414529809,-10.0733546687904,-213.871644455048,-35.505305451079,-29.4391765742722,-33.8035229141664,-31.9662940606159,-31.9357186648894,-31.6167999045932,-10.0318756542227,-10.4827295721666,-214.057931514489,0.390061508924644,0.409374903376255,0.186287059440843
3220,-9.23492212988488,-9.59391267081519,-213.695913971146,-35.5346112344831,-29.7417778088359,-33.9225512022348,-32.024072668276,-32.1566050611337,-31.7852452720109,-9.63730473566828,-10.0546326277881,-213.874659283973,0.402382605783398,0.460719956972913,0.178745312827004
3240,-8.8167787843871,-9.0677300946845,-213.527864045,-35.5470598062904,-30.0486227834219,-34.0402054623417,-32.0639351914209,-32.3842469376238,-31.9534521810206,-9.2308094398528,-9.57677012224008,-213.698990203907,0.414030655465696,0.50904002755558,0.171126158906134
3260,-8.38789355206121,-8.49737044901757,-213.36769941956,-35.54273815758,-30.3587316783657,-34.1558060793507,-32.0858372415443,-32.6180071892909,-32.1208961436807,-8.81253884912776,-9.05004720506151,-213.531352335146,0.424645297066547,0.552676756043942,0.163652915586596
3280,-7.94878896349809,-7.88561246867571,-213.215615230749,-35.521789613811,-30.6710873013107,-34.268647156101,-32.089780411034,-32.8571909262612,-32.2870094112433,-8.3842637257273,-8.48223592554136,-213.371049290615,0.435474762229214,0.596623456865647,0.155434059866224
3300,-7.50000000000001,-7.23543657704544,-213.071796769725,-35.4844180125164,-30.984643649887,-34.37800385768,-32.0758151793008,-33.1010506868736,-32.4511856061607,-7.9451331743165,-7.87050172653021,-213.21934211716,0.445133174316494,0.635065149484764,0.147545347435226
3320,-7.04207344178836,-6.55001036571535,-212.936419257129,-35.430891735169,-31.2983348229619,-34.483139999939,-32.0440440063321,-33.3487923034306,-32.6127848988778,-7.49644774530146,-7.22095010022712,-213.075777576028,0.454374303513103,0.670939734511771,0.139358318899724
3340,-6.57556720183616,-5.83267316228823,-212.809647629607,-35.3615474543626,-31.6110841433815,-34.5833157591697,-31.9946245283538,-33.5995813412764,-32.7711396528327,-7.03932293765194,-6.53882883616099,-212.940038499539,0.463755735815786,0.706155673872756,0.130390869932796
3360,-6.101049646137,-5.08691976151272,-212.691636338859,-35.2767934543697,-31.9218133484166,-34.677795376773,-31.9277727601132,-33.852550020226,-32.9255604521466,-6.57265923532259,-5.82127463551848,-212.81380495362,0.471609589185586,0.734354874005758,0.122168614760682
3380,-5.61909890123869,-4.31638339899451,-212.582529163466,-35.1771123837912,-32.2294517003784,-34.7658547322913,-31.8437662000708,-34.1068045172013,-33.0753424190722,-6.09833906814624,-5.07666806814098,-212.695957152747,0.479240166907555,0.760284669146476,0.113427989281291
3400,-5.13030214988503,-3.52481805043771,-212.482459033713,-35.0630633036917,-32.5329448693933,-34.846788660465,-31.7429467288865,-34.3614325405138,-33.2197717225968,-5.61694278349933,-4.30847450112667,-212.586635232895,0.486640633614304,0.783656450688961,0.10417619918249
3420,-4.63525491562421,-2.71608014265268,-212.391547869639,-34.9352829035104,-32.83126344335,-34.9199178930702,-31.6257231883501,-34.6155110598669,-33.3581321758742,-5.12795050794671,-3.51703075315493,-212.487302811663,0.4926955923225,0.800950610502254,0.0957549420240014
3440,-4.134560337255,-1.89410976543206,-212.309906432493,-34.7944857701708,-33.1234109266606,-34.9845955141764,-31.4925735276137,-34.868114072135,-33.4897118185148,-4.63321390797354,-2.70997424838695,-212.396415054964,0.498653570718541,0.815864482954892,0.0865086224704612
3460,-3.62882843399502,-1.06291147582949,-212.237634189792,-34.6414636130487,-33.4084310996957,-35.0402128280048,-31.3440464064519,-35.1183202815099,-33.6138093803194,-4.13294344302426,-1.88985924458739,-212.314556345934,0.504115009029243,0.826947768757903,0.0769221561421034
3480,-3.1186753622664,-0.226534788360178,-212.17481919413,-34.4770833684555,-33.68541462441,-35.0862045515694,-31.1807621513988,-35.3652205738729,-33.7297405258388,-3.62762024816415,-1.06042978802494,-212.242081387182,0.508944885897752,0.833894999664764,0.067262193052585
3500,-2.60472266500397,0.610945553826823,-212.121537975902,-34.3022841315539,-33.9535047984535,-35.1220532594439,-31.0034129700101,-35.6079251693008,-33.8368437841605,-3.11738424338165,-0.225396951577819,-212.180104200399,0.512661578377677,0.836342505404643,0.0585662244966727
3520,-2.08759651440099,1.44544943068763,-212.077855450067,-34.1180728904404,-34.2119023795481,-35.147293024926,-30.8127623410236,-35.8455703434456,-33.9344860754898,-2.60384276519205,0.610414524314834,-212.126344800262,0.516246250791061,0.835034906372799,0.0484893501945294
3540,-1.5679269490148,2.2729112232182,-212.043824837054,-33.9255190656825,-34.4598694235108,-35.1615122201277,-30.6096435136059,-36.0773246180225,-34.0220677552561,-2.0869251779205,1.44323793400832,-212.082986982168,0.518998228905698,0.829673289209882,0.0391621451141475
3560,-1.04634710616187,3.08929962074149,-212.019487597921,-33.7257478879311,-34.6967321023896,-35.1643554565746,-30.3949570667949,-36.3023943325692,-34.099027107417,-1.56755110880038,2.26925271610706,-212.048854455911,0.521204002638506,0.820046904634425,0.0293668579893165
3580,-0.523492450537512,3.89063726104781,-212.004873383847,-33.5199326753421,-34.9218824929971,-35.1555246672346,-30.1696675001792,-36.5200285237249,-34.1648442310886,-1.04632961838012,3.08496292620402,-212.023921498804,0.522837167842607,0.805674334843796,0.0190481149568313
