run_id,time,measured_x_est,measured_y_est,measured_z_est,estimator_method,valid
2026-06-05_run01_pre_cross_pm40_r01,16,0,-1.65436122511e-24,-263.277315147,fk_theta_meas_command_echo_no_encoder,True
2026-06-05_run01_pre_cross_pm40_r01,125,-1.32068670886e-15,1.33760554502e-15,-263.277315147,fk_theta_meas_command_echo_no_encoder,True
2026-06-05_run01_pre_cross_pm40_r01,219,-2.459627542e-15,2.49113693411e-15,-263.277315147,fk_theta_meas_command_echo_no_encoder,True
2026-06-05_run01_pre_cross_pm40_r01,328,-3.78031424921e-15,3.82874247748e-15,-263.277315147,fk_theta_meas_command_echo_no_encoder,True
2026-06-05_run01_pre_cross_pm40_r01,422,-4.9192550807e-15,4.98227386492e-15,-263.277315147,fk_theta_meas_command_echo_no_encoder,True
2026-06-05_run01_pre_cross_pm40_r01,532,-6.25205818138e-15,6.33215102044e-15,-263.277315147,fk_theta_meas_command_echo_no_encoder,True
2026-06-05_run01_pre_cross_pm40_r01,625,-7.37888262104e-15,7.47341079738e-15,-263.277315149,fk_theta_meas_command_echo_no_encoder,True
2026-06-05_run01_pre_cross_pm40_r01,750,-8.89343159909e-15,9.00736211047e-15,-263.277315148,fk_theta_meas_command_echo_no_encoder,True
2026-06-05_run01_pre_cross_pm40_r01,828,-9.83851016139e-15,9.96454772984e-15,-263.277315148,fk_theta_meas_command_echo_no_encoder,True
2026-06-05_run01_pre_cross_pm40_r01,922,-1.1385815262e-14,1.11594284701e-14,-263.277315147,fk_theta_meas_command_echo_no_encoder,True
2026-06-05_run01_pre_cross_pm40_r01,1032,-1.84191348091e-14,1.3086517403e-14,-263.277315147,fk_theta_meas_command_echo_no_encoder,True
2026-06-05_run01_pre_cross_pm40_r01,1125,-2.43654867898e-14,1.47157835008e-14,-263.277315147,fk_theta_meas_command_echo_no_encoder,True
2026-06-05_run01_pre_cross_pm40_r01,1219,-3.03757780391e-14,1.63625685889e-14,-263.277315147,fk_theta_meas_command_echo_no_encoder,True
2026-06-05_run01_pre_cross_pm40_r01,1328,-3.73451583176e-14,1.82721385316e-14,-263.277315147,fk_theta_meas_command_echo_no_encoder,True
2026-06-05_run01_pre_cross_pm40_r01,1422,-4.3355449567e-14,1.99189236197e-14,-263.277315147,fk_theta_meas_command_echo_no_encoder,True
2026-06-05_run01_pre_cross_pm40_r01,1532,-5.03887691141e-14,2.18460125526e-14,-263.277315147,fk_theta_meas_command_echo_no_encoder,True
2026-06-05_run01_pre_cross_pm40_r01,1625,-5.63351210948e-14,2.34752786504e-14,-263.277315147,fk_theta_meas_command_echo_no_encoder,True
2026-06-05_run01_pre_cross_pm40_r01,1719,-6.23454123442e-14,2.51220637386e-14,-263.277315147,fk_theta_meas_command_echo_no_encoder,True
2026-06-05_run01_pre_cross_pm40_r01,1828,-6.72634590341e-14,2.66287354857e-14,-263.277315147,fk_theta_meas_command_echo_no_encoder,True
2026-06-05_run01_pre_cross_pm40_r01,1953,-5.89857725238e-14,2.56230334838e-14,-263.277315147,fk_theta_meas_command_echo_no_encoder,True
2026-06-05_run01_pre_cross_pm40_r01,2032,-5.37542746493e-14,2.49874298186e-14,-263.277315147,fk_theta_meas_command_echo_no_encoder,True
2026-06-05_run01_pre_cross_pm40_r01,2125,-4.75956758856e-14,2.42391875293e-14,-263.277315147,fk_theta_meas_command_echo_no_encoder,True
2026-06-05_run01_pre_cross_pm40_r01,2219,-4.13708556299e-14,2.34828996239e-14,-263.277315147,fk_theta_meas_command_echo_no_encoder,True
2026-06-05_run01_pre_cross_pm40_r01,2344,-3.30931691195e-14,2.2477197622e-14,-263.277315147,fk_theta_meas_command_echo_no_encoder,True
2026-06-05_run01_pre_cross_pm40_r01,2422,-2.79278927371e-14,2.18496395728e-14,-263.277315147,fk_theta_meas_command_echo_no_encoder,True
2026-06-05_run01_pre_cross_pm40_r01,2532,-2.0643528608e-14,2.09646218112e-14,-263.277315147,fk_theta_meas_command_echo_no_encoder,True
2026-06-05_run01_pre_cross_pm40_r01,2625,-1.44849298443e-14,2.02163795218e-14,-263.277315147,fk_theta_meas_command_echo_no_encoder,True
2026-06-05_run01_pre_cross_pm40_r01,2719,-8.68136806511e-15,1.97149956251e-14,-263.277315147,fk_theta_meas_command_echo_no_encoder,True
2026-06-05_run01_pre_cross_pm40_r01,2828,-6.77771315277e-15,2.20538263673e-14,-263.277315147,fk_theta_meas_command_echo_no_encoder,True
2026-06-05_run01_pre_cross_pm40_r01,2938,-4.85659351646e-15,2.44141142722e-14,-263.277315147,fk_theta_meas_command_echo_no_encoder,True
2026-06-05_run01_pre_cross_pm40_r01,3032,-3.21490946361e-15,2.64310875728e-14,-263.277315147,fk_theta_meas_command_echo_no_encoder,True
2026-06-05_run01_pre_cross_pm40_r01,3125,-1.59069013473e-15,2.84266037106e-14,-263.277315147,fk_theta_meas_command_echo_no_encoder,True
2026-06-05_run01_pre_cross_pm40_r01,3219,5.09939181119e-17,3.04435770112e-14,-263.277315147,fk_theta_meas_command_echo_no_encoder,True
2026-06-05_run01_pre_cross_pm40_r01,3328,1.95464883045e-15,3.27824077533e-14,-263.277315147,fk_theta_meas_command_echo_no_encoder,True
2026-06-05_run01_pre_cross_pm40_r01,3422,3.5963328833e-15,3.47993810539e-14,-263.277315147,fk_theta_meas_command_echo_no_encoder,True
2026-06-05_run01_pre_cross_pm40_r01,3532,5.51745251961e-15,3.71596689588e-14,-263.277315147,fk_theta_meas_command_echo_no_encoder,True
2026-06-05_run01_pre_cross_pm40_r01,3625,5.90661350864e-15,3.92277183806e-14,-263.277315147,fk_theta_meas_command_echo_no_encoder,True
2026-06-05_run01_pre_cross_pm40_r01,3735,-3.96020933908e-16,4.20709760937e-14,-263.277315147,fk_theta_meas_command_echo_no_encoder,True
2026-06-05_run01_pre_cross_pm40_r01,3828,-5.7246118717e-15,4.44748212512e-14,-263.277315147,fk_theta_meas_command_echo_no_encoder,True
2026-06-05_run01_pre_cross_pm40_r01,3938,-1.20272463143e-14,4.73180789643e-14,-263.277315147,fk_theta_meas_command_echo_no_encoder,True
2026-06-05_run01_pre_cross_pm40_r01,4032,-1.74131339288e-14,4.97477719191e-14,-263.277315147,fk_theta_meas_command_echo_no_encoder,True
2026-06-05_run01_pre_cross_pm40_r01,4125,-2.27417248666e-14,5.21516170766e-14,-263.277315147,fk_theta_meas_command_echo_no_encoder,True
2026-06-05_run01_pre_cross_pm40_r01,4219,-2.81276124811e-14,5.45813100314e-14,-263.277315147,fk_theta_meas_command_echo_no_encoder,True
2026-06-05_run01_pre_cross_pm40_r01,4328,-3.43729502469e-14,5.73987199472e-14,-263.277315147,fk_theta_meas_command_echo_no_encoder,True
2026-06-05_run01_pre_cross_pm40_r01,4422,-3.97588378615e-14,5.9828412902e-14,-263.277315147,fk_theta_meas_command_echo_no_encoder,True
2026-06-05_run01_pre_cross_pm40_r01,4532,-4.47814020094e-14,6.15091831787e-14,-263.277315147,fk_theta_meas_command_echo_no_encoder,True
2026-06-05_run01_pre_cross_pm40_r01,4625,-4.30660233299e-14,6.02173607235e-14,-263.277315147,fk_theta_meas_command_echo_no_encoder,True
2026-06-05_run01_pre_cross_pm40_r01,4719,-3.69474014758e-14,6.01302088644e-14,-263.277315147,fk_theta_meas_command_echo_no_encoder,True
2026-06-05_run01_pre_cross_pm40_r01,4844,-3.32203521122e-14,5.98854951985e-14,-263.277315147,fk_theta_meas_command_echo_no_encoder,True
2026-06-05_run01_pre_cross_pm40_r01,4922,1.9995708562e-14,-2.82200773137e-14,-263.277315147,fk_theta_meas_command_echo_no_encoder,True
2026-06-05_run01_pre_cross_pm40_r01,5016,39.5097556094,-1.49074372108,-263.305902685,fk_theta_meas_command_echo_no_encoder,True
2026-06-05_run01_pre_cross_pm40_r01,5125,39.5097556094,-1.49074372108,-263.305902685,fk_theta_meas_command_echo_no_encoder,True
2026-06-05_run01_pre_cross_pm40_r01,5219,39.5097556095,-1.49074372108,-263.305902685,fk_theta_meas_command_echo_no_encoder,True
2026-06-05_run01_pre_cross_pm40_r01,5328,39.5097556097,-1.49074372109,-263.305902687,fk_theta_meas_command_echo_no_encoder,True
2026-06-05_run01_pre_cross_pm40_r01,5422,39.5097556096,-1.49074372109,-263.305902686,fk_theta_meas_command_echo_no_encoder,True
2026-06-05_run01_pre_cross_pm40_r01,5532,39.5097556095,-1.49074372108,-263.305902685,fk_theta_meas_command_echo_no_encoder,True
2026-06-05_run01_pre_cross_pm40_r01,5625,39.5097556094,-1.49074372108,-263.305902685,fk_theta_meas_command_echo_no_encoder,True
2026-06-05_run01_pre_cross_pm40_r01,5719,39.5097556095,-1.49074372108,-263.305902685,fk_theta_meas_command_echo_no_encoder,True
2026-06-05_run01_pre_cross_pm40_r01,5828,39.5097556094,-1.49074372108,-263.305902685,fk_theta_meas_command_echo_no_encoder,True
2026-06-05_run01_pre_cross_pm40_r01,5922,39.5097556095,-1.49074372108,-263.305902685,fk_theta_meas_command_echo_no_encoder,True
2026-06-05_run01_pre_cross_pm40_r01,6032,39.5097556094,-1.49074372108,-263.305902685,fk_theta_meas_command_echo_no_encoder,True
2026-06-05_run01_pre_cross_pm40_r01,6125,39.5097556095,-1.49074372108,-263.305902685,fk_theta_meas_command_echo_no_encoder,True
2026-06-05_run01_pre_cross_pm40_r01,6219,39.5097556094,-1.49074372108,-263.305902685,fk_theta_meas_command_echo_no_encoder,True
2026-06-05_run01_pre_cross_pm40_r01,6328,39.5097556094,-1.49074372108,-263.305902685,fk_theta_meas_command_echo_no_encoder,True
2026-06-05_run01_pre_cross_pm40_r01,6422,39.5097556096,-1.49074372108,-263.305902686,fk_theta_meas_command_echo_no_encoder,True
2026-06-05_run01_pre_cross_pm40_r01,6532,39.5097556094,-1.49074372108,-263.305902685,fk_theta_meas_command_echo_no_encoder,True
2026-06-05_run01_pre_cross_pm40_r01,6625,39.5097556095,-1.49074372108,-263.305902685,fk_theta_meas_command_echo_no_encoder,True
2026-06-05_run01_pre_cross_pm40_r01,6719,39.5097556094,-1.49074372108,-263.305902685,fk_theta_meas_command_echo_no_encoder,True
2026-06-05_run01_pre_cross_pm40_r01,6828,39.5097556094,-1.49074372108,-263.305902685,fk_theta_meas_command_echo_no_encoder,True
2026-06-05_run01_pre_cross_pm40_r01,6922,39.5097556095,-1.49074372108,-263.305902685,fk_theta_meas_command_echo_no_encoder,True
2026-06-05_run01_pre_cross_pm40_r01,7032,39.5097556094,-1.49074372108,-263.305902685,fk_theta_meas_command_echo_no_encoder,True
2026-06-05_run01_pre_cross_pm40_r01,7125,39.5097556095,-1.49074372108,-263.305902686,fk_theta_meas_command_echo_no_encoder,True
2026-06-05_run01_pre_cross_pm40_r01,7219,39.5097556094,-1.49074372108,-263.305902685,fk_theta_meas_command_echo_no_encoder,True
2026-06-05_run01_pre_cross_pm40_r01,7328,39.5097556094,-1.49074372108,-263.305902685,fk_theta_meas_command_echo_no_encoder,True
2026-06-05_run01_pre_cross_pm40_r01,7422,39.5097556095,-1.49074372108,-263.305902685,fk_theta_meas_command_echo_no_encoder,True
2026-06-05_run01_pre_cross_pm40_r01,7532,39.5097556094,-1.49074372108,-263.305902685,fk_theta_meas_command_echo_no_encoder,True
2026-06-05_run01_pre_cross_pm40_r01,7625,39.5097556096,-1.49074372108,-263.305902686,fk_theta_meas_command_echo_no_encoder,True
2026-06-05_run01_pre_cross_pm40_r01,7719,39.5097556094,-1.49074372108,-263.305902685,fk_theta_meas_command_echo_no_encoder,True
2026-06-05_run01_pre_cross_pm40_r01,7828,39.5097556094,-1.49074372108,-263.305902685,fk_theta_meas_command_echo_no_encoder,True
2026-06-05_run01_pre_cross_pm40_r01,7922,39.5097556095,-1.49074372108,-263.305902685,fk_theta_meas_command_echo_no_encoder,True
2026-06-05_run01_pre_cross_pm40_r01,8032,39.5097556094,-1.49074372108,-263.305902685,fk_theta_meas_command_echo_no_encoder,True
2026-06-05_run01_pre_cross_pm40_r01,8125,39.5097556096,-1.49074372108,-263.305902686,fk_theta_meas_command_echo_no_encoder,True
2026-06-05_run01_pre_cross_pm40_r01,8219,39.5097556094,-1.49074372108,-263.305902685,fk_theta_meas_command_echo_no_encoder,True
2026-06-05_run01_pre_cross_pm40_r01,8328,39.5097556094,-1.49074372108,-263.305902685,fk_theta_meas_command_echo_no_encoder,True
2026-06-05_run01_pre_cross_pm40_r01,8422,39.5097556095,-1.49074372108,-263.305902685,fk_theta_meas_command_echo_no_encoder,True
2026-06-05_run01_pre_cross_pm40_r01,8532,39.5097556094,-1.49074372108,-263.305902685,fk_theta_meas_command_echo_no_encoder,True
2026-06-05_run01_pre_cross_pm40_r01,8625,39.5097556096,-1.49074372109,-263.305902686,fk_theta_meas_command_echo_no_encoder,True
2026-06-05_run01_pre_cross_pm40_r01,8719,39.5097556097,-1.49074372109,-263.305902686,fk_theta_meas_command_echo_no_encoder,True
2026-06-05_run01_pre_cross_pm40_r01,8828,39.5097556094,-1.49074372108,-263.305902685,fk_theta_meas_command_echo_no_encoder,True
2026-06-05_run01_pre_cross_pm40_r01,8922,39.5097556095,-1.49074372108,-263.305902685,fk_theta_meas_command_echo_no_encoder,True
2026-06-05_run01_pre_cross_pm40_r01,9032,39.5097556094,-1.49074372108,-263.305902685,fk_theta_meas_command_echo_no_encoder,True
2026-06-05_run01_pre_cross_pm40_r01,9125,39.5097556096,-1.49074372109,-263.305902686,fk_theta_meas_command_echo_no_encoder,True
2026-06-05_run01_pre_cross_pm40_r01,9219,39.5097556096,-1.49074372109,-263.305902686,fk_theta_meas_command_echo_no_encoder,True
2026-06-05_run01_pre_cross_pm40_r01,9328,39.5097556094,-1.49074372108,-263.305902685,fk_theta_meas_command_echo_no_encoder,True
2026-06-05_run01_pre_cross_pm40_r01,9422,39.5097556095,-1.49074372108,-263.305902685,fk_theta_meas_command_echo_no_encoder,True
2026-06-05_run01_pre_cross_pm40_r01,9532,39.5097556097,-1.49074372109,-263.305902686,fk_theta_meas_command_echo_no_encoder,True
2026-06-05_run01_pre_cross_pm40_r01,9625,39.5097556097,-1.49074372109,-263.305902686,fk_theta_meas_command_echo_no_encoder,True
2026-06-05_run01_pre_cross_pm40_r01,9719,39.5097556096,-1.49074372108,-263.305902686,fk_theta_meas_command_echo_no_encoder,True
2026-06-05_run01_pre_cross_pm40_r01,9828,39.5097556094,-1.49074372108,-263.305902685,fk_theta_meas_command_echo_no_encoder,True
2026-06-05_run01_pre_cross_pm40_r01,9922,39.5097556094,-1.49074372108,-263.305902685,fk_theta_meas_command_echo_no_encoder,True
2026-06-05_run01_pre_cross_pm40_r01,10016,8.89085083767e-15,-2.06379780886e-14,-263.277315147,fk_theta_meas_command_echo_no_encoder,True
2026-06-05_run01_pre_cross_pm40_r01,10125,-2.38351005268e-15,-8.33399105597e-15,-263.277315147,fk_theta_meas_command_echo_no_encoder,True
2026-06-05_run01_pre_cross_pm40_r01,10219,-6.71993927517e-15,-2.68976769297e-14,-263.277315147,fk_theta_meas_command_echo_no_encoder,True
2026-06-05_run01_pre_cross_pm40_r01,10328,-1.79305202876e-14,-3.09168540415e-14,-263.277315147,fk_theta_meas_command_echo_no_encoder,True
2026-06-05_run01_pre_cross_pm40_r01,10422,-2.57506689583e-14,6.44020325621e-15,-263.277315147,fk_theta_meas_command_echo_no_encoder,True
2026-06-05_run01_pre_cross_pm40_r01,10532,-8.31669802801e-15,-1.15153499198e-14,-263.277315147,fk_theta_meas_command_echo_no_encoder,True
2026-06-05_run01_pre_cross_pm40_r01,10625,2.90186711466e-15,-1.55778574719e-14,-263.277315148,fk_theta_meas_command_echo_no_encoder,True
2026-06-05_run01_pre_cross_pm40_r01,10719,3.15703409595e-14,2.58442118888e-15,-263.277315147,fk_theta_meas_command_echo_no_encoder,True
2026-06-05_run01_pre_cross_pm40_r01,10828,1.95971558683e-14,1.0525322988e-15,-263.277315147,fk_theta_meas_command_echo_no_encoder,True
2026-06-05_run01_pre_cross_pm40_r01,10922,9.37309041146e-15,4.62084594221e-15,-263.277315147,fk_theta_meas_command_echo_no_encoder,True
2026-06-05_run01_pre_cross_pm40_r01,11032,-2.11211104451e-14,-1.05950708738e-15,-263.277315147,fk_theta_meas_command_echo_no_encoder,True
2026-06-05_run01_pre_cross_pm40_r01,11125,-2.39769142041e-14,6.77972624872e-15,-263.277315149,fk_theta_meas_command_echo_no_encoder,True
2026-06-05_run01_pre_cross_pm40_r01,11219,-2.60154311288e-15,-7.26578763518e-15,-263.277315149,fk_theta_meas_command_echo_no_encoder,True
2026-06-05_run01_pre_cross_pm40_r01,11328,2.10311216631e-14,-2.2320533492e-14,-263.277315147,fk_theta_meas_command_echo_no_encoder,True
2026-06-05_run01_pre_cross_pm40_r01,11422,-4.38310412271e-15,-7.85875474397e-15,-263.277315147,fk_theta_meas_command_echo_no_encoder,True
2026-06-05_run01_pre_cross_pm40_r01,11532,7.0796233459e-15,2.37080320653e-14,-263.277315148,fk_theta_meas_command_echo_no_encoder,True
2026-06-05_run01_pre_cross_pm40_r01,11625,-2.17264357547e-14,8.3650331128e-15,-263.277315149,fk_theta_meas_command_echo_no_encoder,True
2026-06-05_run01_pre_cross_pm40_r01,11719,1.35221694952e-14,-7.12750442434e-15,-263.277315148,fk_theta_meas_command_echo_no_encoder,True
2026-06-05_run01_pre_cross_pm40_r01,11828,2.12876438955e-14,-5.05202059953e-15,-263.277315147,fk_theta_meas_command_echo_no_encoder,True
2026-06-05_run01_pre_cross_pm40_r01,11938,-1.57519396832e-14,-4.68051246767e-14,-263.277315147,fk_theta_meas_command_echo_no_encoder,True
2026-06-05_run01_pre_cross_pm40_r01,12032,8.99020441425e-15,-9.15034107513e-15,-263.277315148,fk_theta_meas_command_echo_no_encoder,True
2026-06-05_run01_pre_cross_pm40_r01,12125,4.47145136144e-15,-1.61087462242e-14,-263.277315147,fk_theta_meas_command_echo_no_encoder,True
2026-06-05_run01_pre_cross_pm40_r01,12219,1.42973740486e-15,-4.22746690085e-15,-263.277315148,fk_theta_meas_command_echo_no_encoder,True
2026-06-05_run01_pre_cross_pm40_r01,12328,-7.68415924061e-15,-7.62758828241e-15,-263.277315147,fk_theta_meas_command_echo_no_encoder,True
2026-06-05_run01_pre_cross_pm40_r01,12422,-1.07899800206e-14,-4.19145783619e-15,-263.277315147,fk_theta_meas_command_echo_no_encoder,True
2026-06-05_run01_pre_cross_pm40_r01,12532,-6.37413299226e-15,6.05062739278e-16,-263.277315148,fk_theta_meas_command_echo_no_encoder,True
2026-06-05_run01_pre_cross_pm40_r01,12625,-1.32270344256e-14,-1.22498674044e-14,-263.277315147,fk_theta_meas_command_echo_no_encoder,True
2026-06-05_run01_pre_cross_pm40_r01,12719,-1.23671689209e-14,-5.13568950821e-15,-263.277315148,fk_theta_meas_command_echo_no_encoder,True
2026-06-05_run01_pre_cross_pm40_r01,12828,-9.33389650624e-15,3.63053229139e-15,-263.277315147,fk_theta_meas_command_echo_no_encoder,True
2026-06-05_run01_pre_cross_pm40_r01,12922,1.36067372647e-15,-8.93365818876e-15,-263.277315147,fk_theta_meas_command_echo_no_encoder,True
2026-06-05_run01_pre_cross_pm40_r01,13032,-1.37566824251e-14,1.58901246382e-14,-263.277315148,fk_theta_meas_command_echo_no_encoder,True
2026-06-05_run01_pre_cross_pm40_r01,13125,-1.20890558237e-14,-1.93220707416e-14,-263.277315147,fk_theta_meas_command_echo_no_encoder,True
2026-06-05_run01_pre_cross_pm40_r01,13219,8.18605166292e-15,1.4047675512e-14,-263.277315147,fk_theta_meas_command_echo_no_encoder,True
2026-06-05_run01_pre_cross_pm40_r01,13328,-1.70020095481e-14,-2.57266562591e-14,-263.277315147,fk_theta_meas_command_echo_no_encoder,True
2026-06-05_run01_pre_cross_pm40_r01,13422,-1.14975845684e-14,-1.51165463881e-14,-263.277315147,fk_theta_meas_command_echo_no_encoder,True
2026-06-05_run01_pre_cross_pm40_r01,13532,4.68060919884e-15,-9.97920008346e-16,-263.277315148,fk_theta_meas_command_echo_no_encoder,True
2026-06-05_run01_pre_cross_pm40_r01,13625,-1.72690198201e-15,8.35745285779e-15,-263.277315147,fk_theta_meas_command_echo_no_encoder,True
2026-06-05_run01_pre_cross_pm40_r01,13719,6.63607623713e-15,-9.61292609641e-16,-263.277315147,fk_theta_meas_command_echo_no_encoder,True
2026-06-05_run01_pre_cross_pm40_r01,13828,2.20097225457e-14,-7.79252454961e-15,-263.277315147,fk_theta_meas_command_echo_no_encoder,True
2026-06-05_run01_pre_cross_pm40_r01,13922,-7.92925837836e-15,-7.86784848969e-15,-263.277315147,fk_theta_meas_command_echo_no_encoder,True
2026-06-05_run01_pre_cross_pm40_r01,14047,-1.26886890751e-14,-3.76796169136e-15,-263.277315147,fk_theta_meas_command_echo_no_encoder,True
2026-06-05_run01_pre_cross_pm40_r01,14125,1.5713775765e-14,-1.68014067368e-15,-263.277315147,fk_theta_meas_command_echo_no_encoder,True
2026-06-05_run01_pre_cross_pm40_r01,14219,2.06451067179e-14,5.38916242361e-16,-263.277315147,fk_theta_meas_command_echo_no_encoder,True
2026-06-05_run01_pre_cross_pm40_r01,14328,-2.02138653438e-15,1.91650535509e-14,-263.277315147,fk_theta_meas_command_echo_no_encoder,True
2026-06-05_run01_pre_cross_pm40_r01,14422,6.76059685664e-15,4.24468962176e-14,-263.277315147,fk_theta_meas_command_echo_no_encoder,True
2026-06-05_run01_pre_cross_pm40_r01,14532,-3.97609462716e-15,-1.00874068484e-14,-263.277315147,fk_theta_meas_command_echo_no_encoder,True
2026-06-05_run01_pre_cross_pm40_r01,14625,1.98276572517e-14,-1.5711026986e-14,-263.277315147,fk_theta_meas_command_echo_no_encoder,True
2026-06-05_run01_pre_cross_pm40_r01,14719,2.87725572534e-14,6.12530181741e-15,-263.277315147,fk_theta_meas_command_echo_no_encoder,True
2026-06-05_run01_pre_cross_pm40_r01,14828,1.32038324941e-14,-2.34432451687e-14,-263.277315147,fk_theta_meas_command_echo_no_encoder,True
2026-06-05_run01_pre_cross_pm40_r01,14922,8.49363980271e-16,1.0127146247e-14,-263.277315147,fk_theta_meas_command_echo_no_encoder,True
2026-06-05_run01_pre_cross_pm40_r01,15016,-39.5097556094,-1.49074372108,-263.305902685,fk_theta_meas_command_echo_no_encoder,True
2026-06-05_run01_pre_cross_pm40_r01,15125,-39.5097556094,-1.49074372108,-263.305902685,fk_theta_meas_command_echo_no_encoder,True
2026-06-05_run01_pre_cross_pm40_r01,15219,-39.5097556094,-1.49074372108,-263.305902685,fk_theta_meas_command_echo_no_encoder,True
2026-06-05_run01_pre_cross_pm40_r01,15328,-39.5097556096,-1.49074372108,-263.305902686,fk_theta_meas_command_echo_no_encoder,True
2026-06-05_run01_pre_cross_pm40_r01,15422,-39.5097556096,-1.49074372109,-263.305902686,fk_theta_meas_command_echo_no_encoder,True
2026-06-05_run01_pre_cross_pm40_r01,15532,-39.5097556094,-1.49074372108,-263.305902685,fk_theta_meas_command_echo_no_encoder,True
2026-06-05_run01_pre_cross_pm40_r01,15625,-39.5097556095,-1.49074372108,-263.305902685,fk_theta_meas_command_echo_no_encoder,True
2026-06-05_run01_pre_cross_pm40_r01,15719,-39.5097556094,-1.49074372108,-263.305902685,fk_theta_meas_command_echo_no_encoder,True
2026-06-05_run01_pre_cross_pm40_r01,15828,-39.5097556095,-1.49074372108,-263.305902685,fk_theta_meas_command_echo_no_encoder,True
2026-06-05_run01_pre_cross_pm40_r01,15922,-39.5097556094,-1.49074372108,-263.305902685,fk_theta_meas_command_echo_no_encoder,True
2026-06-05_run01_pre_cross_pm40_r01,16032,-39.5097556095,-1.49074372108,-263.305902685,fk_theta_meas_command_echo_no_encoder,True
2026-06-05_run01_pre_cross_pm40_r01,16125,-39.5097556094,-1.49074372108,-263.305902685,fk_theta_meas_command_echo_no_encoder,True
2026-06-05_run01_pre_cross_pm40_r01,16219,-39.5097556095,-1.49074372108,-263.305902686,fk_theta_meas_command_echo_no_encoder,True
2026-06-05_run01_pre_cross_pm40_r01,16328,-39.5097556096,-1.49074372108,-263.305902686,fk_theta_meas_command_echo_no_encoder,True
2026-06-05_run01_pre_cross_pm40_r01,16422,-39.5097556094,-1.49074372108,-263.305902685,fk_theta_meas_command_echo_no_encoder,True
2026-06-05_run01_pre_cross_pm40_r01,16532,-39.5097556095,-1.49074372108,-263.305902685,fk_theta_meas_command_echo_no_encoder,True
2026-06-05_run01_pre_cross_pm40_r01,16625,-39.5097556094,-1.49074372108,-263.305902685,fk_theta_meas_command_echo_no_encoder,True
2026-06-05_run01_pre_cross_pm40_r01,16719,-39.5097556095,-1.49074372108,-263.305902685,fk_theta_meas_command_echo_no_encoder,True
2026-06-05_run01_pre_cross_pm40_r01,16828,-39.5097556094,-1.49074372108,-263.305902685,fk_theta_meas_command_echo_no_encoder,True
2026-06-05_run01_pre_cross_pm40_r01,16938,-39.5097556095,-1.49074372108,-263.305902685,fk_theta_meas_command_echo_no_encoder,True
2026-06-05_run01_pre_cross_pm40_r01,17032,-39.5097556094,-1.49074372108,-263.305902685,fk_theta_meas_command_echo_no_encoder,True
2026-06-05_run01_pre_cross_pm40_r01,17125,-39.5097556095,-1.49074372108,-263.305902686,fk_theta_meas_command_echo_no_encoder,True
2026-06-05_run01_pre_cross_pm40_r01,17219,-39.5097556094,-1.49074372108,-263.305902685,fk_theta_meas_command_echo_no_encoder,True
2026-06-05_run01_pre_cross_pm40_r01,17328,-39.5097556094,-1.49074372108,-263.305902685,fk_theta_meas_command_echo_no_encoder,True
2026-06-05_run01_pre_cross_pm40_r01,17438,-39.5097556095,-1.49074372108,-263.305902685,fk_theta_meas_command_echo_no_encoder,True
2026-06-05_run01_pre_cross_pm40_r01,17532,-39.5097556094,-1.49074372108,-263.305902685,fk_theta_meas_command_echo_no_encoder,True
2026-06-05_run01_pre_cross_pm40_r01,17625,-39.5097556095,-1.49074372108,-263.305902685,fk_theta_meas_command_echo_no_encoder,True
2026-06-05_run01_pre_cross_pm40_r01,17719,-39.5097556094,-1.49074372108,-263.305902685,fk_theta_meas_command_echo_no_encoder,True
2026-06-05_run01_pre_cross_pm40_r01,17828,-39.5097556095,-1.49074372108,-263.305902685,fk_theta_meas_command_echo_no_encoder,True
2026-06-05_run01_pre_cross_pm40_r01,17922,-39.5097556095,-1.49074372108,-263.305902685,fk_theta_meas_command_echo_no_encoder,True
2026-06-05_run01_pre_cross_pm40_r01,18032,-39.5097556094,-1.49074372108,-263.305902685,fk_theta_meas_command_echo_no_encoder,True
2026-06-05_run01_pre_cross_pm40_r01,18125,-39.5097556096,-1.49074372109,-263.305902686,fk_theta_meas_command_echo_no_encoder,True
2026-06-05_run01_pre_cross_pm40_r01,18235,-39.5097556095,-1.49074372108,-263.305902685,fk_theta_meas_command_echo_no_encoder,True
2026-06-05_run01_pre_cross_pm40_r01,18328,-39.5097556094,-1.49074372108,-263.305902685,fk_theta_meas_command_echo_no_encoder,True
2026-06-05_run01_pre_cross_pm40_r01,18422,-39.5097556095,-1.49074372108,-263.305902685,fk_theta_meas_command_echo_no_encoder,True
2026-06-05_run01_pre_cross_pm40_r01,18532,-39.5097556094,-1.49074372108,-263.305902685,fk_theta_meas_command_echo_no_encoder,True
2026-06-05_run01_pre_cross_pm40_r01,18625,-39.5097556096,-1.49074372109,-263.305902686,fk_theta_meas_command_echo_no_encoder,True
2026-06-05_run01_pre_cross_pm40_r01,18719,-39.5097556094,-1.49074372108,-263.305902685,fk_theta_meas_command_echo_no_encoder,True
2026-06-05_run01_pre_cross_pm40_r01,18828,-39.5097556094,-1.49074372108,-263.305902685,fk_theta_meas_command_echo_no_encoder,True
2026-06-05_run01_pre_cross_pm40_r01,18922,-39.5097556095,-1.49074372108,-263.305902685,fk_theta_meas_command_echo_no_encoder,True
2026-06-05_run01_pre_cross_pm40_r01,19032,-39.5097556097,-1.49074372109,-263.305902686,fk_theta_meas_command_echo_no_encoder,True
2026-06-05_run01_pre_cross_pm40_r01,19125,-39.5097556097,-1.49074372109,-263.305902686,fk_theta_meas_command_echo_no_encoder,True
2026-06-05_run01_pre_cross_pm40_r01,19219,-39.5097556097,-1.49074372109,-263.305902686,fk_theta_meas_command_echo_no_encoder,True
2026-06-05_run01_pre_cross_pm40_r01,19344,-39.5097556094,-1.49074372108,-263.305902685,fk_theta_meas_command_echo_no_encoder,True
2026-06-05_run01_pre_cross_pm40_r01,19422,-39.5097556095,-1.49074372108,-263.305902685,fk_theta_meas_command_echo_no_encoder,True
2026-06-05_run01_pre_cross_pm40_r01,19532,-39.5097556096,-1.49074372109,-263.305902686,fk_theta_meas_command_echo_no_encoder,True
2026-06-05_run01_pre_cross_pm40_r01,19625,-39.5097556097,-1.49074372109,-263.305902686,fk_theta_meas_command_echo_no_encoder,True
2026-06-05_run01_pre_cross_pm40_r01,19719,-39.5097556096,-1.49074372109,-263.305902686,fk_theta_meas_command_echo_no_encoder,True
2026-06-05_run01_pre_cross_pm40_r01,19828,-39.5097556094,-1.49074372108,-263.305902685,fk_theta_meas_command_echo_no_encoder,True
2026-06-05_run01_pre_cross_pm40_r01,19922,-39.5097556094,-1.49074372108,-263.305902685,fk_theta_meas_command_echo_no_encoder,True
2026-06-05_run01_pre_cross_pm40_r01,20016,-1.85497911519e-14,-7.50959082245e-15,-263.277315147,fk_theta_meas_command_echo_no_encoder,True
2026-06-05_run01_pre_cross_pm40_r01,20125,1.19305454694e-14,-2.52207133186e-14,-263.277315147,fk_theta_meas_command_echo_no_encoder,True
2026-06-05_run01_pre_cross_pm40_r01,20219,3.27277267786e-15,-2.70942834412e-14,-263.277315147,fk_theta_meas_command_echo_no_encoder,True
2026-06-05_run01_pre_cross_pm40_r01,20328,5.38631639291e-16,1.69673283101e-14,-263.277315147,fk_theta_meas_command_echo_no_encoder,True
2026-06-05_run01_pre_cross_pm40_r01,20422,-9.49582209739e-15,3.16840331098e-14,-263.277315147,fk_theta_meas_command_echo_no_encoder,True
2026-06-05_run01_pre_cross_pm40_r01,20532,-1.26422157754e-14,-1.31480475899e-14,-263.277315147,fk_theta_meas_command_echo_no_encoder,True
2026-06-05_run01_pre_cross_pm40_r01,20625,1.1851197107e-14,-3.01533158251e-14,-263.277315148,fk_theta_meas_command_echo_no_encoder,True
2026-06-05_run01_pre_cross_pm40_r01,20719,9.11879079191e-15,3.35381679026e-15,-263.277315148,fk_theta_meas_command_echo_no_encoder,True
2026-06-05_run01_pre_cross_pm40_r01,20828,9.28661005154e-15,-1.90309963405e-14,-263.277315147,fk_theta_meas_command_echo_no_encoder,True
2026-06-05_run01_pre_cross_pm40_r01,20922,1.44240630724e-14,6.6808368462e-15,-263.277315147,fk_theta_meas_command_echo_no_encoder,True
2026-06-05_run01_pre_cross_pm40_r01,21032,-2.12516483833e-14,-1.59121735924e-14,-263.277315147,fk_theta_meas_command_echo_no_encoder,True
2026-06-05_run01_pre_cross_pm40_r01,21125,1.52364015502e-14,-1.72552402054e-14,-263.277315147,fk_theta_meas_command_echo_no_encoder,True
2026-06-05_run01_pre_cross_pm40_r01,21219,1.20164295247e-14,1.24120820621e-15,-263.277315147,fk_theta_meas_command_echo_no_encoder,True
2026-06-05_run01_pre_cross_pm40_r01,21328,2.00583365022e-14,9.72647933332e-16,-263.277315147,fk_theta_meas_command_echo_no_encoder,True
2026-06-05_run01_pre_cross_pm40_r01,21422,-6.88078066746e-15,-6.47977494144e-15,-263.277315147,fk_theta_meas_command_echo_no_encoder,True
2026-06-05_run01_pre_cross_pm40_r01,21532,3.23489065396e-14,-8.20440178469e-15,-263.277315148,fk_theta_meas_command_echo_no_encoder,True
2026-06-05_run01_pre_cross_pm40_r01,21625,3.30562400369e-15,-2.44486912269e-15,-263.277315149,fk_theta_meas_command_echo_no_encoder,True
2026-06-05_run01_pre_cross_pm40_r01,21719,4.50746211168e-15,1.92133818578e-14,-263.277315147,fk_theta_meas_command_echo_no_encoder,True
2026-06-05_run01_pre_cross_pm40_r01,21828,8.72040070363e-15,1.80382781195e-15,-263.277315147,fk_theta_meas_command_echo_no_encoder,True
2026-06-05_run01_pre_cross_pm40_r01,21922,1.05318314833e-14,-1.32203072816e-14,-263.277315148,fk_theta_meas_command_echo_no_encoder,True
2026-06-05_run01_pre_cross_pm40_r01,22032,1.29885896597e-15,-2.5063497229e-14,-263.277315147,fk_theta_meas_command_echo_no_encoder,True
2026-06-05_run01_pre_cross_pm40_r01,22125,4.3541559247e-15,-1.59386426854e-14,-263.277315147,fk_theta_meas_command_echo_no_encoder,True
2026-06-05_run01_pre_cross_pm40_r01,22219,1.78977773863e-14,5.45366128428e-15,-263.277315147,fk_theta_meas_command_echo_no_encoder,True
2026-06-05_run01_pre_cross_pm40_r01,22328,-1.62014499039e-14,6.97246520774e-15,-263.277315147,fk_theta_meas_command_echo_no_encoder,True
2026-06-05_run01_pre_cross_pm40_r01,22438,3.17454396435e-15,-1.85249134783e-14,-263.277315147,fk_theta_meas_command_echo_no_encoder,True
2026-06-05_run01_pre_cross_pm40_r01,22532,-2.28630048921e-14,1.2130497751e-14,-263.277315147,fk_theta_meas_command_echo_no_encoder,True
2026-06-05_run01_pre_cross_pm40_r01,22641,1.0157456474e-14,-1.73438988272e-14,-263.277315147,fk_theta_meas_command_echo_no_encoder,True
2026-06-05_run01_pre_cross_pm40_r01,22719,-2.96850218018e-14,-1.42345885784e-14,-263.277315148,fk_theta_meas_command_echo_no_encoder,True
2026-06-05_run01_pre_cross_pm40_r01,22828,-5.15342976626e-15,-6.27035790369e-15,-263.277315148,fk_theta_meas_command_echo_no_encoder,True
2026-06-05_run01_pre_cross_pm40_r01,22922,-1.19013956676e-14,-1.03951881283e-14,-263.277315149,fk_theta_meas_command_echo_no_encoder,True
2026-06-05_run01_pre_cross_pm40_r01,23032,1.17280317402e-14,2.05884368256e-14,-263.277315147,fk_theta_meas_command_echo_no_encoder,True
2026-06-05_run01_pre_cross_pm40_r01,23125,1.04332775058e-14,-2.65188397169e-15,-263.277315147,fk_theta_meas_command_echo_no_encoder,True
2026-06-05_run01_pre_cross_pm40_r01,23219,-6.15469047255e-15,8.95348384192e-15,-263.277315147,fk_theta_meas_command_echo_no_encoder,True
2026-06-05_run01_pre_cross_pm40_r01,23328,4.72885619551e-15,8.37471639346e-15,-263.277315147,fk_theta_meas_command_echo_no_encoder,True
2026-06-05_run01_pre_cross_pm40_r01,23422,9.97715365186e-15,2.18113016797e-14,-263.277315147,fk_theta_meas_command_echo_no_encoder,True
2026-06-05_run01_pre_cross_pm40_r01,23532,-1.14730274223e-15,-9.27904063756e-15,-263.277315147,fk_theta_meas_command_echo_no_encoder,True
2026-06-05_run01_pre_cross_pm40_r01,23625,7.33777188316e-15,4.48930511363e-15,-263.277315148,fk_theta_meas_command_echo_no_encoder,True
2026-06-05_run01_pre_cross_pm40_r01,23719,8.55977615177e-17,2.28241972306e-14,-263.277315147,fk_theta_meas_command_echo_no_encoder,True
2026-06-05_run01_pre_cross_pm40_r01,23828,-7.77631642858e-15,-9.92277766375e-16,-263.277315147,fk_theta_meas_command_echo_no_encoder,True
2026-06-05_run01_pre_cross_pm40_r01,23922,-1.80147780374e-14,-5.93348273618e-15,-263.277315147,fk_theta_meas_command_echo_no_encoder,True
2026-06-05_run01_pre_cross_pm40_r01,24032,-1.4840559337e-15,2.23714276271e-15,-263.277315147,fk_theta_meas_command_echo_no_encoder,True
2026-06-05_run01_pre_cross_pm40_r01,24125,-1.7612864292e-15,1.0839738124e-14,-263.277315148,fk_theta_meas_command_echo_no_encoder,True
2026-06-05_run01_pre_cross_pm40_r01,24235,1.10461769939e-14,4.27142452268e-15,-263.277315148,fk_theta_meas_command_echo_no_encoder,True
2026-06-05_run01_pre_cross_pm40_r01,24328,5.14170514613e-15,-1.96352163341e-15,-263.277315147,fk_theta_meas_command_echo_no_encoder,True
2026-06-05_run01_pre_cross_pm40_r01,24422,2.0732981304e-14,1.83080479488e-14,-263.277315147,fk_theta_meas_command_echo_no_encoder,True
2026-06-05_run01_pre_cross_pm40_r01,24532,1.77802651108e-14,-4.64362435223e-15,-263.277315147,fk_theta_meas_command_echo_no_encoder,True
2026-06-05_run01_pre_cross_pm40_r01,24625,-6.62615578725e-15,-1.35872368722e-14,-263.277315147,fk_theta_meas_command_echo_no_encoder,True
2026-06-05_run01_pre_cross_pm40_r01,24719,1.46740106466e-14,1.44878108117e-15,-263.277315147,fk_theta_meas_command_echo_no_encoder,True
2026-06-05_run01_pre_cross_pm40_r01,24828,-3.30277797299e-14,2.36846844491e-15,-263.277315147,fk_theta_meas_command_echo_no_encoder,True
2026-06-05_run01_pre_cross_pm40_r01,24922,6.12639258409e-15,-5.20417042793e-16,-263.277315147,fk_theta_meas_command_echo_no_encoder,True
2026-06-05_run01_pre_cross_pm40_r01,25016,9.33725575619e-15,40.2618910024,-262.499438907,fk_theta_meas_command_echo_no_encoder,True
2026-06-05_run01_pre_cross_pm40_r01,25125,3.51571233856e-14,40.2618910024,-262.499438907,fk_theta_meas_command_echo_no_encoder,True
2026-06-05_run01_pre_cross_pm40_r01,25219,8.12966191579e-15,40.2618910025,-262.499438908,fk_theta_meas_command_echo_no_encoder,True
2026-06-05_run01_pre_cross_pm40_r01,25328,8.98012641518e-15,40.2618910025,-262.499438908,fk_theta_meas_command_echo_no_encoder,True
2026-06-05_run01_pre_cross_pm40_r01,25422,6.55896126068e-15,40.2618910026,-262.499438909,fk_theta_meas_command_echo_no_encoder,True
2026-06-05_run01_pre_cross_pm40_r01,25532,-3.10845258152e-14,40.2618910026,-262.499438908,fk_theta_meas_command_echo_no_encoder,True
2026-06-05_run01_pre_cross_pm40_r01,25625,2.12515237409e-14,40.2618910026,-262.499438909,fk_theta_meas_command_echo_no_encoder,True
2026-06-05_run01_pre_cross_pm40_r01,25719,-9.44749032465e-15,40.2618910026,-262.499438908,fk_theta_meas_command_echo_no_encoder,True
2026-06-05_run01_pre_cross_pm40_r01,25828,3.30690625187e-14,40.2618910026,-262.499438908,fk_theta_meas_command_echo_no_encoder,True
2026-06-05_run01_pre_cross_pm40_r01,25922,-1.64524510186e-14,40.2618910026,-262.499438909,fk_theta_meas_command_echo_no_encoder,True
2026-06-05_run01_pre_cross_pm40_r01,26032,2.03005192538e-14,40.2618910025,-262.499438908,fk_theta_meas_command_echo_no_encoder,True
2026-06-05_run01_pre_cross_pm40_r01,26125,1.84398034467e-14,40.2618910027,-262.499438909,fk_theta_meas_command_echo_no_encoder,True
2026-06-05_run01_pre_cross_pm40_r01,26219,4.70382746634e-15,40.2618910025,-262.499438908,fk_theta_meas_command_echo_no_encoder,True
2026-06-05_run01_pre_cross_pm40_r01,26328,-7.19373129978e-15,40.2618910027,-262.499438909,fk_theta_meas_command_echo_no_encoder,True
2026-06-05_run01_pre_cross_pm40_r01,26422,2.86717655575e-15,40.2618910025,-262.499438908,fk_theta_meas_command_echo_no_encoder,True
2026-06-05_run01_pre_cross_pm40_r01,26532,1.18485481403e-14,40.2618910026,-262.499438909,fk_theta_meas_command_echo_no_encoder,True
2026-06-05_run01_pre_cross_pm40_r01,26625,1.65450564237e-14,40.2618910026,-262.499438908,fk_theta_meas_command_echo_no_encoder,True
2026-06-05_run01_pre_cross_pm40_r01,26735,9.76549636177e-15,40.2618910026,-262.499438908,fk_theta_meas_command_echo_no_encoder,True
2026-06-05_run01_pre_cross_pm40_r01,26828,2.26320956681e-14,40.2618910027,-262.499438909,fk_theta_meas_command_echo_no_encoder,True
2026-06-05_run01_pre_cross_pm40_r01,26922,2.66035870357e-14,40.2618910025,-262.499438908,fk_theta_meas_command_echo_no_encoder,True
2026-06-05_run01_pre_cross_pm40_r01,27032,1.46196265404e-14,40.2618910024,-262.499438907,fk_theta_meas_command_echo_no_encoder,True
2026-06-05_run01_pre_cross_pm40_r01,27125,-2.40860324032e-14,40.2618910025,-262.499438908,fk_theta_meas_command_echo_no_encoder,True
2026-06-05_run01_pre_cross_pm40_r01,27235,1.13181380361e-14,40.2618910024,-262.499438907,fk_theta_meas_command_echo_no_encoder,True
2026-06-05_run01_pre_cross_pm40_r01,27328,1.17542596068e-14,40.2618910025,-262.499438908,fk_theta_meas_command_echo_no_encoder,True
2026-06-05_run01_pre_cross_pm40_r01,27422,-4.59276242534e-15,40.2618910024,-262.499438907,fk_theta_meas_command_echo_no_encoder,True
2026-06-05_run01_pre_cross_pm40_r01,27532,1.23354535742e-14,40.2618910026,-262.499438909,fk_theta_meas_command_echo_no_encoder,True
2026-06-05_run01_pre_cross_pm40_r01,27625,2.81802333693e-15,40.2618910026,-262.499438908,fk_theta_meas_command_echo_no_encoder,True
2026-06-05_run01_pre_cross_pm40_r01,27735,2.15122574475e-14,40.2618910024,-262.499438907,fk_theta_meas_command_echo_no_encoder,True
2026-06-05_run01_pre_cross_pm40_r01,27828,-1.92064249873e-15,40.2618910025,-262.499438908,fk_theta_meas_command_echo_no_encoder,True
2026-06-05_run01_pre_cross_pm40_r01,27938,1.59303125701e-14,40.2618910024,-262.499438907,fk_theta_meas_command_echo_no_encoder,True
2026-06-05_run01_pre_cross_pm40_r01,28032,-5.97546048267e-15,40.2618910025,-262.499438908,fk_theta_meas_command_echo_no_encoder,True
2026-06-05_run01_pre_cross_pm40_r01,28125,1.60600701007e-14,40.2618910024,-262.499438907,fk_theta_meas_command_echo_no_encoder,True
2026-06-05_run01_pre_cross_pm40_r01,28219,-4.02651629688e-15,40.2618910025,-262.499438908,fk_theta_meas_command_echo_no_encoder,True
2026-06-05_run01_pre_cross_pm40_r01,28328,-1.35065800769e-14,40.2618910024,-262.499438907,fk_theta_meas_command_echo_no_encoder,True
2026-06-05_run01_pre_cross_pm40_r01,28438,2.15682375409e-14,40.2618910026,-262.499438909,fk_theta_meas_command_echo_no_encoder,True
2026-06-05_run01_pre_cross_pm40_r01,28532,6.71998713688e-15,40.2618910025,-262.499438908,fk_theta_meas_command_echo_no_encoder,True
2026-06-05_run01_pre_cross_pm40_r01,28625,9.17218617083e-15,40.2618910024,-262.499438907,fk_theta_meas_command_echo_no_encoder,True
2026-06-05_run01_pre_cross_pm40_r01,28719,5.15158979944e-15,40.2618910025,-262.499438908,fk_theta_meas_command_echo_no_encoder,True
2026-06-05_run01_pre_cross_pm40_r01,28828,-1.38553914946e-14,40.2618910024,-262.499438907,fk_theta_meas_command_echo_no_encoder,True
2026-06-05_run01_pre_cross_pm40_r01,28922,2.47066118729e-15,40.2618910025,-262.499438908,fk_theta_meas_command_echo_no_encoder,True
2026-06-05_run01_pre_cross_pm40_r01,29032,-5.91628400212e-15,40.2618910024,-262.499438907,fk_theta_meas_command_echo_no_encoder,True
2026-06-05_run01_pre_cross_pm40_r01,29125,1.65505199518e-14,40.2618910025,-262.499438908,fk_theta_meas_command_echo_no_encoder,True
2026-06-05_run01_pre_cross_pm40_r01,29219,1.78617344066e-14,40.2618910024,-262.499438907,fk_theta_meas_command_echo_no_encoder,True
2026-06-05_run01_pre_cross_pm40_r01,29328,-1.60135081457e-14,40.2618910025,-262.499438908,fk_theta_meas_command_echo_no_encoder,True
2026-06-05_run01_pre_cross_pm40_r01,29422,4.96689646016e-16,40.2618910024,-262.499438907,fk_theta_meas_command_echo_no_encoder,True
2026-06-05_run01_pre_cross_pm40_r01,29547,3.04104113717e-15,40.2618910026,-262.499438909,fk_theta_meas_command_echo_no_encoder,True
2026-06-05_run01_pre_cross_pm40_r01,29625,8.42749106369e-15,40.2618910025,-262.499438908,fk_theta_meas_command_echo_no_encoder,True
2026-06-05_run01_pre_cross_pm40_r01,29719,7.44350104011e-15,40.2618910024,-262.499438907,fk_theta_meas_command_echo_no_encoder,True
2026-06-05_run01_pre_cross_pm40_r01,29828,-1.64286466274e-14,40.2618910026,-262.499438908,fk_theta_meas_command_echo_no_encoder,True
2026-06-05_run01_pre_cross_pm40_r01,29938,-1.65381356821e-14,40.2618910024,-262.499438907,fk_theta_meas_command_echo_no_encoder,True
2026-06-05_run01_pre_cross_pm40_r01,30016,1.35634857301e-15,-2.47580276592e-14,-263.277315147,fk_theta_meas_command_echo_no_encoder,True
2026-06-05_run01_pre_cross_pm40_r01,30125,9.7429651934e-15,8.45718590348e-15,-263.277315147,fk_theta_meas_command_echo_no_encoder,True
2026-06-05_run01_pre_cross_pm40_r01,30219,3.27278256668e-15,-3.54432195399e-14,-263.277315147,fk_theta_meas_command_echo_no_encoder,True
2026-06-05_run01_pre_cross_pm40_r01,30328,-1.53014528922e-14,2.01817729195e-14,-263.277315148,fk_theta_meas_command_echo_no_encoder,True
2026-06-05_run01_pre_cross_pm40_r01,30438,7.25112137137e-15,4.50290846277e-15,-263.277315149,fk_theta_meas_command_echo_no_encoder,True
2026-06-05_run01_pre_cross_pm40_r01,30532,5.43447260616e-15,-7.44283107368e-15,-263.277315148,fk_theta_meas_command_echo_no_encoder,True
2026-06-05_run01_pre_cross_pm40_r01,30625,-2.26736848736e-14,-3.00410737952e-14,-263.277315149,fk_theta_meas_command_echo_no_encoder,True
2026-06-05_run01_pre_cross_pm40_r01,30719,-1.17680522087e-14,1.13688355605e-14,-263.277315148,fk_theta_meas_command_echo_no_encoder,True
2026-06-05_run01_pre_cross_pm40_r01,30828,7.13610946352e-16,-8.41362569892e-15,-263.277315149,fk_theta_meas_command_echo_no_encoder,True
2026-06-05_run01_pre_cross_pm40_r01,30922,-8.50939824189e-15,-2.72203050031e-14,-263.277315148,fk_theta_meas_command_echo_no_encoder,True
2026-06-05_run01_pre_cross_pm40_r01,31032,1.65833534686e-14,1.22453045967e-14,-263.277315148,fk_theta_meas_command_echo_no_encoder,True
2026-06-05_run01_pre_cross_pm40_r01,31125,5.9939503177e-15,1.84247148788e-14,-263.277315148,fk_theta_meas_command_echo_no_encoder,True
2026-06-05_run01_pre_cross_pm40_r01,31219,2.14678995744e-14,-1.1975446676e-14,-263.277315148,fk_theta_meas_command_echo_no_encoder,True
2026-06-05_run01_pre_cross_pm40_r01,31328,1.33996271488e-14,-2.58963610075e-14,-263.277315147,fk_theta_meas_command_echo_no_encoder,True
2026-06-05_run01_pre_cross_pm40_r01,31422,-9.08349994298e-15,9.85762036235e-15,-263.277315147,fk_theta_meas_command_echo_no_encoder,True
2026-06-05_run01_pre_cross_pm40_r01,31532,-4.78392806357e-15,-1.36040857356e-14,-263.277315147,fk_theta_meas_command_echo_no_encoder,True
2026-06-05_run01_pre_cross_pm40_r01,31625,1.67344941787e-14,-2.37939008774e-15,-263.277315147,fk_theta_meas_command_echo_no_encoder,True
2026-06-05_run01_pre_cross_pm40_r01,31719,-1.38835258236e-14,-3.86995123447e-15,-263.277315147,fk_theta_meas_command_echo_no_encoder,True
2026-06-05_run01_pre_cross_pm40_r01,31828,2.11245379219e-14,2.65977561156e-14,-263.277315148,fk_theta_meas_command_echo_no_encoder,True
2026-06-05_run01_pre_cross_pm40_r01,31922,-5.5196819334e-16,-3.70216618289e-15,-263.277315147,fk_theta_meas_command_echo_no_encoder,True
2026-06-05_run01_pre_cross_pm40_r01,32032,-1.70090635916e-15,1.72507407664e-15,-263.277315148,fk_theta_meas_command_echo_no_encoder,True
2026-06-05_run01_pre_cross_pm40_r01,32125,-3.20353578913e-15,-1.15901212239e-15,-263.277315148,fk_theta_meas_command_echo_no_encoder,True
2026-06-05_run01_pre_cross_pm40_r01,32219,1.1771864152e-14,-2.32344525646e-15,-263.277315147,fk_theta_meas_command_echo_no_encoder,True
2026-06-05_run01_pre_cross_pm40_r01,32328,-2.20605835377e-15,3.67333117049e-15,-263.277315147,fk_theta_meas_command_echo_no_encoder,True
2026-06-05_run01_pre_cross_pm40_r01,32422,3.27328107636e-15,-6.26018334393e-15,-263.277315147,fk_theta_meas_command_echo_no_encoder,True
2026-06-05_run01_pre_cross_pm40_r01,32532,1.71956938612e-14,1.40063199754e-14,-263.277315147,fk_theta_meas_command_echo_no_encoder,True
2026-06-05_run01_pre_cross_pm40_r01,32625,-4.71688764236e-15,-2.08008029161e-14,-263.277315147,fk_theta_meas_command_echo_no_encoder,True
2026-06-05_run01_pre_cross_pm40_r01,32719,-4.60276563533e-15,-2.70180470878e-14,-263.277315147,fk_theta_meas_command_echo_no_encoder,True
2026-06-05_run01_pre_cross_pm40_r01,32828,-3.6347195661e-16,-2.415185499e-14,-263.277315147,fk_theta_meas_command_echo_no_encoder,True
2026-06-05_run01_pre_cross_pm40_r01,32922,-3.89938376771e-15,-1.71416700279e-14,-263.277315148,fk_theta_meas_command_echo_no_encoder,True
2026-06-05_run01_pre_cross_pm40_r01,33032,-2.53541991186e-15,-2.16678888373e-14,-263.277315148,fk_theta_meas_command_echo_no_encoder,True
2026-06-05_run01_pre_cross_pm40_r01,33125,-1.89270616503e-15,6.0689300807e-15,-263.277315147,fk_theta_meas_command_echo_no_encoder,True
2026-06-05_run01_pre_cross_pm40_r01,33219,-2.9220402541e-15,-3.3204504684e-14,-263.277315147,fk_theta_meas_command_echo_no_encoder,True
2026-06-05_run01_pre_cross_pm40_r01,33328,8.8867359077e-16,-8.0256981583e-15,-263.277315147,fk_theta_meas_command_echo_no_encoder,True
2026-06-05_run01_pre_cross_pm40_r01,33438,-2.30961535731e-15,-1.41360989754e-14,-263.277315147,fk_theta_meas_command_echo_no_encoder,True
2026-06-05_run01_pre_cross_pm40_r01,33532,-2.29572134471e-15,1.63722659562e-14,-263.277315147,fk_theta_meas_command_echo_no_encoder,True
2026-06-05_run01_pre_cross_pm40_r01,33625,-1.70041504921e-15,1.7566844676e-14,-263.277315147,fk_theta_meas_command_echo_no_encoder,True
2026-06-05_run01_pre_cross_pm40_r01,33719,-1.71960495349e-14,-7.54181873203e-15,-263.277315147,fk_theta_meas_command_echo_no_encoder,True
2026-06-05_run01_pre_cross_pm40_r01,33828,-1.03909920413e-14,6.93914111511e-16,-263.277315147,fk_theta_meas_command_echo_no_encoder,True
2026-06-05_run01_pre_cross_pm40_r01,33922,1.86844605706e-14,-1.59672622346e-14,-263.277315147,fk_theta_meas_command_echo_no_encoder,True
2026-06-05_run01_pre_cross_pm40_r01,34032,-9.3930135279e-15,-1.24012718446e-14,-263.277315147,fk_theta_meas_command_echo_no_encoder,True
2026-06-05_run01_pre_cross_pm40_r01,34125,-9.77232381165e-15,1.50093696152e-14,-263.277315148,fk_theta_meas_command_echo_no_encoder,True
2026-06-05_run01_pre_cross_pm40_r01,34219,1.82834220872e-14,9.89139326085e-15,-263.277315147,fk_theta_meas_command_echo_no_encoder,True
2026-06-05_run01_pre_cross_pm40_r01,34328,-1.17607180613e-14,1.97689087322e-14,-263.277315149,fk_theta_meas_command_echo_no_encoder,True
2026-06-05_run01_pre_cross_pm40_r01,34422,-2.39313006747e-15,-1.4961339459e-14,-263.277315148,fk_theta_meas_command_echo_no_encoder,True
2026-06-05_run01_pre_cross_pm40_r01,34532,1.724811276e-14,3.61906685176e-15,-263.277315147,fk_theta_meas_command_echo_no_encoder,True
2026-06-05_run01_pre_cross_pm40_r01,34625,-1.67523730165e-14,-1.9595599015e-14,-263.277315147,fk_theta_meas_command_echo_no_encoder,True
2026-06-05_run01_pre_cross_pm40_r01,34719,-4.38474630438e-15,-1.70778581821e-15,-263.277315147,fk_theta_meas_command_echo_no_encoder,True
2026-06-05_run01_pre_cross_pm40_r01,34828,-2.68169224509e-15,1.81031947245e-14,-263.277315147,fk_theta_meas_command_echo_no_encoder,True
2026-06-05_run01_pre_cross_pm40_r01,34922,2.89092801249e-15,-1.75761935358e-14,-263.277315147,fk_theta_meas_command_echo_no_encoder,True
2026-06-05_run01_pre_cross_pm40_r01,35016,6.31497181942e-15,-39.958805102,-262.455524635,fk_theta_meas_command_echo_no_encoder,True
2026-06-05_run01_pre_cross_pm40_r01,35125,-2.12879974824e-15,-39.958805102,-262.455524635,fk_theta_meas_command_echo_no_encoder,True
2026-06-05_run01_pre_cross_pm40_r01,35219,-1.07156943312e-14,-39.958805102,-262.455524635,fk_theta_meas_command_echo_no_encoder,True
2026-06-05_run01_pre_cross_pm40_r01,35328,-1.47832815501e-14,-39.958805102,-262.455524635,fk_theta_meas_command_echo_no_encoder,True
2026-06-05_run01_pre_cross_pm40_r01,35422,-2.92072335e-15,-39.9588051022,-262.455524636,fk_theta_meas_command_echo_no_encoder,True
2026-06-05_run01_pre_cross_pm40_r01,35532,1.66202191596e-14,-39.958805102,-262.455524635,fk_theta_meas_command_echo_no_encoder,True
2026-06-05_run01_pre_cross_pm40_r01,35625,-7.2158644274e-16,-39.9588051021,-262.455524636,fk_theta_meas_command_echo_no_encoder,True
2026-06-05_run01_pre_cross_pm40_r01,35719,5.80413419581e-16,-39.958805102,-262.455524635,fk_theta_meas_command_echo_no_encoder,True
2026-06-05_run01_pre_cross_pm40_r01,35828,6.3332605024e-15,-39.958805102,-262.455524635,fk_theta_meas_command_echo_no_encoder,True
2026-06-05_run01_pre_cross_pm40_r01,35922,1.99359079354e-14,-39.9588051021,-262.455524636,fk_theta_meas_command_echo_no_encoder,True
2026-06-05_run01_pre_cross_pm40_r01,36032,-1.05012804459e-14,-39.958805102,-262.455524635,fk_theta_meas_command_echo_no_encoder,True
2026-06-05_run01_pre_cross_pm40_r01,36125,-1.56831188086e-14,-39.9588051022,-262.455524636,fk_theta_meas_command_echo_no_encoder,True
2026-06-05_run01_pre_cross_pm40_r01,36219,-1.81087650001e-15,-39.958805102,-262.455524635,fk_theta_meas_command_echo_no_encoder,True
2026-06-05_run01_pre_cross_pm40_r01,36328,2.880078952e-15,-39.958805102,-262.455524635,fk_theta_meas_command_echo_no_encoder,True
2026-06-05_run01_pre_cross_pm40_r01,36422,-9.6975456521e-15,-39.9588051021,-262.455524636,fk_theta_meas_command_echo_no_encoder,True
2026-06-05_run01_pre_cross_pm40_r01,36532,3.31395105903e-15,-39.958805102,-262.455524635,fk_theta_meas_command_echo_no_encoder,True
2026-06-05_run01_pre_cross_pm40_r01,36625,-5.34270379222e-15,-39.9588051022,-262.455524637,fk_theta_meas_command_echo_no_encoder,True
2026-06-05_run01_pre_cross_pm40_r01,36719,-1.12773385678e-14,-39.958805102,-262.455524635,fk_theta_meas_command_echo_no_encoder,True
2026-06-05_run01_pre_cross_pm40_r01,36828,-2.93174129748e-15,-39.958805102,-262.455524635,fk_theta_meas_command_echo_no_encoder,True
2026-06-05_run01_pre_cross_pm40_r01,36922,5.62953641397e-15,-39.958805102,-262.455524636,fk_theta_meas_command_echo_no_encoder,True
2026-06-05_run01_pre_cross_pm40_r01,37032,-2.59309538764e-15,-39.958805102,-262.455524635,fk_theta_meas_command_echo_no_encoder,True
2026-06-05_run01_pre_cross_pm40_r01,37125,3.8421461134e-15,-39.958805102,-262.455524635,fk_theta_meas_command_echo_no_encoder,True
2026-06-05_run01_pre_cross_pm40_r01,37219,-1.81871344497e-14,-39.9588051022,-262.455524637,fk_theta_meas_command_echo_no_encoder,True
2026-06-05_run01_pre_cross_pm40_r01,37328,-1.94369451671e-15,-39.958805102,-262.455524635,fk_theta_meas_command_echo_no_encoder,True
2026-06-05_run01_pre_cross_pm40_r01,37422,5.59257223224e-15,-39.958805102,-262.455524636,fk_theta_meas_command_echo_no_encoder,True
2026-06-05_run01_pre_cross_pm40_r01,37532,-2.64615316276e-15,-39.9588051022,-262.455524637,fk_theta_meas_command_echo_no_encoder,True
2026-06-05_run01_pre_cross_pm40_r01,37625,-3.5367340588e-15,-39.958805102,-262.455524635,fk_theta_meas_command_echo_no_encoder,True
2026-06-05_run01_pre_cross_pm40_r01,37719,7.08920552962e-15,-39.9588051022,-262.455524637,fk_theta_meas_command_echo_no_encoder,True
2026-06-05_run01_pre_cross_pm40_r01,37828,-5.53734252619e-16,-39.958805102,-262.455524635,fk_theta_meas_command_echo_no_encoder,True
2026-06-05_run01_pre_cross_pm40_r01,37922,6.19518499837e-16,-39.958805102,-262.455524635,fk_theta_meas_command_echo_no_encoder,True
2026-06-05_run01_pre_cross_pm40_r01,38032,4.77815584738e-15,-39.9588051021,-262.455524636,fk_theta_meas_command_echo_no_encoder,True
2026-06-05_run01_pre_cross_pm40_r01,38125,1.05084756144e-15,-39.958805102,-262.455524635,fk_theta_meas_command_echo_no_encoder,True
2026-06-05_run01_pre_cross_pm40_r01,38219,-1.52496003086e-14,-39.9588051021,-262.455524636,fk_theta_meas_command_echo_no_encoder,True
2026-06-05_run01_pre_cross_pm40_r01,38328,-7.21349940923e-15,-39.958805102,-262.455524635,fk_theta_meas_command_echo_no_encoder,True
2026-06-05_run01_pre_cross_pm40_r01,38422,2.59465803243e-15,-39.958805102,-262.455524635,fk_theta_meas_command_echo_no_encoder,True
2026-06-05_run01_pre_cross_pm40_r01,38532,4.15559866172e-16,-39.9588051021,-262.455524636,fk_theta_meas_command_echo_no_encoder,True
2026-06-05_run01_pre_cross_pm40_r01,38625,-7.7651112078e-15,-39.958805102,-262.455524635,fk_theta_meas_command_echo_no_encoder,True
2026-06-05_run01_pre_cross_pm40_r01,38719,-8.76446441586e-16,-39.9588051021,-262.455524636,fk_theta_meas_command_echo_no_encoder,True
2026-06-05_run01_pre_cross_pm40_r01,38828,1.66997402003e-16,-39.958805102,-262.455524635,fk_theta_meas_command_echo_no_encoder,True
2026-06-05_run01_pre_cross_pm40_r01,38922,-9.84814429075e-16,-39.958805102,-262.455524635,fk_theta_meas_command_echo_no_encoder,True
2026-06-05_run01_pre_cross_pm40_r01,39032,-2.04669867102e-14,-39.9588051021,-262.455524636,fk_theta_meas_command_echo_no_encoder,True
2026-06-05_run01_pre_cross_pm40_r01,39125,1.03128055271e-14,-39.958805102,-262.455524635,fk_theta_meas_command_echo_no_encoder,True
2026-06-05_run01_pre_cross_pm40_r01,39219,-1.6576242892e-14,-39.9588051021,-262.455524636,fk_theta_meas_command_echo_no_encoder,True
2026-06-05_run01_pre_cross_pm40_r01,39328,2.34967835934e-15,-39.958805102,-262.455524635,fk_theta_meas_command_echo_no_encoder,True
2026-06-05_run01_pre_cross_pm40_r01,39422,4.58265533204e-15,-39.958805102,-262.455524635,fk_theta_meas_command_echo_no_encoder,True
2026-06-05_run01_pre_cross_pm40_r01,39532,2.07591113694e-14,-39.9588051021,-262.455524636,fk_theta_meas_command_echo_no_encoder,True
2026-06-05_run01_pre_cross_pm40_r01,39625,1.17207447852e-14,-39.958805102,-262.455524635,fk_theta_meas_command_echo_no_encoder,True
2026-06-05_run01_pre_cross_pm40_r01,39719,2.91687869549e-15,-39.958805102,-262.455524636,fk_theta_meas_command_echo_no_encoder,True
2026-06-05_run01_pre_cross_pm40_r01,39828,1.14217735499e-14,-39.958805102,-262.455524635,fk_theta_meas_command_echo_no_encoder,True
2026-06-05_run01_pre_cross_pm40_r01,39922,4.01655238194e-15,-39.958805102,-262.455524635,fk_theta_meas_command_echo_no_encoder,True
2026-06-05_run01_pre_cross_pm40_r01,40016,-1.70532360777e-14,-1.77513846721e-14,-263.277315147,fk_theta_meas_command_echo_no_encoder,True
2026-06-05_run01_pre_cross_pm40_r01,40141,-9.06139358345e-15,-2.28984583031e-14,-263.277315147,fk_theta_meas_command_echo_no_encoder,True
2026-06-05_run01_pre_cross_pm40_r01,40219,1.37322181321e-15,-1.82675597739e-14,-263.277315147,fk_theta_meas_command_echo_no_encoder,True
2026-06-05_run01_pre_cross_pm40_r01,40328,7.02412273808e-15,5.519456423e-15,-263.277315147,fk_theta_meas_command_echo_no_encoder,True
2026-06-05_run01_pre_cross_pm40_r01,40422,2.10660956481e-15,1.86460005422e-14,-263.277315147,fk_theta_meas_command_echo_no_encoder,True
2026-06-05_run01_pre_cross_pm40_r01,40532,1.79093825845e-15,-5.5546092912e-15,-263.277315147,fk_theta_meas_command_echo_no_encoder,True
2026-06-05_run01_pre_cross_pm40_r01,40625,-2.17667963357e-14,-2.3038645644e-14,-263.277315149,fk_theta_meas_command_echo_no_encoder,True
2026-06-05_run01_pre_cross_pm40_r01,40719,-3.13576357582e-16,-8.83407930058e-15,-263.277315147,fk_theta_meas_command_echo_no_encoder,True
2026-06-05_run01_pre_cross_pm40_r01,40828,7.55125924051e-15,1.20550023927e-14,-263.277315147,fk_theta_meas_command_echo_no_encoder,True
2026-06-05_run01_pre_cross_pm40_r01,40922,-2.4368855795e-14,9.50433308444e-15,-263.277315147,fk_theta_meas_command_echo_no_encoder,True
2026-06-05_run01_pre_cross_pm40_r01,41032,1.52942625273e-15,-4.4723339615e-15,-263.277315147,fk_theta_meas_command_echo_no_encoder,True
2026-06-05_run01_pre_cross_pm40_r01,41125,8.86233240845e-15,9.25301502086e-15,-263.277315147,fk_theta_meas_command_echo_no_encoder,True
2026-06-05_run01_pre_cross_pm40_r01,41219,-1.13890891015e-17,4.21467331521e-15,-263.277315147,fk_theta_meas_command_echo_no_encoder,True
2026-06-05_run01_pre_cross_pm40_r01,41328,9.35001817863e-15,-2.41429892608e-14,-263.277315147,fk_theta_meas_command_echo_no_encoder,True
2026-06-05_run01_pre_cross_pm40_r01,41422,1.44536417079e-15,5.33590099189e-15,-263.277315148,fk_theta_meas_command_echo_no_encoder,True
2026-06-05_run01_pre_cross_pm40_r01,41532,2.33891473424e-15,-6.37044670487e-15,-263.277315148,fk_theta_meas_command_echo_no_encoder,True
2026-06-05_run01_pre_cross_pm40_r01,41625,-1.89118554498e-15,1.04495158173e-14,-263.277315147,fk_theta_meas_command_echo_no_encoder,True
2026-06-05_run01_pre_cross_pm40_r01,41719,-1.77164413064e-14,-1.9312676458e-14,-263.277315148,fk_theta_meas_command_echo_no_encoder,True
2026-06-05_run01_pre_cross_pm40_r01,41828,-1.91947179386e-14,1.31058358941e-15,-263.277315147,fk_theta_meas_command_echo_no_encoder,True
2026-06-05_run01_pre_cross_pm40_r01,41922,2.65780038987e-15,-1.36476658967e-14,-263.277315147,fk_theta_meas_command_echo_no_encoder,True
2026-06-05_run01_pre_cross_pm40_r01,42032,-1.76336684389e-14,6.29964830301e-15,-263.277315148,fk_theta_meas_command_echo_no_encoder,True
2026-06-05_run01_pre_cross_pm40_r01,42125,4.21613406148e-15,1.82406173416e-15,-263.277315147,fk_theta_meas_command_echo_no_encoder,True
2026-06-05_run01_pre_cross_pm40_r01,42219,-4.86427616886e-15,1.21962986585e-14,-263.277315148,fk_theta_meas_command_echo_no_encoder,True
2026-06-05_run01_pre_cross_pm40_r01,42328,1.15086517323e-14,-3.27020091378e-16,-263.277315147,fk_theta_meas_command_echo_no_encoder,True
2026-06-05_run01_pre_cross_pm40_r01,42422,-2.02794575967e-14,1.48414809088e-14,-263.277315147,fk_theta_meas_command_echo_no_encoder,True
2026-06-05_run01_pre_cross_pm40_r01,42532,1.40995868143e-14,-2.16944517906e-14,-263.277315148,fk_theta_meas_command_echo_no_encoder,True
2026-06-05_run01_pre_cross_pm40_r01,42625,-2.20478093679e-14,-2.01951923037e-14,-263.277315147,fk_theta_meas_command_echo_no_encoder,True
2026-06-05_run01_pre_cross_pm40_r01,42719,2.89494410812e-15,-7.85883944726e-15,-263.277315148,fk_theta_meas_command_echo_no_encoder,True
2026-06-05_run01_pre_cross_pm40_r01,42828,5.4697457191e-15,1.37181438091e-14,-263.277315147,fk_theta_meas_command_echo_no_encoder,True
2026-06-05_run01_pre_cross_pm40_r01,42922,1.43336540915e-14,-1.17970954186e-14,-263.277315147,fk_theta_meas_command_echo_no_encoder,True
2026-06-05_run01_pre_cross_pm40_r01,43032,6.29482221894e-15,4.19694660969e-16,-263.277315148,fk_theta_meas_command_echo_no_encoder,True
2026-06-05_run01_pre_cross_pm40_r01,43125,5.5276387464e-15,6.91304044665e-15,-263.277315147,fk_theta_meas_command_echo_no_encoder,True
2026-06-05_run01_pre_cross_pm40_r01,43219,-1.99278633413e-14,3.5621462377e-15,-263.277315147,fk_theta_meas_command_echo_no_encoder,True
2026-06-05_run01_pre_cross_pm40_r01,43328,4.56053529536e-15,1.20407156468e-14,-263.277315147,fk_theta_meas_command_echo_no_encoder,True
2026-06-05_run01_pre_cross_pm40_r01,43422,-1.54346238797e-14,-1.52173195919e-15,-263.277315147,fk_theta_meas_command_echo_no_encoder,True
2026-06-05_run01_pre_cross_pm40_r01,43532,4.55731303801e-16,1.73808450271e-15,-263.277315148,fk_theta_meas_command_echo_no_encoder,True
2026-06-05_run01_pre_cross_pm40_r01,43625,1.4356038728e-14,1.00459510443e-14,-263.277315147,fk_theta_meas_command_echo_no_encoder,True
2026-06-05_run01_pre_cross_pm40_r01,43719,1.32240860779e-14,-8.86237697811e-15,-263.277315147,fk_theta_meas_command_echo_no_encoder,True
2026-06-05_run01_pre_cross_pm40_r01,43828,-1.51744796869e-14,-1.49485211506e-14,-263.277315147,fk_theta_meas_command_echo_no_encoder,True
2026-06-05_run01_pre_cross_pm40_r01,43922,7.3157947427e-15,-1.23768725303e-14,-263.277315147,fk_theta_meas_command_echo_no_encoder,True
2026-06-05_run01_pre_cross_pm40_r01,44032,-1.44428812332e-14,-1.89812358539e-14,-263.277315148,fk_theta_meas_command_echo_no_encoder,True
2026-06-05_run01_pre_cross_pm40_r01,44125,-1.83493207856e-14,-2.22040020889e-14,-263.277315147,fk_theta_meas_command_echo_no_encoder,True
2026-06-05_run01_pre_cross_pm40_r01,44235,7.18157872729e-15,-2.24937256321e-14,-263.277315147,fk_theta_meas_command_echo_no_encoder,True
2026-06-05_run01_pre_cross_pm40_r01,44328,-2.13622087611e-14,-1.08016646846e-14,-263.277315147,fk_theta_meas_command_echo_no_encoder,True
2026-06-05_run01_pre_cross_pm40_r01,44422,7.26649254893e-15,-5.17744484438e-15,-263.277315147,fk_theta_meas_command_echo_no_encoder,True
2026-06-05_run01_pre_cross_pm40_r01,44532,-1.3808968475e-14,-1.1270281583e-15,-263.277315148,fk_theta_meas_command_echo_no_encoder,True
2026-06-05_run01_pre_cross_pm40_r01,44625,6.90210922787e-15,9.46286711591e-15,-263.277315147,fk_theta_meas_command_echo_no_encoder,True
2026-06-05_run01_pre_cross_pm40_r01,44719,-7.77978546463e-15,1.3432722816e-14,-263.277315147,fk_theta_meas_command_echo_no_encoder,True
2026-06-05_run01_pre_cross_pm40_r01,44828,-7.67719000602e-15,-9.2013575519e-15,-263.277315147,fk_theta_meas_command_echo_no_encoder,True
2026-06-05_run01_pre_cross_pm40_r01,44922,7.26338907805e-15,1.26325274026e-14,-263.277315147,fk_theta_meas_command_echo_no_encoder,True
