run_id,time,actual_elapsed_ms,schedule_lag_ms,target_x,target_y,target_z,sim_x,sim_y,sim_z,nominal_theta1,nominal_theta2,nominal_theta3,predicted_error_x,predicted_error_y,predicted_error_z,requested_correction_x,requested_correction_y,requested_correction_z,applied_correction_x,applied_correction_y,applied_correction_z,corrected_target_x,corrected_target_y,corrected_target_z,corrected_theta1,corrected_theta2,corrected_theta3,correction_gain,max_xy_correction_mm,correction_clamped,fallback_used,command_sent,correction_status
2026-06-06_run02_cross_pm30_off_r01,0,0,0,0.0,0.0,-263.27731514697575,,,,0.0,0.0,0.0,0.0,0.0,0.0,0.0,0.0,0.0,0.0,0.0,0.0,0.0,0.0,-263.27731514697575,0.0,0.0,0.0,0.25,2.0,False,False,True,disabled
2026-06-06_run02_cross_pm30_off_r01,100,109,9,0.0,0.0,-263.27731514697575,,,,0.0,0.0,0.0,0.0,0.0,0.0,0.0,0.0,0.0,0.0,0.0,0.0,0.0,0.0,-263.27731514697575,0.0,0.0,0.0,0.25,2.0,False,False,False,disabled
2026-06-06_run02_cross_pm30_off_r01,200,203,3,0.0,0.0,-263.27731514697575,,,,0.0,0.0,0.0,0.0,0.0,0.0,0.0,0.0,0.0,0.0,0.0,0.0,0.0,0.0,-263.27731514697575,0.0,0.0,0.0,0.25,2.0,False,False,False,disabled
2026-06-06_run02_cross_pm30_off_r01,300,312,12,0.0,0.0,-263.27731514697575,,,,0.0,0.0,0.0,0.0,0.0,0.0,0.0,0.0,0.0,0.0,0.0,0.0,0.0,0.0,-263.27731514697575,0.0,0.0,0.0,0.25,2.0,False,False,False,disabled
2026-06-06_run02_cross_pm30_off_r01,400,406,6,0.0,0.0,-263.27731514697575,,,,0.0,0.0,0.0,0.0,0.0,0.0,0.0,0.0,0.0,0.0,0.0,0.0,0.0,0.0,-263.27731514697575,0.0,0.0,0.0,0.25,2.0,False,False,False,disabled
2026-06-06_run02_cross_pm30_off_r01,500,500,0,0.0,0.0,-263.27731514697575,,,,0.0,0.0,0.0,0.0,0.0,0.0,0.0,0.0,0.0,0.0,0.0,0.0,0.0,0.0,-263.27731514697575,0.0,0.0,0.0,0.25,2.0,False,False,True,disabled
2026-06-06_run02_cross_pm30_off_r01,600,609,9,0.0,0.0,-263.27731514697575,,,,0.0,0.0,0.0,0.0,0.0,0.0,0.0,0.0,0.0,0.0,0.0,0.0,0.0,0.0,-263.27731514697575,0.0,0.0,0.0,0.25,2.0,False,False,False,disabled
2026-06-06_run02_cross_pm30_off_r01,700,703,3,0.0,0.0,-263.27731514697575,,,,0.0,0.0,0.0,0.0,0.0,0.0,0.0,0.0,0.0,0.0,0.0,0.0,0.0,0.0,-263.27731514697575,0.0,0.0,0.0,0.25,2.0,False,False,False,disabled
2026-06-06_run02_cross_pm30_off_r01,800,812,12,0.0,0.0,-263.27731514697575,,,,0.0,0.0,0.0,0.0,0.0,0.0,0.0,0.0,0.0,0.0,0.0,0.0,0.0,0.0,-263.27731514697575,0.0,0.0,0.0,0.25,2.0,False,False,False,disabled
2026-06-06_run02_cross_pm30_off_r01,900,906,6,0.0,0.0,-263.27731514697575,,,,0.0,0.0,0.0,0.0,0.0,0.0,0.0,0.0,0.0,0.0,0.0,0.0,0.0,0.0,-263.27731514697575,0.0,0.0,0.0,0.25,2.0,False,False,False,disabled
2026-06-06_run02_cross_pm30_off_r01,1000,1000,0,0.0,0.0,-263.27731514697575,,,,0.0,0.0,0.0,0.0,0.0,0.0,0.0,0.0,0.0,0.0,0.0,0.0,0.0,0.0,-263.27731514697575,0.0,0.0,0.0,0.25,2.0,False,False,True,disabled
2026-06-06_run02_cross_pm30_off_r01,1100,1109,9,0.0,0.0,-263.27731514697575,,,,0.0,0.0,0.0,0.0,0.0,0.0,0.0,0.0,0.0,0.0,0.0,0.0,0.0,0.0,-263.27731514697575,0.0,0.0,0.0,0.25,2.0,False,False,False,disabled
2026-06-06_run02_cross_pm30_off_r01,1200,1203,3,0.0,0.0,-263.27731514697575,,,,0.0,0.0,0.0,0.0,0.0,0.0,0.0,0.0,0.0,0.0,0.0,0.0,0.0,0.0,-263.27731514697575,0.0,0.0,0.0,0.25,2.0,False,False,False,disabled
2026-06-06_run02_cross_pm30_off_r01,1300,1312,12,0.0,0.0,-263.27731514697575,,,,0.0,0.0,0.0,0.0,0.0,0.0,0.0,0.0,0.0,0.0,0.0,0.0,0.0,0.0,-263.27731514697575,0.0,0.0,0.0,0.25,2.0,False,False,False,disabled
2026-06-06_run02_cross_pm30_off_r01,1400,1406,6,0.0,0.0,-263.27731514697575,,,,0.0,0.0,0.0,0.0,0.0,0.0,0.0,0.0,0.0,0.0,0.0,0.0,0.0,0.0,-263.27731514697575,0.0,0.0,0.0,0.25,2.0,False,False,False,disabled
2026-06-06_run02_cross_pm30_off_r01,1500,1500,0,0.0,0.0,-263.27731514697575,,,,0.0,0.0,0.0,0.0,0.0,0.0,0.0,0.0,0.0,0.0,0.0,0.0,0.0,0.0,-263.27731514697575,0.0,0.0,0.0,0.25,2.0,False,False,True,disabled
2026-06-06_run02_cross_pm30_off_r01,1600,1609,9,0.0,0.0,-263.27731514697575,,,,0.0,0.0,0.0,0.0,0.0,0.0,0.0,0.0,0.0,0.0,0.0,0.0,0.0,0.0,-263.27731514697575,0.0,0.0,0.0,0.25,2.0,False,False,False,disabled
2026-06-06_run02_cross_pm30_off_r01,1700,1703,3,0.0,0.0,-263.27731514697575,,,,0.0,0.0,0.0,0.0,0.0,0.0,0.0,0.0,0.0,0.0,0.0,0.0,0.0,0.0,-263.27731514697575,0.0,0.0,0.0,0.25,2.0,False,False,False,disabled
2026-06-06_run02_cross_pm30_off_r01,1800,1812,12,0.0,0.0,-263.27731514697575,,,,0.0,0.0,0.0,0.0,0.0,0.0,0.0,0.0,0.0,0.0,0.0,0.0,0.0,0.0,-263.27731514697575,0.0,0.0,0.0,0.25,2.0,False,False,False,disabled
2026-06-06_run02_cross_pm30_off_r01,1900,1906,6,0.0,0.0,-263.27731514697575,,,,0.0,0.0,0.0,0.0,0.0,0.0,0.0,0.0,0.0,0.0,0.0,0.0,0.0,0.0,-263.27731514697575,0.0,0.0,0.0,0.25,2.0,False,False,False,disabled
2026-06-06_run02_cross_pm30_off_r01,2000,2000,0,0.0,0.0,-263.27731514697575,,,,0.0,0.0,0.0,0.0,0.0,0.0,0.0,0.0,0.0,0.0,0.0,0.0,0.0,0.0,-263.27731514697575,0.0,0.0,0.0,0.25,2.0,False,False,True,disabled
2026-06-06_run02_cross_pm30_off_r01,2100,2109,9,0.0,0.0,-263.27731514697575,,,,0.0,0.0,0.0,0.0,0.0,0.0,0.0,0.0,0.0,0.0,0.0,0.0,0.0,0.0,-263.27731514697575,0.0,0.0,0.0,0.25,2.0,False,False,False,disabled
2026-06-06_run02_cross_pm30_off_r01,2200,2203,3,0.0,0.0,-263.27731514697575,,,,0.0,0.0,0.0,0.0,0.0,0.0,0.0,0.0,0.0,0.0,0.0,0.0,0.0,0.0,-263.27731514697575,0.0,0.0,0.0,0.25,2.0,False,False,False,disabled
2026-06-06_run02_cross_pm30_off_r01,2300,2312,12,0.0,0.0,-263.27731514697575,,,,0.0,0.0,0.0,0.0,0.0,0.0,0.0,0.0,0.0,0.0,0.0,0.0,0.0,0.0,-263.27731514697575,0.0,0.0,0.0,0.25,2.0,False,False,False,disabled
2026-06-06_run02_cross_pm30_off_r01,2400,2406,6,0.0,0.0,-263.27731514697575,,,,0.0,0.0,0.0,0.0,0.0,0.0,0.0,0.0,0.0,0.0,0.0,0.0,0.0,0.0,-263.27731514697575,0.0,0.0,0.0,0.25,2.0,False,False,False,disabled
2026-06-06_run02_cross_pm30_off_r01,2500,2500,0,0.0,0.0,-263.27731514697575,,,,0.0,0.0,0.0,0.0,0.0,0.0,0.0,0.0,0.0,0.0,0.0,0.0,0.0,0.0,-263.27731514697575,0.0,0.0,0.0,0.25,2.0,False,False,True,disabled
2026-06-06_run02_cross_pm30_off_r01,2600,2609,9,0.0,0.0,-263.27731514697575,,,,0.0,0.0,0.0,0.0,0.0,0.0,0.0,0.0,0.0,0.0,0.0,0.0,0.0,0.0,-263.27731514697575,0.0,0.0,0.0,0.25,2.0,False,False,False,disabled
2026-06-06_run02_cross_pm30_off_r01,2700,2703,3,0.0,0.0,-263.27731514697575,,,,0.0,0.0,0.0,0.0,0.0,0.0,0.0,0.0,0.0,0.0,0.0,0.0,0.0,0.0,-263.27731514697575,0.0,0.0,0.0,0.25,2.0,False,False,False,disabled
2026-06-06_run02_cross_pm30_off_r01,2800,2812,12,0.0,0.0,-263.27731514697575,,,,0.0,0.0,0.0,0.0,0.0,0.0,0.0,0.0,0.0,0.0,0.0,0.0,0.0,0.0,-263.27731514697575,0.0,0.0,0.0,0.25,2.0,False,False,False,disabled
2026-06-06_run02_cross_pm30_off_r01,2900,2906,6,0.0,0.0,-263.27731514697575,,,,0.0,0.0,0.0,0.0,0.0,0.0,0.0,0.0,0.0,0.0,0.0,0.0,0.0,0.0,-263.27731514697575,0.0,0.0,0.0,0.25,2.0,False,False,False,disabled
2026-06-06_run02_cross_pm30_off_r01,3000,3000,0,0.0,0.0,-263.27731514697575,,,,0.0,0.0,0.0,0.0,0.0,0.0,0.0,0.0,0.0,0.0,0.0,0.0,0.0,0.0,-263.27731514697575,0.0,0.0,0.0,0.25,2.0,False,False,True,disabled
2026-06-06_run02_cross_pm30_off_r01,3100,3109,9,0.0,0.0,-263.27731514697575,,,,0.0,0.0,0.0,0.0,0.0,0.0,0.0,0.0,0.0,0.0,0.0,0.0,0.0,0.0,-263.27731514697575,0.0,0.0,0.0,0.25,2.0,False,False,False,disabled
2026-06-06_run02_cross_pm30_off_r01,3200,3203,3,0.0,0.0,-263.27731514697575,,,,0.0,0.0,0.0,0.0,0.0,0.0,0.0,0.0,0.0,0.0,0.0,0.0,0.0,0.0,-263.27731514697575,0.0,0.0,0.0,0.25,2.0,False,False,False,disabled
2026-06-06_run02_cross_pm30_off_r01,3300,3312,12,0.0,0.0,-263.27731514697575,,,,0.0,0.0,0.0,0.0,0.0,0.0,0.0,0.0,0.0,0.0,0.0,0.0,0.0,0.0,-263.27731514697575,0.0,0.0,0.0,0.25,2.0,False,False,False,disabled
2026-06-06_run02_cross_pm30_off_r01,3400,3421,21,0.0,0.0,-263.27731514697575,,,,0.0,0.0,0.0,0.0,0.0,0.0,0.0,0.0,0.0,0.0,0.0,0.0,0.0,0.0,-263.27731514697575,0.0,0.0,0.0,0.25,2.0,False,False,False,disabled
2026-06-06_run02_cross_pm30_off_r01,3500,3500,0,0.0,0.0,-263.27731514697575,,,,0.0,0.0,0.0,0.0,0.0,0.0,0.0,0.0,0.0,0.0,0.0,0.0,0.0,0.0,-263.27731514697575,0.0,0.0,0.0,0.25,2.0,False,False,True,disabled
2026-06-06_run02_cross_pm30_off_r01,3600,3609,9,0.0,0.0,-263.27731514697575,,,,0.0,0.0,0.0,0.0,0.0,0.0,0.0,0.0,0.0,0.0,0.0,0.0,0.0,0.0,-263.27731514697575,0.0,0.0,0.0,0.25,2.0,False,False,False,disabled
2026-06-06_run02_cross_pm30_off_r01,3700,3703,3,0.0,0.0,-263.27731514697575,,,,0.0,0.0,0.0,0.0,0.0,0.0,0.0,0.0,0.0,0.0,0.0,0.0,0.0,0.0,-263.27731514697575,0.0,0.0,0.0,0.25,2.0,False,False,False,disabled
2026-06-06_run02_cross_pm30_off_r01,3800,3812,12,0.0,0.0,-263.27731514697575,,,,0.0,0.0,0.0,0.0,0.0,0.0,0.0,0.0,0.0,0.0,0.0,0.0,0.0,0.0,-263.27731514697575,0.0,0.0,0.0,0.25,2.0,False,False,False,disabled
2026-06-06_run02_cross_pm30_off_r01,3900,3906,6,0.0,0.0,-263.27731514697575,,,,0.0,0.0,0.0,0.0,0.0,0.0,0.0,0.0,0.0,0.0,0.0,0.0,0.0,0.0,-263.27731514697575,0.0,0.0,0.0,0.25,2.0,False,False,False,disabled
2026-06-06_run02_cross_pm30_off_r01,4000,4000,0,0.0,0.0,-263.27731514697575,,,,0.0,0.0,0.0,0.0,0.0,0.0,0.0,0.0,0.0,0.0,0.0,0.0,0.0,0.0,-263.27731514697575,0.0,0.0,0.0,0.25,2.0,False,False,True,disabled
2026-06-06_run02_cross_pm30_off_r01,4100,4109,9,0.0,0.0,-263.27731514697575,,,,0.0,0.0,0.0,0.0,0.0,0.0,0.0,0.0,0.0,0.0,0.0,0.0,0.0,0.0,-263.27731514697575,0.0,0.0,0.0,0.25,2.0,False,False,False,disabled
2026-06-06_run02_cross_pm30_off_r01,4200,4203,3,0.0,0.0,-263.27731514697575,,,,0.0,0.0,0.0,0.0,0.0,0.0,0.0,0.0,0.0,0.0,0.0,0.0,0.0,0.0,-263.27731514697575,0.0,0.0,0.0,0.25,2.0,False,False,False,disabled
2026-06-06_run02_cross_pm30_off_r01,4300,4312,12,0.0,0.0,-263.27731514697575,,,,0.0,0.0,0.0,0.0,0.0,0.0,0.0,0.0,0.0,0.0,0.0,0.0,0.0,0.0,-263.27731514697575,0.0,0.0,0.0,0.25,2.0,False,False,False,disabled
2026-06-06_run02_cross_pm30_off_r01,4400,4406,6,0.0,0.0,-263.27731514697575,,,,0.0,0.0,0.0,0.0,0.0,0.0,0.0,0.0,0.0,0.0,0.0,0.0,0.0,0.0,-263.27731514697575,0.0,0.0,0.0,0.25,2.0,False,False,False,disabled
2026-06-06_run02_cross_pm30_off_r01,4500,4500,0,0.0,0.0,-263.27731514697575,,,,0.0,0.0,0.0,0.0,0.0,0.0,0.0,0.0,0.0,0.0,0.0,0.0,0.0,0.0,-263.27731514697575,0.0,0.0,0.0,0.25,2.0,False,False,True,disabled
2026-06-06_run02_cross_pm30_off_r01,4600,4609,9,0.0,0.0,-263.27731514697575,,,,0.0,0.0,0.0,0.0,0.0,0.0,0.0,0.0,0.0,0.0,0.0,0.0,0.0,0.0,-263.27731514697575,0.0,0.0,0.0,0.25,2.0,False,False,False,disabled
2026-06-06_run02_cross_pm30_off_r01,4700,4703,3,0.0,0.0,-263.27731514697575,,,,0.0,0.0,0.0,0.0,0.0,0.0,0.0,0.0,0.0,0.0,0.0,0.0,0.0,0.0,-263.27731514697575,0.0,0.0,0.0,0.25,2.0,False,False,False,disabled
2026-06-06_run02_cross_pm30_off_r01,4800,4812,12,0.0,0.0,-263.27731514697575,,,,0.0,0.0,0.0,0.0,0.0,0.0,0.0,0.0,0.0,0.0,0.0,0.0,0.0,0.0,-263.27731514697575,0.0,0.0,0.0,0.25,2.0,False,False,False,disabled
2026-06-06_run02_cross_pm30_off_r01,4900,4906,6,0.0,0.0,-263.27731514697575,,,,0.0,0.0,0.0,0.0,0.0,0.0,0.0,0.0,0.0,0.0,0.0,0.0,0.0,0.0,-263.27731514697575,0.0,0.0,0.0,0.25,2.0,False,False,False,disabled
2026-06-06_run02_cross_pm30_off_r01,5000,5000,0,30.0,0.0,-263.27731514697575,,,,1.0,-6.0,7.0,0.0,0.0,0.0,0.0,0.0,0.0,0.0,0.0,0.0,30.0,0.0,-263.27731514697575,1.0,-6.0,7.0,0.25,2.0,False,False,True,disabled
2026-06-06_run02_cross_pm30_off_r01,5100,5109,9,30.0,0.0,-263.27731514697575,,,,1.0,-6.0,7.0,0.0,0.0,0.0,0.0,0.0,0.0,0.0,0.0,0.0,30.0,0.0,-263.27731514697575,1.0,-6.0,7.0,0.25,2.0,False,False,False,disabled
2026-06-06_run02_cross_pm30_off_r01,5200,5203,3,30.0,0.0,-263.27731514697575,,,,1.0,-6.0,7.0,0.0,0.0,0.0,0.0,0.0,0.0,0.0,0.0,0.0,30.0,0.0,-263.27731514697575,1.0,-6.0,7.0,0.25,2.0,False,False,False,disabled
2026-06-06_run02_cross_pm30_off_r01,5300,5312,12,30.0,0.0,-263.27731514697575,,,,1.0,-6.0,7.0,0.0,0.0,0.0,0.0,0.0,0.0,0.0,0.0,0.0,30.0,0.0,-263.27731514697575,1.0,-6.0,7.0,0.25,2.0,False,False,False,disabled
2026-06-06_run02_cross_pm30_off_r01,5400,5421,21,30.0,0.0,-263.27731514697575,,,,1.0,-6.0,7.0,0.0,0.0,0.0,0.0,0.0,0.0,0.0,0.0,0.0,30.0,0.0,-263.27731514697575,1.0,-6.0,7.0,0.25,2.0,False,False,False,disabled
2026-06-06_run02_cross_pm30_off_r01,5500,5500,0,30.0,0.0,-263.27731514697575,,,,1.0,-6.0,7.0,0.0,0.0,0.0,0.0,0.0,0.0,0.0,0.0,0.0,30.0,0.0,-263.27731514697575,1.0,-6.0,7.0,0.25,2.0,False,False,True,disabled
2026-06-06_run02_cross_pm30_off_r01,5600,5609,9,30.0,0.0,-263.27731514697575,,,,1.0,-6.0,7.0,0.0,0.0,0.0,0.0,0.0,0.0,0.0,0.0,0.0,30.0,0.0,-263.27731514697575,1.0,-6.0,7.0,0.25,2.0,False,False,False,disabled
2026-06-06_run02_cross_pm30_off_r01,5700,5703,3,30.0,0.0,-263.27731514697575,,,,1.0,-6.0,7.0,0.0,0.0,0.0,0.0,0.0,0.0,0.0,0.0,0.0,30.0,0.0,-263.27731514697575,1.0,-6.0,7.0,0.25,2.0,False,False,False,disabled
2026-06-06_run02_cross_pm30_off_r01,5800,5812,12,30.0,0.0,-263.27731514697575,,,,1.0,-6.0,7.0,0.0,0.0,0.0,0.0,0.0,0.0,0.0,0.0,0.0,30.0,0.0,-263.27731514697575,1.0,-6.0,7.0,0.25,2.0,False,False,False,disabled
2026-06-06_run02_cross_pm30_off_r01,5900,5906,6,30.0,0.0,-263.27731514697575,,,,1.0,-6.0,7.0,0.0,0.0,0.0,0.0,0.0,0.0,0.0,0.0,0.0,30.0,0.0,-263.27731514697575,1.0,-6.0,7.0,0.25,2.0,False,False,False,disabled
2026-06-06_run02_cross_pm30_off_r01,6000,6000,0,30.0,0.0,-263.27731514697575,,,,1.0,-6.0,7.0,0.0,0.0,0.0,0.0,0.0,0.0,0.0,0.0,0.0,30.0,0.0,-263.27731514697575,1.0,-6.0,7.0,0.25,2.0,False,False,True,disabled
2026-06-06_run02_cross_pm30_off_r01,6100,6109,9,30.0,0.0,-263.27731514697575,,,,1.0,-6.0,7.0,0.0,0.0,0.0,0.0,0.0,0.0,0.0,0.0,0.0,30.0,0.0,-263.27731514697575,1.0,-6.0,7.0,0.25,2.0,False,False,False,disabled
2026-06-06_run02_cross_pm30_off_r01,6200,6203,3,30.0,0.0,-263.27731514697575,,,,1.0,-6.0,7.0,0.0,0.0,0.0,0.0,0.0,0.0,0.0,0.0,0.0,30.0,0.0,-263.27731514697575,1.0,-6.0,7.0,0.25,2.0,False,False,False,disabled
2026-06-06_run02_cross_pm30_off_r01,6300,6312,12,30.0,0.0,-263.27731514697575,,,,1.0,-6.0,7.0,0.0,0.0,0.0,0.0,0.0,0.0,0.0,0.0,0.0,30.0,0.0,-263.27731514697575,1.0,-6.0,7.0,0.25,2.0,False,False,False,disabled
2026-06-06_run02_cross_pm30_off_r01,6400,6406,6,30.0,0.0,-263.27731514697575,,,,1.0,-6.0,7.0,0.0,0.0,0.0,0.0,0.0,0.0,0.0,0.0,0.0,30.0,0.0,-263.27731514697575,1.0,-6.0,7.0,0.25,2.0,False,False,False,disabled
2026-06-06_run02_cross_pm30_off_r01,6500,6500,0,30.0,0.0,-263.27731514697575,,,,1.0,-6.0,7.0,0.0,0.0,0.0,0.0,0.0,0.0,0.0,0.0,0.0,30.0,0.0,-263.27731514697575,1.0,-6.0,7.0,0.25,2.0,False,False,True,disabled
2026-06-06_run02_cross_pm30_off_r01,6600,6609,9,30.0,0.0,-263.27731514697575,,,,1.0,-6.0,7.0,0.0,0.0,0.0,0.0,0.0,0.0,0.0,0.0,0.0,30.0,0.0,-263.27731514697575,1.0,-6.0,7.0,0.25,2.0,False,False,False,disabled
2026-06-06_run02_cross_pm30_off_r01,6700,6703,3,30.0,0.0,-263.27731514697575,,,,1.0,-6.0,7.0,0.0,0.0,0.0,0.0,0.0,0.0,0.0,0.0,0.0,30.0,0.0,-263.27731514697575,1.0,-6.0,7.0,0.25,2.0,False,False,False,disabled
2026-06-06_run02_cross_pm30_off_r01,6800,6812,12,30.0,0.0,-263.27731514697575,,,,1.0,-6.0,7.0,0.0,0.0,0.0,0.0,0.0,0.0,0.0,0.0,0.0,30.0,0.0,-263.27731514697575,1.0,-6.0,7.0,0.25,2.0,False,False,False,disabled
2026-06-06_run02_cross_pm30_off_r01,6900,6906,6,30.0,0.0,-263.27731514697575,,,,1.0,-6.0,7.0,0.0,0.0,0.0,0.0,0.0,0.0,0.0,0.0,0.0,30.0,0.0,-263.27731514697575,1.0,-6.0,7.0,0.25,2.0,False,False,False,disabled
2026-06-06_run02_cross_pm30_off_r01,7000,7000,0,30.0,0.0,-263.27731514697575,,,,1.0,-6.0,7.0,0.0,0.0,0.0,0.0,0.0,0.0,0.0,0.0,0.0,30.0,0.0,-263.27731514697575,1.0,-6.0,7.0,0.25,2.0,False,False,True,disabled
2026-06-06_run02_cross_pm30_off_r01,7100,7109,9,30.0,0.0,-263.27731514697575,,,,1.0,-6.0,7.0,0.0,0.0,0.0,0.0,0.0,0.0,0.0,0.0,0.0,30.0,0.0,-263.27731514697575,1.0,-6.0,7.0,0.25,2.0,False,False,False,disabled
2026-06-06_run02_cross_pm30_off_r01,7200,7203,3,30.0,0.0,-263.27731514697575,,,,1.0,-6.0,7.0,0.0,0.0,0.0,0.0,0.0,0.0,0.0,0.0,0.0,30.0,0.0,-263.27731514697575,1.0,-6.0,7.0,0.25,2.0,False,False,False,disabled
2026-06-06_run02_cross_pm30_off_r01,7300,7312,12,30.0,0.0,-263.27731514697575,,,,1.0,-6.0,7.0,0.0,0.0,0.0,0.0,0.0,0.0,0.0,0.0,0.0,30.0,0.0,-263.27731514697575,1.0,-6.0,7.0,0.25,2.0,False,False,False,disabled
2026-06-06_run02_cross_pm30_off_r01,7400,7406,6,30.0,0.0,-263.27731514697575,,,,1.0,-6.0,7.0,0.0,0.0,0.0,0.0,0.0,0.0,0.0,0.0,0.0,30.0,0.0,-263.27731514697575,1.0,-6.0,7.0,0.25,2.0,False,False,False,disabled
2026-06-06_run02_cross_pm30_off_r01,7500,7500,0,30.0,0.0,-263.27731514697575,,,,1.0,-6.0,7.0,0.0,0.0,0.0,0.0,0.0,0.0,0.0,0.0,0.0,30.0,0.0,-263.27731514697575,1.0,-6.0,7.0,0.25,2.0,False,False,True,disabled
2026-06-06_run02_cross_pm30_off_r01,7600,7609,9,30.0,0.0,-263.27731514697575,,,,1.0,-6.0,7.0,0.0,0.0,0.0,0.0,0.0,0.0,0.0,0.0,0.0,30.0,0.0,-263.27731514697575,1.0,-6.0,7.0,0.25,2.0,False,False,False,disabled
2026-06-06_run02_cross_pm30_off_r01,7700,7703,3,30.0,0.0,-263.27731514697575,,,,1.0,-6.0,7.0,0.0,0.0,0.0,0.0,0.0,0.0,0.0,0.0,0.0,30.0,0.0,-263.27731514697575,1.0,-6.0,7.0,0.25,2.0,False,False,False,disabled
2026-06-06_run02_cross_pm30_off_r01,7800,7812,12,30.0,0.0,-263.27731514697575,,,,1.0,-6.0,7.0,0.0,0.0,0.0,0.0,0.0,0.0,0.0,0.0,0.0,30.0,0.0,-263.27731514697575,1.0,-6.0,7.0,0.25,2.0,False,False,False,disabled
2026-06-06_run02_cross_pm30_off_r01,7900,7906,6,30.0,0.0,-263.27731514697575,,,,1.0,-6.0,7.0,0.0,0.0,0.0,0.0,0.0,0.0,0.0,0.0,0.0,30.0,0.0,-263.27731514697575,1.0,-6.0,7.0,0.25,2.0,False,False,False,disabled
2026-06-06_run02_cross_pm30_off_r01,8000,8000,0,30.0,0.0,-263.27731514697575,,,,1.0,-6.0,7.0,0.0,0.0,0.0,0.0,0.0,0.0,0.0,0.0,0.0,30.0,0.0,-263.27731514697575,1.0,-6.0,7.0,0.25,2.0,False,False,True,disabled
2026-06-06_run02_cross_pm30_off_r01,8100,8109,9,30.0,0.0,-263.27731514697575,,,,1.0,-6.0,7.0,0.0,0.0,0.0,0.0,0.0,0.0,0.0,0.0,0.0,30.0,0.0,-263.27731514697575,1.0,-6.0,7.0,0.25,2.0,False,False,False,disabled
2026-06-06_run02_cross_pm30_off_r01,8200,8203,3,30.0,0.0,-263.27731514697575,,,,1.0,-6.0,7.0,0.0,0.0,0.0,0.0,0.0,0.0,0.0,0.0,0.0,30.0,0.0,-263.27731514697575,1.0,-6.0,7.0,0.25,2.0,False,False,False,disabled
2026-06-06_run02_cross_pm30_off_r01,8300,8312,12,30.0,0.0,-263.27731514697575,,,,1.0,-6.0,7.0,0.0,0.0,0.0,0.0,0.0,0.0,0.0,0.0,0.0,30.0,0.0,-263.27731514697575,1.0,-6.0,7.0,0.25,2.0,False,False,False,disabled
2026-06-06_run02_cross_pm30_off_r01,8400,8406,6,30.0,0.0,-263.27731514697575,,,,1.0,-6.0,7.0,0.0,0.0,0.0,0.0,0.0,0.0,0.0,0.0,0.0,30.0,0.0,-263.27731514697575,1.0,-6.0,7.0,0.25,2.0,False,False,False,disabled
2026-06-06_run02_cross_pm30_off_r01,8500,8500,0,30.0,0.0,-263.27731514697575,,,,1.0,-6.0,7.0,0.0,0.0,0.0,0.0,0.0,0.0,0.0,0.0,0.0,30.0,0.0,-263.27731514697575,1.0,-6.0,7.0,0.25,2.0,False,False,True,disabled
2026-06-06_run02_cross_pm30_off_r01,8600,8609,9,30.0,0.0,-263.27731514697575,,,,1.0,-6.0,7.0,0.0,0.0,0.0,0.0,0.0,0.0,0.0,0.0,0.0,30.0,0.0,-263.27731514697575,1.0,-6.0,7.0,0.25,2.0,False,False,False,disabled
2026-06-06_run02_cross_pm30_off_r01,8700,8703,3,30.0,0.0,-263.27731514697575,,,,1.0,-6.0,7.0,0.0,0.0,0.0,0.0,0.0,0.0,0.0,0.0,0.0,30.0,0.0,-263.27731514697575,1.0,-6.0,7.0,0.25,2.0,False,False,False,disabled
2026-06-06_run02_cross_pm30_off_r01,8800,8828,28,30.0,0.0,-263.27731514697575,,,,1.0,-6.0,7.0,0.0,0.0,0.0,0.0,0.0,0.0,0.0,0.0,0.0,30.0,0.0,-263.27731514697575,1.0,-6.0,7.0,0.25,2.0,False,False,False,disabled
2026-06-06_run02_cross_pm30_off_r01,8900,8906,6,30.0,0.0,-263.27731514697575,,,,1.0,-6.0,7.0,0.0,0.0,0.0,0.0,0.0,0.0,0.0,0.0,0.0,30.0,0.0,-263.27731514697575,1.0,-6.0,7.0,0.25,2.0,False,False,False,disabled
2026-06-06_run02_cross_pm30_off_r01,9000,9000,0,30.0,0.0,-263.27731514697575,,,,1.0,-6.0,7.0,0.0,0.0,0.0,0.0,0.0,0.0,0.0,0.0,0.0,30.0,0.0,-263.27731514697575,1.0,-6.0,7.0,0.25,2.0,False,False,True,disabled
2026-06-06_run02_cross_pm30_off_r01,9100,9109,9,30.0,0.0,-263.27731514697575,,,,1.0,-6.0,7.0,0.0,0.0,0.0,0.0,0.0,0.0,0.0,0.0,0.0,30.0,0.0,-263.27731514697575,1.0,-6.0,7.0,0.25,2.0,False,False,False,disabled
2026-06-06_run02_cross_pm30_off_r01,9200,9203,3,30.0,0.0,-263.27731514697575,,,,1.0,-6.0,7.0,0.0,0.0,0.0,0.0,0.0,0.0,0.0,0.0,0.0,30.0,0.0,-263.27731514697575,1.0,-6.0,7.0,0.25,2.0,False,False,False,disabled
2026-06-06_run02_cross_pm30_off_r01,9300,9312,12,30.0,0.0,-263.27731514697575,,,,1.0,-6.0,7.0,0.0,0.0,0.0,0.0,0.0,0.0,0.0,0.0,0.0,30.0,0.0,-263.27731514697575,1.0,-6.0,7.0,0.25,2.0,False,False,False,disabled
2026-06-06_run02_cross_pm30_off_r01,9400,9406,6,30.0,0.0,-263.27731514697575,,,,1.0,-6.0,7.0,0.0,0.0,0.0,0.0,0.0,0.0,0.0,0.0,0.0,30.0,0.0,-263.27731514697575,1.0,-6.0,7.0,0.25,2.0,False,False,False,disabled
2026-06-06_run02_cross_pm30_off_r01,9500,9500,0,30.0,0.0,-263.27731514697575,,,,1.0,-6.0,7.0,0.0,0.0,0.0,0.0,0.0,0.0,0.0,0.0,0.0,30.0,0.0,-263.27731514697575,1.0,-6.0,7.0,0.25,2.0,False,False,True,disabled
2026-06-06_run02_cross_pm30_off_r01,9600,9609,9,30.0,0.0,-263.27731514697575,,,,1.0,-6.0,7.0,0.0,0.0,0.0,0.0,0.0,0.0,0.0,0.0,0.0,30.0,0.0,-263.27731514697575,1.0,-6.0,7.0,0.25,2.0,False,False,False,disabled
2026-06-06_run02_cross_pm30_off_r01,9700,9703,3,30.0,0.0,-263.27731514697575,,,,1.0,-6.0,7.0,0.0,0.0,0.0,0.0,0.0,0.0,0.0,0.0,0.0,30.0,0.0,-263.27731514697575,1.0,-6.0,7.0,0.25,2.0,False,False,False,disabled
2026-06-06_run02_cross_pm30_off_r01,9800,9812,12,30.0,0.0,-263.27731514697575,,,,1.0,-6.0,7.0,0.0,0.0,0.0,0.0,0.0,0.0,0.0,0.0,0.0,30.0,0.0,-263.27731514697575,1.0,-6.0,7.0,0.25,2.0,False,False,False,disabled
2026-06-06_run02_cross_pm30_off_r01,9900,9906,6,30.0,0.0,-263.27731514697575,,,,1.0,-6.0,7.0,0.0,0.0,0.0,0.0,0.0,0.0,0.0,0.0,0.0,30.0,0.0,-263.27731514697575,1.0,-6.0,7.0,0.25,2.0,False,False,False,disabled
2026-06-06_run02_cross_pm30_off_r01,10000,10000,0,0.0,0.0,-263.27731514697575,,,,0.0,0.0,0.0,0.0,0.0,0.0,0.0,0.0,0.0,0.0,0.0,0.0,0.0,0.0,-263.27731514697575,0.0,0.0,0.0,0.25,2.0,False,False,True,disabled
2026-06-06_run02_cross_pm30_off_r01,10100,10109,9,0.0,0.0,-263.27731514697575,,,,0.0,0.0,0.0,0.0,0.0,0.0,0.0,0.0,0.0,0.0,0.0,0.0,0.0,0.0,-263.27731514697575,0.0,0.0,0.0,0.25,2.0,False,False,False,disabled
2026-06-06_run02_cross_pm30_off_r01,10200,10203,3,0.0,0.0,-263.27731514697575,,,,0.0,0.0,0.0,0.0,0.0,0.0,0.0,0.0,0.0,0.0,0.0,0.0,0.0,0.0,-263.27731514697575,0.0,0.0,0.0,0.25,2.0,False,False,False,disabled
2026-06-06_run02_cross_pm30_off_r01,10300,10312,12,0.0,0.0,-263.27731514697575,,,,0.0,0.0,0.0,0.0,0.0,0.0,0.0,0.0,0.0,0.0,0.0,0.0,0.0,0.0,-263.27731514697575,0.0,0.0,0.0,0.25,2.0,False,False,False,disabled
2026-06-06_run02_cross_pm30_off_r01,10400,10406,6,0.0,0.0,-263.27731514697575,,,,0.0,0.0,0.0,0.0,0.0,0.0,0.0,0.0,0.0,0.0,0.0,0.0,0.0,0.0,-263.27731514697575,0.0,0.0,0.0,0.25,2.0,False,False,False,disabled
2026-06-06_run02_cross_pm30_off_r01,10500,10500,0,0.0,0.0,-263.27731514697575,,,,0.0,0.0,0.0,0.0,0.0,0.0,0.0,0.0,0.0,0.0,0.0,0.0,0.0,0.0,-263.27731514697575,0.0,0.0,0.0,0.25,2.0,False,False,True,disabled
2026-06-06_run02_cross_pm30_off_r01,10600,10609,9,0.0,0.0,-263.27731514697575,,,,0.0,0.0,0.0,0.0,0.0,0.0,0.0,0.0,0.0,0.0,0.0,0.0,0.0,0.0,-263.27731514697575,0.0,0.0,0.0,0.25,2.0,False,False,False,disabled
2026-06-06_run02_cross_pm30_off_r01,10700,10703,3,0.0,0.0,-263.27731514697575,,,,0.0,0.0,0.0,0.0,0.0,0.0,0.0,0.0,0.0,0.0,0.0,0.0,0.0,0.0,-263.27731514697575,0.0,0.0,0.0,0.25,2.0,False,False,False,disabled
2026-06-06_run02_cross_pm30_off_r01,10800,10812,12,0.0,0.0,-263.27731514697575,,,,0.0,0.0,0.0,0.0,0.0,0.0,0.0,0.0,0.0,0.0,0.0,0.0,0.0,0.0,-263.27731514697575,0.0,0.0,0.0,0.25,2.0,False,False,False,disabled
2026-06-06_run02_cross_pm30_off_r01,10900,10906,6,0.0,0.0,-263.27731514697575,,,,0.0,0.0,0.0,0.0,0.0,0.0,0.0,0.0,0.0,0.0,0.0,0.0,0.0,0.0,-263.27731514697575,0.0,0.0,0.0,0.25,2.0,False,False,False,disabled
2026-06-06_run02_cross_pm30_off_r01,11000,11000,0,0.0,0.0,-263.27731514697575,,,,0.0,0.0,0.0,0.0,0.0,0.0,0.0,0.0,0.0,0.0,0.0,0.0,0.0,0.0,-263.27731514697575,0.0,0.0,0.0,0.25,2.0,False,False,True,disabled
2026-06-06_run02_cross_pm30_off_r01,11100,11109,9,0.0,0.0,-263.27731514697575,,,,0.0,0.0,0.0,0.0,0.0,0.0,0.0,0.0,0.0,0.0,0.0,0.0,0.0,0.0,-263.27731514697575,0.0,0.0,0.0,0.25,2.0,False,False,False,disabled
2026-06-06_run02_cross_pm30_off_r01,11200,11203,3,0.0,0.0,-263.27731514697575,,,,0.0,0.0,0.0,0.0,0.0,0.0,0.0,0.0,0.0,0.0,0.0,0.0,0.0,0.0,-263.27731514697575,0.0,0.0,0.0,0.25,2.0,False,False,False,disabled
2026-06-06_run02_cross_pm30_off_r01,11300,11312,12,0.0,0.0,-263.27731514697575,,,,0.0,0.0,0.0,0.0,0.0,0.0,0.0,0.0,0.0,0.0,0.0,0.0,0.0,0.0,-263.27731514697575,0.0,0.0,0.0,0.25,2.0,False,False,False,disabled
2026-06-06_run02_cross_pm30_off_r01,11400,11406,6,0.0,0.0,-263.27731514697575,,,,0.0,0.0,0.0,0.0,0.0,0.0,0.0,0.0,0.0,0.0,0.0,0.0,0.0,0.0,-263.27731514697575,0.0,0.0,0.0,0.25,2.0,False,False,False,disabled
2026-06-06_run02_cross_pm30_off_r01,11500,11500,0,0.0,0.0,-263.27731514697575,,,,0.0,0.0,0.0,0.0,0.0,0.0,0.0,0.0,0.0,0.0,0.0,0.0,0.0,0.0,-263.27731514697575,0.0,0.0,0.0,0.25,2.0,False,False,True,disabled
2026-06-06_run02_cross_pm30_off_r01,11600,11609,9,0.0,0.0,-263.27731514697575,,,,0.0,0.0,0.0,0.0,0.0,0.0,0.0,0.0,0.0,0.0,0.0,0.0,0.0,0.0,-263.27731514697575,0.0,0.0,0.0,0.25,2.0,False,False,False,disabled
2026-06-06_run02_cross_pm30_off_r01,11700,11703,3,0.0,0.0,-263.27731514697575,,,,0.0,0.0,0.0,0.0,0.0,0.0,0.0,0.0,0.0,0.0,0.0,0.0,0.0,0.0,-263.27731514697575,0.0,0.0,0.0,0.25,2.0,False,False,False,disabled
2026-06-06_run02_cross_pm30_off_r01,11800,11812,12,0.0,0.0,-263.27731514697575,,,,0.0,0.0,0.0,0.0,0.0,0.0,0.0,0.0,0.0,0.0,0.0,0.0,0.0,0.0,-263.27731514697575,0.0,0.0,0.0,0.25,2.0,False,False,False,disabled
2026-06-06_run02_cross_pm30_off_r01,11900,11906,6,0.0,0.0,-263.27731514697575,,,,0.0,0.0,0.0,0.0,0.0,0.0,0.0,0.0,0.0,0.0,0.0,0.0,0.0,0.0,-263.27731514697575,0.0,0.0,0.0,0.25,2.0,False,False,False,disabled
2026-06-06_run02_cross_pm30_off_r01,12000,12000,0,0.0,0.0,-263.27731514697575,,,,0.0,0.0,0.0,0.0,0.0,0.0,0.0,0.0,0.0,0.0,0.0,0.0,0.0,0.0,-263.27731514697575,0.0,0.0,0.0,0.25,2.0,False,False,True,disabled
2026-06-06_run02_cross_pm30_off_r01,12100,12109,9,0.0,0.0,-263.27731514697575,,,,0.0,0.0,0.0,0.0,0.0,0.0,0.0,0.0,0.0,0.0,0.0,0.0,0.0,0.0,-263.27731514697575,0.0,0.0,0.0,0.25,2.0,False,False,False,disabled
2026-06-06_run02_cross_pm30_off_r01,12200,12203,3,0.0,0.0,-263.27731514697575,,,,0.0,0.0,0.0,0.0,0.0,0.0,0.0,0.0,0.0,0.0,0.0,0.0,0.0,0.0,-263.27731514697575,0.0,0.0,0.0,0.25,2.0,False,False,False,disabled
2026-06-06_run02_cross_pm30_off_r01,12300,12312,12,0.0,0.0,-263.27731514697575,,,,0.0,0.0,0.0,0.0,0.0,0.0,0.0,0.0,0.0,0.0,0.0,0.0,0.0,0.0,-263.27731514697575,0.0,0.0,0.0,0.25,2.0,False,False,False,disabled
2026-06-06_run02_cross_pm30_off_r01,12400,12406,6,0.0,0.0,-263.27731514697575,,,,0.0,0.0,0.0,0.0,0.0,0.0,0.0,0.0,0.0,0.0,0.0,0.0,0.0,0.0,-263.27731514697575,0.0,0.0,0.0,0.25,2.0,False,False,False,disabled
2026-06-06_run02_cross_pm30_off_r01,12500,12500,0,0.0,0.0,-263.27731514697575,,,,0.0,0.0,0.0,0.0,0.0,0.0,0.0,0.0,0.0,0.0,0.0,0.0,0.0,0.0,-263.27731514697575,0.0,0.0,0.0,0.25,2.0,False,False,True,disabled
2026-06-06_run02_cross_pm30_off_r01,12600,12609,9,0.0,0.0,-263.27731514697575,,,,0.0,0.0,0.0,0.0,0.0,0.0,0.0,0.0,0.0,0.0,0.0,0.0,0.0,0.0,-263.27731514697575,0.0,0.0,0.0,0.25,2.0,False,False,False,disabled
2026-06-06_run02_cross_pm30_off_r01,12700,12703,3,0.0,0.0,-263.27731514697575,,,,0.0,0.0,0.0,0.0,0.0,0.0,0.0,0.0,0.0,0.0,0.0,0.0,0.0,0.0,-263.27731514697575,0.0,0.0,0.0,0.25,2.0,False,False,False,disabled
2026-06-06_run02_cross_pm30_off_r01,12800,12812,12,0.0,0.0,-263.27731514697575,,,,0.0,0.0,0.0,0.0,0.0,0.0,0.0,0.0,0.0,0.0,0.0,0.0,0.0,0.0,-263.27731514697575,0.0,0.0,0.0,0.25,2.0,False,False,False,disabled
2026-06-06_run02_cross_pm30_off_r01,12900,12906,6,0.0,0.0,-263.27731514697575,,,,0.0,0.0,0.0,0.0,0.0,0.0,0.0,0.0,0.0,0.0,0.0,0.0,0.0,0.0,-263.27731514697575,0.0,0.0,0.0,0.25,2.0,False,False,False,disabled
2026-06-06_run02_cross_pm30_off_r01,13000,13000,0,0.0,0.0,-263.27731514697575,,,,0.0,0.0,0.0,0.0,0.0,0.0,0.0,0.0,0.0,0.0,0.0,0.0,0.0,0.0,-263.27731514697575,0.0,0.0,0.0,0.25,2.0,False,False,True,disabled
2026-06-06_run02_cross_pm30_off_r01,13100,13109,9,0.0,0.0,-263.27731514697575,,,,0.0,0.0,0.0,0.0,0.0,0.0,0.0,0.0,0.0,0.0,0.0,0.0,0.0,0.0,-263.27731514697575,0.0,0.0,0.0,0.25,2.0,False,False,False,disabled
2026-06-06_run02_cross_pm30_off_r01,13200,13203,3,0.0,0.0,-263.27731514697575,,,,0.0,0.0,0.0,0.0,0.0,0.0,0.0,0.0,0.0,0.0,0.0,0.0,0.0,0.0,-263.27731514697575,0.0,0.0,0.0,0.25,2.0,False,False,False,disabled
2026-06-06_run02_cross_pm30_off_r01,13300,13312,12,0.0,0.0,-263.27731514697575,,,,0.0,0.0,0.0,0.0,0.0,0.0,0.0,0.0,0.0,0.0,0.0,0.0,0.0,0.0,-263.27731514697575,0.0,0.0,0.0,0.25,2.0,False,False,False,disabled
2026-06-06_run02_cross_pm30_off_r01,13400,13406,6,0.0,0.0,-263.27731514697575,,,,0.0,0.0,0.0,0.0,0.0,0.0,0.0,0.0,0.0,0.0,0.0,0.0,0.0,0.0,-263.27731514697575,0.0,0.0,0.0,0.25,2.0,False,False,False,disabled
2026-06-06_run02_cross_pm30_off_r01,13500,13500,0,0.0,0.0,-263.27731514697575,,,,0.0,0.0,0.0,0.0,0.0,0.0,0.0,0.0,0.0,0.0,0.0,0.0,0.0,0.0,-263.27731514697575,0.0,0.0,0.0,0.25,2.0,False,False,True,disabled
2026-06-06_run02_cross_pm30_off_r01,13600,13609,9,0.0,0.0,-263.27731514697575,,,,0.0,0.0,0.0,0.0,0.0,0.0,0.0,0.0,0.0,0.0,0.0,0.0,0.0,0.0,-263.27731514697575,0.0,0.0,0.0,0.25,2.0,False,False,False,disabled
2026-06-06_run02_cross_pm30_off_r01,13700,13703,3,0.0,0.0,-263.27731514697575,,,,0.0,0.0,0.0,0.0,0.0,0.0,0.0,0.0,0.0,0.0,0.0,0.0,0.0,0.0,-263.27731514697575,0.0,0.0,0.0,0.25,2.0,False,False,False,disabled
2026-06-06_run02_cross_pm30_off_r01,13800,13812,12,0.0,0.0,-263.27731514697575,,,,0.0,0.0,0.0,0.0,0.0,0.0,0.0,0.0,0.0,0.0,0.0,0.0,0.0,0.0,-263.27731514697575,0.0,0.0,0.0,0.25,2.0,False,False,False,disabled
2026-06-06_run02_cross_pm30_off_r01,13900,13906,6,0.0,0.0,-263.27731514697575,,,,0.0,0.0,0.0,0.0,0.0,0.0,0.0,0.0,0.0,0.0,0.0,0.0,0.0,0.0,-263.27731514697575,0.0,0.0,0.0,0.25,2.0,False,False,False,disabled
2026-06-06_run02_cross_pm30_off_r01,14000,14000,0,0.0,0.0,-263.27731514697575,,,,0.0,0.0,0.0,0.0,0.0,0.0,0.0,0.0,0.0,0.0,0.0,0.0,0.0,0.0,-263.27731514697575,0.0,0.0,0.0,0.25,2.0,False,False,True,disabled
2026-06-06_run02_cross_pm30_off_r01,14100,14109,9,0.0,0.0,-263.27731514697575,,,,0.0,0.0,0.0,0.0,0.0,0.0,0.0,0.0,0.0,0.0,0.0,0.0,0.0,0.0,-263.27731514697575,0.0,0.0,0.0,0.25,2.0,False,False,False,disabled
2026-06-06_run02_cross_pm30_off_r01,14200,14218,18,0.0,0.0,-263.27731514697575,,,,0.0,0.0,0.0,0.0,0.0,0.0,0.0,0.0,0.0,0.0,0.0,0.0,0.0,0.0,-263.27731514697575,0.0,0.0,0.0,0.25,2.0,False,False,False,disabled
2026-06-06_run02_cross_pm30_off_r01,14300,14312,12,0.0,0.0,-263.27731514697575,,,,0.0,0.0,0.0,0.0,0.0,0.0,0.0,0.0,0.0,0.0,0.0,0.0,0.0,0.0,-263.27731514697575,0.0,0.0,0.0,0.25,2.0,False,False,False,disabled
2026-06-06_run02_cross_pm30_off_r01,14400,14406,6,0.0,0.0,-263.27731514697575,,,,0.0,0.0,0.0,0.0,0.0,0.0,0.0,0.0,0.0,0.0,0.0,0.0,0.0,0.0,-263.27731514697575,0.0,0.0,0.0,0.25,2.0,False,False,False,disabled
2026-06-06_run02_cross_pm30_off_r01,14500,14500,0,0.0,0.0,-263.27731514697575,,,,0.0,0.0,0.0,0.0,0.0,0.0,0.0,0.0,0.0,0.0,0.0,0.0,0.0,0.0,-263.27731514697575,0.0,0.0,0.0,0.25,2.0,False,False,True,disabled
2026-06-06_run02_cross_pm30_off_r01,14600,14609,9,0.0,0.0,-263.27731514697575,,,,0.0,0.0,0.0,0.0,0.0,0.0,0.0,0.0,0.0,0.0,0.0,0.0,0.0,0.0,-263.27731514697575,0.0,0.0,0.0,0.25,2.0,False,False,False,disabled
2026-06-06_run02_cross_pm30_off_r01,14700,14703,3,0.0,0.0,-263.27731514697575,,,,0.0,0.0,0.0,0.0,0.0,0.0,0.0,0.0,0.0,0.0,0.0,0.0,0.0,0.0,-263.27731514697575,0.0,0.0,0.0,0.25,2.0,False,False,False,disabled
2026-06-06_run02_cross_pm30_off_r01,14800,14828,28,0.0,0.0,-263.27731514697575,,,,0.0,0.0,0.0,0.0,0.0,0.0,0.0,0.0,0.0,0.0,0.0,0.0,0.0,0.0,-263.27731514697575,0.0,0.0,0.0,0.25,2.0,False,False,False,disabled
2026-06-06_run02_cross_pm30_off_r01,14900,14906,6,0.0,0.0,-263.27731514697575,,,,0.0,0.0,0.0,0.0,0.0,0.0,0.0,0.0,0.0,0.0,0.0,0.0,0.0,0.0,-263.27731514697575,0.0,0.0,0.0,0.25,2.0,False,False,False,disabled
2026-06-06_run02_cross_pm30_off_r01,15000,15000,0,-30.0,0.0,-263.27731514697575,,,,1.0,7.0,-6.0,0.0,0.0,0.0,0.0,0.0,0.0,0.0,0.0,0.0,-30.0,0.0,-263.27731514697575,1.0,7.0,-6.0,0.25,2.0,False,False,True,disabled
2026-06-06_run02_cross_pm30_off_r01,15100,15109,9,-30.0,0.0,-263.27731514697575,,,,1.0,7.0,-6.0,0.0,0.0,0.0,0.0,0.0,0.0,0.0,0.0,0.0,-30.0,0.0,-263.27731514697575,1.0,7.0,-6.0,0.25,2.0,False,False,False,disabled
2026-06-06_run02_cross_pm30_off_r01,15200,15203,3,-30.0,0.0,-263.27731514697575,,,,1.0,7.0,-6.0,0.0,0.0,0.0,0.0,0.0,0.0,0.0,0.0,0.0,-30.0,0.0,-263.27731514697575,1.0,7.0,-6.0,0.25,2.0,False,False,False,disabled
2026-06-06_run02_cross_pm30_off_r01,15300,15312,12,-30.0,0.0,-263.27731514697575,,,,1.0,7.0,-6.0,0.0,0.0,0.0,0.0,0.0,0.0,0.0,0.0,0.0,-30.0,0.0,-263.27731514697575,1.0,7.0,-6.0,0.25,2.0,False,False,False,disabled
2026-06-06_run02_cross_pm30_off_r01,15400,15406,6,-30.0,0.0,-263.27731514697575,,,,1.0,7.0,-6.0,0.0,0.0,0.0,0.0,0.0,0.0,0.0,0.0,0.0,-30.0,0.0,-263.27731514697575,1.0,7.0,-6.0,0.25,2.0,False,False,False,disabled
2026-06-06_run02_cross_pm30_off_r01,15500,15500,0,-30.0,0.0,-263.27731514697575,,,,1.0,7.0,-6.0,0.0,0.0,0.0,0.0,0.0,0.0,0.0,0.0,0.0,-30.0,0.0,-263.27731514697575,1.0,7.0,-6.0,0.25,2.0,False,False,True,disabled
2026-06-06_run02_cross_pm30_off_r01,15600,15609,9,-30.0,0.0,-263.27731514697575,,,,1.0,7.0,-6.0,0.0,0.0,0.0,0.0,0.0,0.0,0.0,0.0,0.0,-30.0,0.0,-263.27731514697575,1.0,7.0,-6.0,0.25,2.0,False,False,False,disabled
2026-06-06_run02_cross_pm30_off_r01,15700,15703,3,-30.0,0.0,-263.27731514697575,,,,1.0,7.0,-6.0,0.0,0.0,0.0,0.0,0.0,0.0,0.0,0.0,0.0,-30.0,0.0,-263.27731514697575,1.0,7.0,-6.0,0.25,2.0,False,False,False,disabled
2026-06-06_run02_cross_pm30_off_r01,15800,15812,12,-30.0,0.0,-263.27731514697575,,,,1.0,7.0,-6.0,0.0,0.0,0.0,0.0,0.0,0.0,0.0,0.0,0.0,-30.0,0.0,-263.27731514697575,1.0,7.0,-6.0,0.25,2.0,False,False,False,disabled
2026-06-06_run02_cross_pm30_off_r01,15900,15906,6,-30.0,0.0,-263.27731514697575,,,,1.0,7.0,-6.0,0.0,0.0,0.0,0.0,0.0,0.0,0.0,0.0,0.0,-30.0,0.0,-263.27731514697575,1.0,7.0,-6.0,0.25,2.0,False,False,False,disabled
2026-06-06_run02_cross_pm30_off_r01,16000,16000,0,-30.0,0.0,-263.27731514697575,,,,1.0,7.0,-6.0,0.0,0.0,0.0,0.0,0.0,0.0,0.0,0.0,0.0,-30.0,0.0,-263.27731514697575,1.0,7.0,-6.0,0.25,2.0,False,False,True,disabled
2026-06-06_run02_cross_pm30_off_r01,16100,16109,9,-30.0,0.0,-263.27731514697575,,,,1.0,7.0,-6.0,0.0,0.0,0.0,0.0,0.0,0.0,0.0,0.0,0.0,-30.0,0.0,-263.27731514697575,1.0,7.0,-6.0,0.25,2.0,False,False,False,disabled
2026-06-06_run02_cross_pm30_off_r01,16200,16203,3,-30.0,0.0,-263.27731514697575,,,,1.0,7.0,-6.0,0.0,0.0,0.0,0.0,0.0,0.0,0.0,0.0,0.0,-30.0,0.0,-263.27731514697575,1.0,7.0,-6.0,0.25,2.0,False,False,False,disabled
2026-06-06_run02_cross_pm30_off_r01,16300,16312,12,-30.0,0.0,-263.27731514697575,,,,1.0,7.0,-6.0,0.0,0.0,0.0,0.0,0.0,0.0,0.0,0.0,0.0,-30.0,0.0,-263.27731514697575,1.0,7.0,-6.0,0.25,2.0,False,False,False,disabled
2026-06-06_run02_cross_pm30_off_r01,16400,16406,6,-30.0,0.0,-263.27731514697575,,,,1.0,7.0,-6.0,0.0,0.0,0.0,0.0,0.0,0.0,0.0,0.0,0.0,-30.0,0.0,-263.27731514697575,1.0,7.0,-6.0,0.25,2.0,False,False,False,disabled
2026-06-06_run02_cross_pm30_off_r01,16500,16500,0,-30.0,0.0,-263.27731514697575,,,,1.0,7.0,-6.0,0.0,0.0,0.0,0.0,0.0,0.0,0.0,0.0,0.0,-30.0,0.0,-263.27731514697575,1.0,7.0,-6.0,0.25,2.0,False,False,True,disabled
2026-06-06_run02_cross_pm30_off_r01,16600,16609,9,-30.0,0.0,-263.27731514697575,,,,1.0,7.0,-6.0,0.0,0.0,0.0,0.0,0.0,0.0,0.0,0.0,0.0,-30.0,0.0,-263.27731514697575,1.0,7.0,-6.0,0.25,2.0,False,False,False,disabled
2026-06-06_run02_cross_pm30_off_r01,16700,16703,3,-30.0,0.0,-263.27731514697575,,,,1.0,7.0,-6.0,0.0,0.0,0.0,0.0,0.0,0.0,0.0,0.0,0.0,-30.0,0.0,-263.27731514697575,1.0,7.0,-6.0,0.25,2.0,False,False,False,disabled
2026-06-06_run02_cross_pm30_off_r01,16800,16812,12,-30.0,0.0,-263.27731514697575,,,,1.0,7.0,-6.0,0.0,0.0,0.0,0.0,0.0,0.0,0.0,0.0,0.0,-30.0,0.0,-263.27731514697575,1.0,7.0,-6.0,0.25,2.0,False,False,False,disabled
2026-06-06_run02_cross_pm30_off_r01,16900,16906,6,-30.0,0.0,-263.27731514697575,,,,1.0,7.0,-6.0,0.0,0.0,0.0,0.0,0.0,0.0,0.0,0.0,0.0,-30.0,0.0,-263.27731514697575,1.0,7.0,-6.0,0.25,2.0,False,False,False,disabled
2026-06-06_run02_cross_pm30_off_r01,17000,17000,0,-30.0,0.0,-263.27731514697575,,,,1.0,7.0,-6.0,0.0,0.0,0.0,0.0,0.0,0.0,0.0,0.0,0.0,-30.0,0.0,-263.27731514697575,1.0,7.0,-6.0,0.25,2.0,False,False,True,disabled
2026-06-06_run02_cross_pm30_off_r01,17100,17109,9,-30.0,0.0,-263.27731514697575,,,,1.0,7.0,-6.0,0.0,0.0,0.0,0.0,0.0,0.0,0.0,0.0,0.0,-30.0,0.0,-263.27731514697575,1.0,7.0,-6.0,0.25,2.0,False,False,False,disabled
2026-06-06_run02_cross_pm30_off_r01,17200,17203,3,-30.0,0.0,-263.27731514697575,,,,1.0,7.0,-6.0,0.0,0.0,0.0,0.0,0.0,0.0,0.0,0.0,0.0,-30.0,0.0,-263.27731514697575,1.0,7.0,-6.0,0.25,2.0,False,False,False,disabled
2026-06-06_run02_cross_pm30_off_r01,17300,17312,12,-30.0,0.0,-263.27731514697575,,,,1.0,7.0,-6.0,0.0,0.0,0.0,0.0,0.0,0.0,0.0,0.0,0.0,-30.0,0.0,-263.27731514697575,1.0,7.0,-6.0,0.25,2.0,False,False,False,disabled
2026-06-06_run02_cross_pm30_off_r01,17400,17406,6,-30.0,0.0,-263.27731514697575,,,,1.0,7.0,-6.0,0.0,0.0,0.0,0.0,0.0,0.0,0.0,0.0,0.0,-30.0,0.0,-263.27731514697575,1.0,7.0,-6.0,0.25,2.0,False,False,False,disabled
2026-06-06_run02_cross_pm30_off_r01,17500,17500,0,-30.0,0.0,-263.27731514697575,,,,1.0,7.0,-6.0,0.0,0.0,0.0,0.0,0.0,0.0,0.0,0.0,0.0,-30.0,0.0,-263.27731514697575,1.0,7.0,-6.0,0.25,2.0,False,False,True,disabled
2026-06-06_run02_cross_pm30_off_r01,17600,17609,9,-30.0,0.0,-263.27731514697575,,,,1.0,7.0,-6.0,0.0,0.0,0.0,0.0,0.0,0.0,0.0,0.0,0.0,-30.0,0.0,-263.27731514697575,1.0,7.0,-6.0,0.25,2.0,False,False,False,disabled
2026-06-06_run02_cross_pm30_off_r01,17700,17703,3,-30.0,0.0,-263.27731514697575,,,,1.0,7.0,-6.0,0.0,0.0,0.0,0.0,0.0,0.0,0.0,0.0,0.0,-30.0,0.0,-263.27731514697575,1.0,7.0,-6.0,0.25,2.0,False,False,False,disabled
2026-06-06_run02_cross_pm30_off_r01,17800,17812,12,-30.0,0.0,-263.27731514697575,,,,1.0,7.0,-6.0,0.0,0.0,0.0,0.0,0.0,0.0,0.0,0.0,0.0,-30.0,0.0,-263.27731514697575,1.0,7.0,-6.0,0.25,2.0,False,False,False,disabled
2026-06-06_run02_cross_pm30_off_r01,17900,17906,6,-30.0,0.0,-263.27731514697575,,,,1.0,7.0,-6.0,0.0,0.0,0.0,0.0,0.0,0.0,0.0,0.0,0.0,-30.0,0.0,-263.27731514697575,1.0,7.0,-6.0,0.25,2.0,False,False,False,disabled
2026-06-06_run02_cross_pm30_off_r01,18000,18000,0,-30.0,0.0,-263.27731514697575,,,,1.0,7.0,-6.0,0.0,0.0,0.0,0.0,0.0,0.0,0.0,0.0,0.0,-30.0,0.0,-263.27731514697575,1.0,7.0,-6.0,0.25,2.0,False,False,True,disabled
2026-06-06_run02_cross_pm30_off_r01,18100,18109,9,-30.0,0.0,-263.27731514697575,,,,1.0,7.0,-6.0,0.0,0.0,0.0,0.0,0.0,0.0,0.0,0.0,0.0,-30.0,0.0,-263.27731514697575,1.0,7.0,-6.0,0.25,2.0,False,False,False,disabled
2026-06-06_run02_cross_pm30_off_r01,18200,18203,3,-30.0,0.0,-263.27731514697575,,,,1.0,7.0,-6.0,0.0,0.0,0.0,0.0,0.0,0.0,0.0,0.0,0.0,-30.0,0.0,-263.27731514697575,1.0,7.0,-6.0,0.25,2.0,False,False,False,disabled
2026-06-06_run02_cross_pm30_off_r01,18300,18312,12,-30.0,0.0,-263.27731514697575,,,,1.0,7.0,-6.0,0.0,0.0,0.0,0.0,0.0,0.0,0.0,0.0,0.0,-30.0,0.0,-263.27731514697575,1.0,7.0,-6.0,0.25,2.0,False,False,False,disabled
2026-06-06_run02_cross_pm30_off_r01,18400,18406,6,-30.0,0.0,-263.27731514697575,,,,1.0,7.0,-6.0,0.0,0.0,0.0,0.0,0.0,0.0,0.0,0.0,0.0,-30.0,0.0,-263.27731514697575,1.0,7.0,-6.0,0.25,2.0,False,False,False,disabled
2026-06-06_run02_cross_pm30_off_r01,18500,18500,0,-30.0,0.0,-263.27731514697575,,,,1.0,7.0,-6.0,0.0,0.0,0.0,0.0,0.0,0.0,0.0,0.0,0.0,-30.0,0.0,-263.27731514697575,1.0,7.0,-6.0,0.25,2.0,False,False,True,disabled
2026-06-06_run02_cross_pm30_off_r01,18600,18609,9,-30.0,0.0,-263.27731514697575,,,,1.0,7.0,-6.0,0.0,0.0,0.0,0.0,0.0,0.0,0.0,0.0,0.0,-30.0,0.0,-263.27731514697575,1.0,7.0,-6.0,0.25,2.0,False,False,False,disabled
2026-06-06_run02_cross_pm30_off_r01,18700,18718,18,-30.0,0.0,-263.27731514697575,,,,1.0,7.0,-6.0,0.0,0.0,0.0,0.0,0.0,0.0,0.0,0.0,0.0,-30.0,0.0,-263.27731514697575,1.0,7.0,-6.0,0.25,2.0,False,False,False,disabled
2026-06-06_run02_cross_pm30_off_r01,18800,18812,12,-30.0,0.0,-263.27731514697575,,,,1.0,7.0,-6.0,0.0,0.0,0.0,0.0,0.0,0.0,0.0,0.0,0.0,-30.0,0.0,-263.27731514697575,1.0,7.0,-6.0,0.25,2.0,False,False,False,disabled
2026-06-06_run02_cross_pm30_off_r01,18900,18906,6,-30.0,0.0,-263.27731514697575,,,,1.0,7.0,-6.0,0.0,0.0,0.0,0.0,0.0,0.0,0.0,0.0,0.0,-30.0,0.0,-263.27731514697575,1.0,7.0,-6.0,0.25,2.0,False,False,False,disabled
2026-06-06_run02_cross_pm30_off_r01,19000,19000,0,-30.0,0.0,-263.27731514697575,,,,1.0,7.0,-6.0,0.0,0.0,0.0,0.0,0.0,0.0,0.0,0.0,0.0,-30.0,0.0,-263.27731514697575,1.0,7.0,-6.0,0.25,2.0,False,False,True,disabled
2026-06-06_run02_cross_pm30_off_r01,19100,19109,9,-30.0,0.0,-263.27731514697575,,,,1.0,7.0,-6.0,0.0,0.0,0.0,0.0,0.0,0.0,0.0,0.0,0.0,-30.0,0.0,-263.27731514697575,1.0,7.0,-6.0,0.25,2.0,False,False,False,disabled
2026-06-06_run02_cross_pm30_off_r01,19200,19203,3,-30.0,0.0,-263.27731514697575,,,,1.0,7.0,-6.0,0.0,0.0,0.0,0.0,0.0,0.0,0.0,0.0,0.0,-30.0,0.0,-263.27731514697575,1.0,7.0,-6.0,0.25,2.0,False,False,False,disabled
2026-06-06_run02_cross_pm30_off_r01,19300,19312,12,-30.0,0.0,-263.27731514697575,,,,1.0,7.0,-6.0,0.0,0.0,0.0,0.0,0.0,0.0,0.0,0.0,0.0,-30.0,0.0,-263.27731514697575,1.0,7.0,-6.0,0.25,2.0,False,False,False,disabled
2026-06-06_run02_cross_pm30_off_r01,19400,19406,6,-30.0,0.0,-263.27731514697575,,,,1.0,7.0,-6.0,0.0,0.0,0.0,0.0,0.0,0.0,0.0,0.0,0.0,-30.0,0.0,-263.27731514697575,1.0,7.0,-6.0,0.25,2.0,False,False,False,disabled
2026-06-06_run02_cross_pm30_off_r01,19500,19500,0,-30.0,0.0,-263.27731514697575,,,,1.0,7.0,-6.0,0.0,0.0,0.0,0.0,0.0,0.0,0.0,0.0,0.0,-30.0,0.0,-263.27731514697575,1.0,7.0,-6.0,0.25,2.0,False,False,True,disabled
2026-06-06_run02_cross_pm30_off_r01,19600,19609,9,-30.0,0.0,-263.27731514697575,,,,1.0,7.0,-6.0,0.0,0.0,0.0,0.0,0.0,0.0,0.0,0.0,0.0,-30.0,0.0,-263.27731514697575,1.0,7.0,-6.0,0.25,2.0,False,False,False,disabled
2026-06-06_run02_cross_pm30_off_r01,19700,19703,3,-30.0,0.0,-263.27731514697575,,,,1.0,7.0,-6.0,0.0,0.0,0.0,0.0,0.0,0.0,0.0,0.0,0.0,-30.0,0.0,-263.27731514697575,1.0,7.0,-6.0,0.25,2.0,False,False,False,disabled
2026-06-06_run02_cross_pm30_off_r01,19800,19812,12,-30.0,0.0,-263.27731514697575,,,,1.0,7.0,-6.0,0.0,0.0,0.0,0.0,0.0,0.0,0.0,0.0,0.0,-30.0,0.0,-263.27731514697575,1.0,7.0,-6.0,0.25,2.0,False,False,False,disabled
2026-06-06_run02_cross_pm30_off_r01,19900,19906,6,-30.0,0.0,-263.27731514697575,,,,1.0,7.0,-6.0,0.0,0.0,0.0,0.0,0.0,0.0,0.0,0.0,0.0,-30.0,0.0,-263.27731514697575,1.0,7.0,-6.0,0.25,2.0,False,False,False,disabled
2026-06-06_run02_cross_pm30_off_r01,20000,20000,0,0.0,0.0,-263.27731514697575,,,,0.0,0.0,0.0,0.0,0.0,0.0,0.0,0.0,0.0,0.0,0.0,0.0,0.0,0.0,-263.27731514697575,0.0,0.0,0.0,0.25,2.0,False,False,True,disabled
2026-06-06_run02_cross_pm30_off_r01,20100,20109,9,0.0,0.0,-263.27731514697575,,,,0.0,0.0,0.0,0.0,0.0,0.0,0.0,0.0,0.0,0.0,0.0,0.0,0.0,0.0,-263.27731514697575,0.0,0.0,0.0,0.25,2.0,False,False,False,disabled
2026-06-06_run02_cross_pm30_off_r01,20200,20203,3,0.0,0.0,-263.27731514697575,,,,0.0,0.0,0.0,0.0,0.0,0.0,0.0,0.0,0.0,0.0,0.0,0.0,0.0,0.0,-263.27731514697575,0.0,0.0,0.0,0.25,2.0,False,False,False,disabled
2026-06-06_run02_cross_pm30_off_r01,20300,20312,12,0.0,0.0,-263.27731514697575,,,,0.0,0.0,0.0,0.0,0.0,0.0,0.0,0.0,0.0,0.0,0.0,0.0,0.0,0.0,-263.27731514697575,0.0,0.0,0.0,0.25,2.0,False,False,False,disabled
2026-06-06_run02_cross_pm30_off_r01,20400,20406,6,0.0,0.0,-263.27731514697575,,,,0.0,0.0,0.0,0.0,0.0,0.0,0.0,0.0,0.0,0.0,0.0,0.0,0.0,0.0,-263.27731514697575,0.0,0.0,0.0,0.25,2.0,False,False,False,disabled
2026-06-06_run02_cross_pm30_off_r01,20500,20500,0,0.0,0.0,-263.27731514697575,,,,0.0,0.0,0.0,0.0,0.0,0.0,0.0,0.0,0.0,0.0,0.0,0.0,0.0,0.0,-263.27731514697575,0.0,0.0,0.0,0.25,2.0,False,False,True,disabled
2026-06-06_run02_cross_pm30_off_r01,20600,20609,9,0.0,0.0,-263.27731514697575,,,,0.0,0.0,0.0,0.0,0.0,0.0,0.0,0.0,0.0,0.0,0.0,0.0,0.0,0.0,-263.27731514697575,0.0,0.0,0.0,0.25,2.0,False,False,False,disabled
2026-06-06_run02_cross_pm30_off_r01,20700,20703,3,0.0,0.0,-263.27731514697575,,,,0.0,0.0,0.0,0.0,0.0,0.0,0.0,0.0,0.0,0.0,0.0,0.0,0.0,0.0,-263.27731514697575,0.0,0.0,0.0,0.25,2.0,False,False,False,disabled
2026-06-06_run02_cross_pm30_off_r01,20800,20812,12,0.0,0.0,-263.27731514697575,,,,0.0,0.0,0.0,0.0,0.0,0.0,0.0,0.0,0.0,0.0,0.0,0.0,0.0,0.0,-263.27731514697575,0.0,0.0,0.0,0.25,2.0,False,False,False,disabled
2026-06-06_run02_cross_pm30_off_r01,20900,20906,6,0.0,0.0,-263.27731514697575,,,,0.0,0.0,0.0,0.0,0.0,0.0,0.0,0.0,0.0,0.0,0.0,0.0,0.0,0.0,-263.27731514697575,0.0,0.0,0.0,0.25,2.0,False,False,False,disabled
2026-06-06_run02_cross_pm30_off_r01,21000,21000,0,0.0,0.0,-263.27731514697575,,,,0.0,0.0,0.0,0.0,0.0,0.0,0.0,0.0,0.0,0.0,0.0,0.0,0.0,0.0,-263.27731514697575,0.0,0.0,0.0,0.25,2.0,False,False,True,disabled
2026-06-06_run02_cross_pm30_off_r01,21100,21109,9,0.0,0.0,-263.27731514697575,,,,0.0,0.0,0.0,0.0,0.0,0.0,0.0,0.0,0.0,0.0,0.0,0.0,0.0,0.0,-263.27731514697575,0.0,0.0,0.0,0.25,2.0,False,False,False,disabled
2026-06-06_run02_cross_pm30_off_r01,21200,21203,3,0.0,0.0,-263.27731514697575,,,,0.0,0.0,0.0,0.0,0.0,0.0,0.0,0.0,0.0,0.0,0.0,0.0,0.0,0.0,-263.27731514697575,0.0,0.0,0.0,0.25,2.0,False,False,False,disabled
2026-06-06_run02_cross_pm30_off_r01,21300,21312,12,0.0,0.0,-263.27731514697575,,,,0.0,0.0,0.0,0.0,0.0,0.0,0.0,0.0,0.0,0.0,0.0,0.0,0.0,0.0,-263.27731514697575,0.0,0.0,0.0,0.25,2.0,False,False,False,disabled
2026-06-06_run02_cross_pm30_off_r01,21400,21406,6,0.0,0.0,-263.27731514697575,,,,0.0,0.0,0.0,0.0,0.0,0.0,0.0,0.0,0.0,0.0,0.0,0.0,0.0,0.0,-263.27731514697575,0.0,0.0,0.0,0.25,2.0,False,False,False,disabled
2026-06-06_run02_cross_pm30_off_r01,21500,21500,0,0.0,0.0,-263.27731514697575,,,,0.0,0.0,0.0,0.0,0.0,0.0,0.0,0.0,0.0,0.0,0.0,0.0,0.0,0.0,-263.27731514697575,0.0,0.0,0.0,0.25,2.0,False,False,True,disabled
2026-06-06_run02_cross_pm30_off_r01,21600,21609,9,0.0,0.0,-263.27731514697575,,,,0.0,0.0,0.0,0.0,0.0,0.0,0.0,0.0,0.0,0.0,0.0,0.0,0.0,0.0,-263.27731514697575,0.0,0.0,0.0,0.25,2.0,False,False,False,disabled
2026-06-06_run02_cross_pm30_off_r01,21700,21703,3,0.0,0.0,-263.27731514697575,,,,0.0,0.0,0.0,0.0,0.0,0.0,0.0,0.0,0.0,0.0,0.0,0.0,0.0,0.0,-263.27731514697575,0.0,0.0,0.0,0.25,2.0,False,False,False,disabled
2026-06-06_run02_cross_pm30_off_r01,21800,21812,12,0.0,0.0,-263.27731514697575,,,,0.0,0.0,0.0,0.0,0.0,0.0,0.0,0.0,0.0,0.0,0.0,0.0,0.0,0.0,-263.27731514697575,0.0,0.0,0.0,0.25,2.0,False,False,False,disabled
2026-06-06_run02_cross_pm30_off_r01,21900,21906,6,0.0,0.0,-263.27731514697575,,,,0.0,0.0,0.0,0.0,0.0,0.0,0.0,0.0,0.0,0.0,0.0,0.0,0.0,0.0,-263.27731514697575,0.0,0.0,0.0,0.25,2.0,False,False,False,disabled
2026-06-06_run02_cross_pm30_off_r01,22000,22000,0,0.0,0.0,-263.27731514697575,,,,0.0,0.0,0.0,0.0,0.0,0.0,0.0,0.0,0.0,0.0,0.0,0.0,0.0,0.0,-263.27731514697575,0.0,0.0,0.0,0.25,2.0,False,False,True,disabled
2026-06-06_run02_cross_pm30_off_r01,22100,22125,25,0.0,0.0,-263.27731514697575,,,,0.0,0.0,0.0,0.0,0.0,0.0,0.0,0.0,0.0,0.0,0.0,0.0,0.0,0.0,-263.27731514697575,0.0,0.0,0.0,0.25,2.0,False,False,False,disabled
2026-06-06_run02_cross_pm30_off_r01,22200,22203,3,0.0,0.0,-263.27731514697575,,,,0.0,0.0,0.0,0.0,0.0,0.0,0.0,0.0,0.0,0.0,0.0,0.0,0.0,0.0,-263.27731514697575,0.0,0.0,0.0,0.25,2.0,False,False,False,disabled
2026-06-06_run02_cross_pm30_off_r01,22300,22312,12,0.0,0.0,-263.27731514697575,,,,0.0,0.0,0.0,0.0,0.0,0.0,0.0,0.0,0.0,0.0,0.0,0.0,0.0,0.0,-263.27731514697575,0.0,0.0,0.0,0.25,2.0,False,False,False,disabled
2026-06-06_run02_cross_pm30_off_r01,22400,22406,6,0.0,0.0,-263.27731514697575,,,,0.0,0.0,0.0,0.0,0.0,0.0,0.0,0.0,0.0,0.0,0.0,0.0,0.0,0.0,-263.27731514697575,0.0,0.0,0.0,0.25,2.0,False,False,False,disabled
2026-06-06_run02_cross_pm30_off_r01,22500,22500,0,0.0,0.0,-263.27731514697575,,,,0.0,0.0,0.0,0.0,0.0,0.0,0.0,0.0,0.0,0.0,0.0,0.0,0.0,0.0,-263.27731514697575,0.0,0.0,0.0,0.25,2.0,False,False,True,disabled
2026-06-06_run02_cross_pm30_off_r01,22600,22609,9,0.0,0.0,-263.27731514697575,,,,0.0,0.0,0.0,0.0,0.0,0.0,0.0,0.0,0.0,0.0,0.0,0.0,0.0,0.0,-263.27731514697575,0.0,0.0,0.0,0.25,2.0,False,False,False,disabled
2026-06-06_run02_cross_pm30_off_r01,22700,22703,3,0.0,0.0,-263.27731514697575,,,,0.0,0.0,0.0,0.0,0.0,0.0,0.0,0.0,0.0,0.0,0.0,0.0,0.0,0.0,-263.27731514697575,0.0,0.0,0.0,0.25,2.0,False,False,False,disabled
2026-06-06_run02_cross_pm30_off_r01,22800,22812,12,0.0,0.0,-263.27731514697575,,,,0.0,0.0,0.0,0.0,0.0,0.0,0.0,0.0,0.0,0.0,0.0,0.0,0.0,0.0,-263.27731514697575,0.0,0.0,0.0,0.25,2.0,False,False,False,disabled
2026-06-06_run02_cross_pm30_off_r01,22900,22906,6,0.0,0.0,-263.27731514697575,,,,0.0,0.0,0.0,0.0,0.0,0.0,0.0,0.0,0.0,0.0,0.0,0.0,0.0,0.0,-263.27731514697575,0.0,0.0,0.0,0.25,2.0,False,False,False,disabled
2026-06-06_run02_cross_pm30_off_r01,23000,23000,0,0.0,0.0,-263.27731514697575,,,,0.0,0.0,0.0,0.0,0.0,0.0,0.0,0.0,0.0,0.0,0.0,0.0,0.0,0.0,-263.27731514697575,0.0,0.0,0.0,0.25,2.0,False,False,True,disabled
2026-06-06_run02_cross_pm30_off_r01,23100,23109,9,0.0,0.0,-263.27731514697575,,,,0.0,0.0,0.0,0.0,0.0,0.0,0.0,0.0,0.0,0.0,0.0,0.0,0.0,0.0,-263.27731514697575,0.0,0.0,0.0,0.25,2.0,False,False,False,disabled
2026-06-06_run02_cross_pm30_off_r01,23200,23203,3,0.0,0.0,-263.27731514697575,,,,0.0,0.0,0.0,0.0,0.0,0.0,0.0,0.0,0.0,0.0,0.0,0.0,0.0,0.0,-263.27731514697575,0.0,0.0,0.0,0.25,2.0,False,False,False,disabled
2026-06-06_run02_cross_pm30_off_r01,23300,23312,12,0.0,0.0,-263.27731514697575,,,,0.0,0.0,0.0,0.0,0.0,0.0,0.0,0.0,0.0,0.0,0.0,0.0,0.0,0.0,-263.27731514697575,0.0,0.0,0.0,0.25,2.0,False,False,False,disabled
2026-06-06_run02_cross_pm30_off_r01,23400,23406,6,0.0,0.0,-263.27731514697575,,,,0.0,0.0,0.0,0.0,0.0,0.0,0.0,0.0,0.0,0.0,0.0,0.0,0.0,0.0,-263.27731514697575,0.0,0.0,0.0,0.25,2.0,False,False,False,disabled
2026-06-06_run02_cross_pm30_off_r01,23500,23500,0,0.0,0.0,-263.27731514697575,,,,0.0,0.0,0.0,0.0,0.0,0.0,0.0,0.0,0.0,0.0,0.0,0.0,0.0,0.0,-263.27731514697575,0.0,0.0,0.0,0.25,2.0,False,False,True,disabled
2026-06-06_run02_cross_pm30_off_r01,23600,23609,9,0.0,0.0,-263.27731514697575,,,,0.0,0.0,0.0,0.0,0.0,0.0,0.0,0.0,0.0,0.0,0.0,0.0,0.0,0.0,-263.27731514697575,0.0,0.0,0.0,0.25,2.0,False,False,False,disabled
2026-06-06_run02_cross_pm30_off_r01,23700,23703,3,0.0,0.0,-263.27731514697575,,,,0.0,0.0,0.0,0.0,0.0,0.0,0.0,0.0,0.0,0.0,0.0,0.0,0.0,0.0,-263.27731514697575,0.0,0.0,0.0,0.25,2.0,False,False,False,disabled
2026-06-06_run02_cross_pm30_off_r01,23800,23812,12,0.0,0.0,-263.27731514697575,,,,0.0,0.0,0.0,0.0,0.0,0.0,0.0,0.0,0.0,0.0,0.0,0.0,0.0,0.0,-263.27731514697575,0.0,0.0,0.0,0.25,2.0,False,False,False,disabled
2026-06-06_run02_cross_pm30_off_r01,23900,23906,6,0.0,0.0,-263.27731514697575,,,,0.0,0.0,0.0,0.0,0.0,0.0,0.0,0.0,0.0,0.0,0.0,0.0,0.0,0.0,-263.27731514697575,0.0,0.0,0.0,0.25,2.0,False,False,False,disabled
2026-06-06_run02_cross_pm30_off_r01,24000,24000,0,0.0,0.0,-263.27731514697575,,,,0.0,0.0,0.0,0.0,0.0,0.0,0.0,0.0,0.0,0.0,0.0,0.0,0.0,0.0,-263.27731514697575,0.0,0.0,0.0,0.25,2.0,False,False,True,disabled
2026-06-06_run02_cross_pm30_off_r01,24100,24109,9,0.0,0.0,-263.27731514697575,,,,0.0,0.0,0.0,0.0,0.0,0.0,0.0,0.0,0.0,0.0,0.0,0.0,0.0,0.0,-263.27731514697575,0.0,0.0,0.0,0.25,2.0,False,False,False,disabled
2026-06-06_run02_cross_pm30_off_r01,24200,24203,3,0.0,0.0,-263.27731514697575,,,,0.0,0.0,0.0,0.0,0.0,0.0,0.0,0.0,0.0,0.0,0.0,0.0,0.0,0.0,-263.27731514697575,0.0,0.0,0.0,0.25,2.0,False,False,False,disabled
2026-06-06_run02_cross_pm30_off_r01,24300,24312,12,0.0,0.0,-263.27731514697575,,,,0.0,0.0,0.0,0.0,0.0,0.0,0.0,0.0,0.0,0.0,0.0,0.0,0.0,0.0,-263.27731514697575,0.0,0.0,0.0,0.25,2.0,False,False,False,disabled
2026-06-06_run02_cross_pm30_off_r01,24400,24406,6,0.0,0.0,-263.27731514697575,,,,0.0,0.0,0.0,0.0,0.0,0.0,0.0,0.0,0.0,0.0,0.0,0.0,0.0,0.0,-263.27731514697575,0.0,0.0,0.0,0.25,2.0,False,False,False,disabled
2026-06-06_run02_cross_pm30_off_r01,24500,24500,0,0.0,0.0,-263.27731514697575,,,,0.0,0.0,0.0,0.0,0.0,0.0,0.0,0.0,0.0,0.0,0.0,0.0,0.0,0.0,-263.27731514697575,0.0,0.0,0.0,0.25,2.0,False,False,True,disabled
2026-06-06_run02_cross_pm30_off_r01,24600,24609,9,0.0,0.0,-263.27731514697575,,,,0.0,0.0,0.0,0.0,0.0,0.0,0.0,0.0,0.0,0.0,0.0,0.0,0.0,0.0,-263.27731514697575,0.0,0.0,0.0,0.25,2.0,False,False,False,disabled
2026-06-06_run02_cross_pm30_off_r01,24700,24703,3,0.0,0.0,-263.27731514697575,,,,0.0,0.0,0.0,0.0,0.0,0.0,0.0,0.0,0.0,0.0,0.0,0.0,0.0,0.0,-263.27731514697575,0.0,0.0,0.0,0.25,2.0,False,False,False,disabled
2026-06-06_run02_cross_pm30_off_r01,24800,24812,12,0.0,0.0,-263.27731514697575,,,,0.0,0.0,0.0,0.0,0.0,0.0,0.0,0.0,0.0,0.0,0.0,0.0,0.0,0.0,-263.27731514697575,0.0,0.0,0.0,0.25,2.0,False,False,False,disabled
2026-06-06_run02_cross_pm30_off_r01,24900,24906,6,0.0,0.0,-263.27731514697575,,,,0.0,0.0,0.0,0.0,0.0,0.0,0.0,0.0,0.0,0.0,0.0,0.0,0.0,0.0,-263.27731514697575,0.0,0.0,0.0,0.25,2.0,False,False,False,disabled
2026-06-06_run02_cross_pm30_off_r01,25000,25000,0,0.0,30.0,-263.27731514697575,,,,8.0,-3.0,-3.0,0.0,0.0,0.0,0.0,0.0,0.0,0.0,0.0,0.0,0.0,30.0,-263.27731514697575,8.0,-3.0,-3.0,0.25,2.0,False,False,True,disabled
2026-06-06_run02_cross_pm30_off_r01,25100,25109,9,0.0,30.0,-263.27731514697575,,,,8.0,-3.0,-3.0,0.0,0.0,0.0,0.0,0.0,0.0,0.0,0.0,0.0,0.0,30.0,-263.27731514697575,8.0,-3.0,-3.0,0.25,2.0,False,False,False,disabled
2026-06-06_run02_cross_pm30_off_r01,25200,25203,3,0.0,30.0,-263.27731514697575,,,,8.0,-3.0,-3.0,0.0,0.0,0.0,0.0,0.0,0.0,0.0,0.0,0.0,0.0,30.0,-263.27731514697575,8.0,-3.0,-3.0,0.25,2.0,False,False,False,disabled
2026-06-06_run02_cross_pm30_off_r01,25300,25328,28,0.0,30.0,-263.27731514697575,,,,8.0,-3.0,-3.0,0.0,0.0,0.0,0.0,0.0,0.0,0.0,0.0,0.0,0.0,30.0,-263.27731514697575,8.0,-3.0,-3.0,0.25,2.0,False,False,False,disabled
2026-06-06_run02_cross_pm30_off_r01,25400,25406,6,0.0,30.0,-263.27731514697575,,,,8.0,-3.0,-3.0,0.0,0.0,0.0,0.0,0.0,0.0,0.0,0.0,0.0,0.0,30.0,-263.27731514697575,8.0,-3.0,-3.0,0.25,2.0,False,False,False,disabled
2026-06-06_run02_cross_pm30_off_r01,25500,25500,0,0.0,30.0,-263.27731514697575,,,,8.0,-3.0,-3.0,0.0,0.0,0.0,0.0,0.0,0.0,0.0,0.0,0.0,0.0,30.0,-263.27731514697575,8.0,-3.0,-3.0,0.25,2.0,False,False,True,disabled
2026-06-06_run02_cross_pm30_off_r01,25600,25609,9,0.0,30.0,-263.27731514697575,,,,8.0,-3.0,-3.0,0.0,0.0,0.0,0.0,0.0,0.0,0.0,0.0,0.0,0.0,30.0,-263.27731514697575,8.0,-3.0,-3.0,0.25,2.0,False,False,False,disabled
2026-06-06_run02_cross_pm30_off_r01,25700,25703,3,0.0,30.0,-263.27731514697575,,,,8.0,-3.0,-3.0,0.0,0.0,0.0,0.0,0.0,0.0,0.0,0.0,0.0,0.0,30.0,-263.27731514697575,8.0,-3.0,-3.0,0.25,2.0,False,False,False,disabled
2026-06-06_run02_cross_pm30_off_r01,25800,25812,12,0.0,30.0,-263.27731514697575,,,,8.0,-3.0,-3.0,0.0,0.0,0.0,0.0,0.0,0.0,0.0,0.0,0.0,0.0,30.0,-263.27731514697575,8.0,-3.0,-3.0,0.25,2.0,False,False,False,disabled
2026-06-06_run02_cross_pm30_off_r01,25900,25906,6,0.0,30.0,-263.27731514697575,,,,8.0,-3.0,-3.0,0.0,0.0,0.0,0.0,0.0,0.0,0.0,0.0,0.0,0.0,30.0,-263.27731514697575,8.0,-3.0,-3.0,0.25,2.0,False,False,False,disabled
2026-06-06_run02_cross_pm30_off_r01,26000,26000,0,0.0,30.0,-263.27731514697575,,,,8.0,-3.0,-3.0,0.0,0.0,0.0,0.0,0.0,0.0,0.0,0.0,0.0,0.0,30.0,-263.27731514697575,8.0,-3.0,-3.0,0.25,2.0,False,False,True,disabled
2026-06-06_run02_cross_pm30_off_r01,26100,26109,9,0.0,30.0,-263.27731514697575,,,,8.0,-3.0,-3.0,0.0,0.0,0.0,0.0,0.0,0.0,0.0,0.0,0.0,0.0,30.0,-263.27731514697575,8.0,-3.0,-3.0,0.25,2.0,False,False,False,disabled
2026-06-06_run02_cross_pm30_off_r01,26200,26203,3,0.0,30.0,-263.27731514697575,,,,8.0,-3.0,-3.0,0.0,0.0,0.0,0.0,0.0,0.0,0.0,0.0,0.0,0.0,30.0,-263.27731514697575,8.0,-3.0,-3.0,0.25,2.0,False,False,False,disabled
2026-06-06_run02_cross_pm30_off_r01,26300,26312,12,0.0,30.0,-263.27731514697575,,,,8.0,-3.0,-3.0,0.0,0.0,0.0,0.0,0.0,0.0,0.0,0.0,0.0,0.0,30.0,-263.27731514697575,8.0,-3.0,-3.0,0.25,2.0,False,False,False,disabled
2026-06-06_run02_cross_pm30_off_r01,26400,26406,6,0.0,30.0,-263.27731514697575,,,,8.0,-3.0,-3.0,0.0,0.0,0.0,0.0,0.0,0.0,0.0,0.0,0.0,0.0,30.0,-263.27731514697575,8.0,-3.0,-3.0,0.25,2.0,False,False,False,disabled
2026-06-06_run02_cross_pm30_off_r01,26500,26500,0,0.0,30.0,-263.27731514697575,,,,8.0,-3.0,-3.0,0.0,0.0,0.0,0.0,0.0,0.0,0.0,0.0,0.0,0.0,30.0,-263.27731514697575,8.0,-3.0,-3.0,0.25,2.0,False,False,True,disabled
2026-06-06_run02_cross_pm30_off_r01,26600,26609,9,0.0,30.0,-263.27731514697575,,,,8.0,-3.0,-3.0,0.0,0.0,0.0,0.0,0.0,0.0,0.0,0.0,0.0,0.0,30.0,-263.27731514697575,8.0,-3.0,-3.0,0.25,2.0,False,False,False,disabled
2026-06-06_run02_cross_pm30_off_r01,26700,26703,3,0.0,30.0,-263.27731514697575,,,,8.0,-3.0,-3.0,0.0,0.0,0.0,0.0,0.0,0.0,0.0,0.0,0.0,0.0,30.0,-263.27731514697575,8.0,-3.0,-3.0,0.25,2.0,False,False,False,disabled
2026-06-06_run02_cross_pm30_off_r01,26800,26812,12,0.0,30.0,-263.27731514697575,,,,8.0,-3.0,-3.0,0.0,0.0,0.0,0.0,0.0,0.0,0.0,0.0,0.0,0.0,30.0,-263.27731514697575,8.0,-3.0,-3.0,0.25,2.0,False,False,False,disabled
2026-06-06_run02_cross_pm30_off_r01,26900,26906,6,0.0,30.0,-263.27731514697575,,,,8.0,-3.0,-3.0,0.0,0.0,0.0,0.0,0.0,0.0,0.0,0.0,0.0,0.0,30.0,-263.27731514697575,8.0,-3.0,-3.0,0.25,2.0,False,False,False,disabled
2026-06-06_run02_cross_pm30_off_r01,27000,27000,0,0.0,30.0,-263.27731514697575,,,,8.0,-3.0,-3.0,0.0,0.0,0.0,0.0,0.0,0.0,0.0,0.0,0.0,0.0,30.0,-263.27731514697575,8.0,-3.0,-3.0,0.25,2.0,False,False,True,disabled
2026-06-06_run02_cross_pm30_off_r01,27100,27109,9,0.0,30.0,-263.27731514697575,,,,8.0,-3.0,-3.0,0.0,0.0,0.0,0.0,0.0,0.0,0.0,0.0,0.0,0.0,30.0,-263.27731514697575,8.0,-3.0,-3.0,0.25,2.0,False,False,False,disabled
2026-06-06_run02_cross_pm30_off_r01,27200,27203,3,0.0,30.0,-263.27731514697575,,,,8.0,-3.0,-3.0,0.0,0.0,0.0,0.0,0.0,0.0,0.0,0.0,0.0,0.0,30.0,-263.27731514697575,8.0,-3.0,-3.0,0.25,2.0,False,False,False,disabled
2026-06-06_run02_cross_pm30_off_r01,27300,27312,12,0.0,30.0,-263.27731514697575,,,,8.0,-3.0,-3.0,0.0,0.0,0.0,0.0,0.0,0.0,0.0,0.0,0.0,0.0,30.0,-263.27731514697575,8.0,-3.0,-3.0,0.25,2.0,False,False,False,disabled
2026-06-06_run02_cross_pm30_off_r01,27400,27406,6,0.0,30.0,-263.27731514697575,,,,8.0,-3.0,-3.0,0.0,0.0,0.0,0.0,0.0,0.0,0.0,0.0,0.0,0.0,30.0,-263.27731514697575,8.0,-3.0,-3.0,0.25,2.0,False,False,False,disabled
2026-06-06_run02_cross_pm30_off_r01,27500,27500,0,0.0,30.0,-263.27731514697575,,,,8.0,-3.0,-3.0,0.0,0.0,0.0,0.0,0.0,0.0,0.0,0.0,0.0,0.0,30.0,-263.27731514697575,8.0,-3.0,-3.0,0.25,2.0,False,False,True,disabled
2026-06-06_run02_cross_pm30_off_r01,27600,27609,9,0.0,30.0,-263.27731514697575,,,,8.0,-3.0,-3.0,0.0,0.0,0.0,0.0,0.0,0.0,0.0,0.0,0.0,0.0,30.0,-263.27731514697575,8.0,-3.0,-3.0,0.25,2.0,False,False,False,disabled
2026-06-06_run02_cross_pm30_off_r01,27700,27703,3,0.0,30.0,-263.27731514697575,,,,8.0,-3.0,-3.0,0.0,0.0,0.0,0.0,0.0,0.0,0.0,0.0,0.0,0.0,30.0,-263.27731514697575,8.0,-3.0,-3.0,0.25,2.0,False,False,False,disabled
2026-06-06_run02_cross_pm30_off_r01,27800,27812,12,0.0,30.0,-263.27731514697575,,,,8.0,-3.0,-3.0,0.0,0.0,0.0,0.0,0.0,0.0,0.0,0.0,0.0,0.0,30.0,-263.27731514697575,8.0,-3.0,-3.0,0.25,2.0,False,False,False,disabled
2026-06-06_run02_cross_pm30_off_r01,27900,27906,6,0.0,30.0,-263.27731514697575,,,,8.0,-3.0,-3.0,0.0,0.0,0.0,0.0,0.0,0.0,0.0,0.0,0.0,0.0,30.0,-263.27731514697575,8.0,-3.0,-3.0,0.25,2.0,False,False,False,disabled
2026-06-06_run02_cross_pm30_off_r01,28000,28000,0,0.0,30.0,-263.27731514697575,,,,8.0,-3.0,-3.0,0.0,0.0,0.0,0.0,0.0,0.0,0.0,0.0,0.0,0.0,30.0,-263.27731514697575,8.0,-3.0,-3.0,0.25,2.0,False,False,True,disabled
2026-06-06_run02_cross_pm30_off_r01,28100,28109,9,0.0,30.0,-263.27731514697575,,,,8.0,-3.0,-3.0,0.0,0.0,0.0,0.0,0.0,0.0,0.0,0.0,0.0,0.0,30.0,-263.27731514697575,8.0,-3.0,-3.0,0.25,2.0,False,False,False,disabled
2026-06-06_run02_cross_pm30_off_r01,28200,28203,3,0.0,30.0,-263.27731514697575,,,,8.0,-3.0,-3.0,0.0,0.0,0.0,0.0,0.0,0.0,0.0,0.0,0.0,0.0,30.0,-263.27731514697575,8.0,-3.0,-3.0,0.25,2.0,False,False,False,disabled
2026-06-06_run02_cross_pm30_off_r01,28300,28312,12,0.0,30.0,-263.27731514697575,,,,8.0,-3.0,-3.0,0.0,0.0,0.0,0.0,0.0,0.0,0.0,0.0,0.0,0.0,30.0,-263.27731514697575,8.0,-3.0,-3.0,0.25,2.0,False,False,False,disabled
2026-06-06_run02_cross_pm30_off_r01,28400,28406,6,0.0,30.0,-263.27731514697575,,,,8.0,-3.0,-3.0,0.0,0.0,0.0,0.0,0.0,0.0,0.0,0.0,0.0,0.0,30.0,-263.27731514697575,8.0,-3.0,-3.0,0.25,2.0,False,False,False,disabled
2026-06-06_run02_cross_pm30_off_r01,28500,28500,0,0.0,30.0,-263.27731514697575,,,,8.0,-3.0,-3.0,0.0,0.0,0.0,0.0,0.0,0.0,0.0,0.0,0.0,0.0,30.0,-263.27731514697575,8.0,-3.0,-3.0,0.25,2.0,False,False,True,disabled
2026-06-06_run02_cross_pm30_off_r01,28600,28609,9,0.0,30.0,-263.27731514697575,,,,8.0,-3.0,-3.0,0.0,0.0,0.0,0.0,0.0,0.0,0.0,0.0,0.0,0.0,30.0,-263.27731514697575,8.0,-3.0,-3.0,0.25,2.0,False,False,False,disabled
2026-06-06_run02_cross_pm30_off_r01,28700,28703,3,0.0,30.0,-263.27731514697575,,,,8.0,-3.0,-3.0,0.0,0.0,0.0,0.0,0.0,0.0,0.0,0.0,0.0,0.0,30.0,-263.27731514697575,8.0,-3.0,-3.0,0.25,2.0,False,False,False,disabled
2026-06-06_run02_cross_pm30_off_r01,28800,28812,12,0.0,30.0,-263.27731514697575,,,,8.0,-3.0,-3.0,0.0,0.0,0.0,0.0,0.0,0.0,0.0,0.0,0.0,0.0,30.0,-263.27731514697575,8.0,-3.0,-3.0,0.25,2.0,False,False,False,disabled
2026-06-06_run02_cross_pm30_off_r01,28900,28906,6,0.0,30.0,-263.27731514697575,,,,8.0,-3.0,-3.0,0.0,0.0,0.0,0.0,0.0,0.0,0.0,0.0,0.0,0.0,30.0,-263.27731514697575,8.0,-3.0,-3.0,0.25,2.0,False,False,False,disabled
2026-06-06_run02_cross_pm30_off_r01,29000,29000,0,0.0,30.0,-263.27731514697575,,,,8.0,-3.0,-3.0,0.0,0.0,0.0,0.0,0.0,0.0,0.0,0.0,0.0,0.0,30.0,-263.27731514697575,8.0,-3.0,-3.0,0.25,2.0,False,False,True,disabled
2026-06-06_run02_cross_pm30_off_r01,29100,29109,9,0.0,30.0,-263.27731514697575,,,,8.0,-3.0,-3.0,0.0,0.0,0.0,0.0,0.0,0.0,0.0,0.0,0.0,0.0,30.0,-263.27731514697575,8.0,-3.0,-3.0,0.25,2.0,False,False,False,disabled
2026-06-06_run02_cross_pm30_off_r01,29200,29203,3,0.0,30.0,-263.27731514697575,,,,8.0,-3.0,-3.0,0.0,0.0,0.0,0.0,0.0,0.0,0.0,0.0,0.0,0.0,30.0,-263.27731514697575,8.0,-3.0,-3.0,0.25,2.0,False,False,False,disabled
2026-06-06_run02_cross_pm30_off_r01,29300,29312,12,0.0,30.0,-263.27731514697575,,,,8.0,-3.0,-3.0,0.0,0.0,0.0,0.0,0.0,0.0,0.0,0.0,0.0,0.0,30.0,-263.27731514697575,8.0,-3.0,-3.0,0.25,2.0,False,False,False,disabled
2026-06-06_run02_cross_pm30_off_r01,29400,29406,6,0.0,30.0,-263.27731514697575,,,,8.0,-3.0,-3.0,0.0,0.0,0.0,0.0,0.0,0.0,0.0,0.0,0.0,0.0,30.0,-263.27731514697575,8.0,-3.0,-3.0,0.25,2.0,False,False,False,disabled
2026-06-06_run02_cross_pm30_off_r01,29500,29500,0,0.0,30.0,-263.27731514697575,,,,8.0,-3.0,-3.0,0.0,0.0,0.0,0.0,0.0,0.0,0.0,0.0,0.0,0.0,30.0,-263.27731514697575,8.0,-3.0,-3.0,0.25,2.0,False,False,True,disabled
2026-06-06_run02_cross_pm30_off_r01,29600,29609,9,0.0,30.0,-263.27731514697575,,,,8.0,-3.0,-3.0,0.0,0.0,0.0,0.0,0.0,0.0,0.0,0.0,0.0,0.0,30.0,-263.27731514697575,8.0,-3.0,-3.0,0.25,2.0,False,False,False,disabled
2026-06-06_run02_cross_pm30_off_r01,29700,29703,3,0.0,30.0,-263.27731514697575,,,,8.0,-3.0,-3.0,0.0,0.0,0.0,0.0,0.0,0.0,0.0,0.0,0.0,0.0,30.0,-263.27731514697575,8.0,-3.0,-3.0,0.25,2.0,False,False,False,disabled
2026-06-06_run02_cross_pm30_off_r01,29800,29812,12,0.0,30.0,-263.27731514697575,,,,8.0,-3.0,-3.0,0.0,0.0,0.0,0.0,0.0,0.0,0.0,0.0,0.0,0.0,30.0,-263.27731514697575,8.0,-3.0,-3.0,0.25,2.0,False,False,False,disabled
2026-06-06_run02_cross_pm30_off_r01,29900,29906,6,0.0,30.0,-263.27731514697575,,,,8.0,-3.0,-3.0,0.0,0.0,0.0,0.0,0.0,0.0,0.0,0.0,0.0,0.0,30.0,-263.27731514697575,8.0,-3.0,-3.0,0.25,2.0,False,False,False,disabled
2026-06-06_run02_cross_pm30_off_r01,30000,30000,0,0.0,0.0,-263.27731514697575,,,,0.0,0.0,0.0,0.0,0.0,0.0,0.0,0.0,0.0,0.0,0.0,0.0,0.0,0.0,-263.27731514697575,0.0,0.0,0.0,0.25,2.0,False,False,True,disabled
2026-06-06_run02_cross_pm30_off_r01,30100,30109,9,0.0,0.0,-263.27731514697575,,,,0.0,0.0,0.0,0.0,0.0,0.0,0.0,0.0,0.0,0.0,0.0,0.0,0.0,0.0,-263.27731514697575,0.0,0.0,0.0,0.25,2.0,False,False,False,disabled
2026-06-06_run02_cross_pm30_off_r01,30200,30203,3,0.0,0.0,-263.27731514697575,,,,0.0,0.0,0.0,0.0,0.0,0.0,0.0,0.0,0.0,0.0,0.0,0.0,0.0,0.0,-263.27731514697575,0.0,0.0,0.0,0.25,2.0,False,False,False,disabled
2026-06-06_run02_cross_pm30_off_r01,30300,30312,12,0.0,0.0,-263.27731514697575,,,,0.0,0.0,0.0,0.0,0.0,0.0,0.0,0.0,0.0,0.0,0.0,0.0,0.0,0.0,-263.27731514697575,0.0,0.0,0.0,0.25,2.0,False,False,False,disabled
2026-06-06_run02_cross_pm30_off_r01,30400,30406,6,0.0,0.0,-263.27731514697575,,,,0.0,0.0,0.0,0.0,0.0,0.0,0.0,0.0,0.0,0.0,0.0,0.0,0.0,0.0,-263.27731514697575,0.0,0.0,0.0,0.25,2.0,False,False,False,disabled
2026-06-06_run02_cross_pm30_off_r01,30500,30500,0,0.0,0.0,-263.27731514697575,,,,0.0,0.0,0.0,0.0,0.0,0.0,0.0,0.0,0.0,0.0,0.0,0.0,0.0,0.0,-263.27731514697575,0.0,0.0,0.0,0.25,2.0,False,False,True,disabled
2026-06-06_run02_cross_pm30_off_r01,30600,30609,9,0.0,0.0,-263.27731514697575,,,,0.0,0.0,0.0,0.0,0.0,0.0,0.0,0.0,0.0,0.0,0.0,0.0,0.0,0.0,-263.27731514697575,0.0,0.0,0.0,0.25,2.0,False,False,False,disabled
2026-06-06_run02_cross_pm30_off_r01,30700,30703,3,0.0,0.0,-263.27731514697575,,,,0.0,0.0,0.0,0.0,0.0,0.0,0.0,0.0,0.0,0.0,0.0,0.0,0.0,0.0,-263.27731514697575,0.0,0.0,0.0,0.25,2.0,False,False,False,disabled
2026-06-06_run02_cross_pm30_off_r01,30800,30812,12,0.0,0.0,-263.27731514697575,,,,0.0,0.0,0.0,0.0,0.0,0.0,0.0,0.0,0.0,0.0,0.0,0.0,0.0,0.0,-263.27731514697575,0.0,0.0,0.0,0.25,2.0,False,False,False,disabled
2026-06-06_run02_cross_pm30_off_r01,30900,30906,6,0.0,0.0,-263.27731514697575,,,,0.0,0.0,0.0,0.0,0.0,0.0,0.0,0.0,0.0,0.0,0.0,0.0,0.0,0.0,-263.27731514697575,0.0,0.0,0.0,0.25,2.0,False,False,False,disabled
2026-06-06_run02_cross_pm30_off_r01,31000,31000,0,0.0,0.0,-263.27731514697575,,,,0.0,0.0,0.0,0.0,0.0,0.0,0.0,0.0,0.0,0.0,0.0,0.0,0.0,0.0,-263.27731514697575,0.0,0.0,0.0,0.25,2.0,False,False,True,disabled
2026-06-06_run02_cross_pm30_off_r01,31100,31109,9,0.0,0.0,-263.27731514697575,,,,0.0,0.0,0.0,0.0,0.0,0.0,0.0,0.0,0.0,0.0,0.0,0.0,0.0,0.0,-263.27731514697575,0.0,0.0,0.0,0.25,2.0,False,False,False,disabled
2026-06-06_run02_cross_pm30_off_r01,31200,31203,3,0.0,0.0,-263.27731514697575,,,,0.0,0.0,0.0,0.0,0.0,0.0,0.0,0.0,0.0,0.0,0.0,0.0,0.0,0.0,-263.27731514697575,0.0,0.0,0.0,0.25,2.0,False,False,False,disabled
2026-06-06_run02_cross_pm30_off_r01,31300,31312,12,0.0,0.0,-263.27731514697575,,,,0.0,0.0,0.0,0.0,0.0,0.0,0.0,0.0,0.0,0.0,0.0,0.0,0.0,0.0,-263.27731514697575,0.0,0.0,0.0,0.25,2.0,False,False,False,disabled
2026-06-06_run02_cross_pm30_off_r01,31400,31406,6,0.0,0.0,-263.27731514697575,,,,0.0,0.0,0.0,0.0,0.0,0.0,0.0,0.0,0.0,0.0,0.0,0.0,0.0,0.0,-263.27731514697575,0.0,0.0,0.0,0.25,2.0,False,False,False,disabled
2026-06-06_run02_cross_pm30_off_r01,31500,31500,0,0.0,0.0,-263.27731514697575,,,,0.0,0.0,0.0,0.0,0.0,0.0,0.0,0.0,0.0,0.0,0.0,0.0,0.0,0.0,-263.27731514697575,0.0,0.0,0.0,0.25,2.0,False,False,True,disabled
2026-06-06_run02_cross_pm30_off_r01,31600,31609,9,0.0,0.0,-263.27731514697575,,,,0.0,0.0,0.0,0.0,0.0,0.0,0.0,0.0,0.0,0.0,0.0,0.0,0.0,0.0,-263.27731514697575,0.0,0.0,0.0,0.25,2.0,False,False,False,disabled
2026-06-06_run02_cross_pm30_off_r01,31700,31703,3,0.0,0.0,-263.27731514697575,,,,0.0,0.0,0.0,0.0,0.0,0.0,0.0,0.0,0.0,0.0,0.0,0.0,0.0,0.0,-263.27731514697575,0.0,0.0,0.0,0.25,2.0,False,False,False,disabled
2026-06-06_run02_cross_pm30_off_r01,31800,31812,12,0.0,0.0,-263.27731514697575,,,,0.0,0.0,0.0,0.0,0.0,0.0,0.0,0.0,0.0,0.0,0.0,0.0,0.0,0.0,-263.27731514697575,0.0,0.0,0.0,0.25,2.0,False,False,False,disabled
2026-06-06_run02_cross_pm30_off_r01,31900,31906,6,0.0,0.0,-263.27731514697575,,,,0.0,0.0,0.0,0.0,0.0,0.0,0.0,0.0,0.0,0.0,0.0,0.0,0.0,0.0,-263.27731514697575,0.0,0.0,0.0,0.25,2.0,False,False,False,disabled
2026-06-06_run02_cross_pm30_off_r01,32000,32000,0,0.0,0.0,-263.27731514697575,,,,0.0,0.0,0.0,0.0,0.0,0.0,0.0,0.0,0.0,0.0,0.0,0.0,0.0,0.0,-263.27731514697575,0.0,0.0,0.0,0.25,2.0,False,False,True,disabled
2026-06-06_run02_cross_pm30_off_r01,32100,32109,9,0.0,0.0,-263.27731514697575,,,,0.0,0.0,0.0,0.0,0.0,0.0,0.0,0.0,0.0,0.0,0.0,0.0,0.0,0.0,-263.27731514697575,0.0,0.0,0.0,0.25,2.0,False,False,False,disabled
2026-06-06_run02_cross_pm30_off_r01,32200,32218,18,0.0,0.0,-263.27731514697575,,,,0.0,0.0,0.0,0.0,0.0,0.0,0.0,0.0,0.0,0.0,0.0,0.0,0.0,0.0,-263.27731514697575,0.0,0.0,0.0,0.25,2.0,False,False,False,disabled
2026-06-06_run02_cross_pm30_off_r01,32300,32312,12,0.0,0.0,-263.27731514697575,,,,0.0,0.0,0.0,0.0,0.0,0.0,0.0,0.0,0.0,0.0,0.0,0.0,0.0,0.0,-263.27731514697575,0.0,0.0,0.0,0.25,2.0,False,False,False,disabled
2026-06-06_run02_cross_pm30_off_r01,32400,32406,6,0.0,0.0,-263.27731514697575,,,,0.0,0.0,0.0,0.0,0.0,0.0,0.0,0.0,0.0,0.0,0.0,0.0,0.0,0.0,-263.27731514697575,0.0,0.0,0.0,0.25,2.0,False,False,False,disabled
2026-06-06_run02_cross_pm30_off_r01,32500,32500,0,0.0,0.0,-263.27731514697575,,,,0.0,0.0,0.0,0.0,0.0,0.0,0.0,0.0,0.0,0.0,0.0,0.0,0.0,0.0,-263.27731514697575,0.0,0.0,0.0,0.25,2.0,False,False,True,disabled
2026-06-06_run02_cross_pm30_off_r01,32600,32609,9,0.0,0.0,-263.27731514697575,,,,0.0,0.0,0.0,0.0,0.0,0.0,0.0,0.0,0.0,0.0,0.0,0.0,0.0,0.0,-263.27731514697575,0.0,0.0,0.0,0.25,2.0,False,False,False,disabled
2026-06-06_run02_cross_pm30_off_r01,32700,32703,3,0.0,0.0,-263.27731514697575,,,,0.0,0.0,0.0,0.0,0.0,0.0,0.0,0.0,0.0,0.0,0.0,0.0,0.0,0.0,-263.27731514697575,0.0,0.0,0.0,0.25,2.0,False,False,False,disabled
2026-06-06_run02_cross_pm30_off_r01,32800,32812,12,0.0,0.0,-263.27731514697575,,,,0.0,0.0,0.0,0.0,0.0,0.0,0.0,0.0,0.0,0.0,0.0,0.0,0.0,0.0,-263.27731514697575,0.0,0.0,0.0,0.25,2.0,False,False,False,disabled
2026-06-06_run02_cross_pm30_off_r01,32900,32906,6,0.0,0.0,-263.27731514697575,,,,0.0,0.0,0.0,0.0,0.0,0.0,0.0,0.0,0.0,0.0,0.0,0.0,0.0,0.0,-263.27731514697575,0.0,0.0,0.0,0.25,2.0,False,False,False,disabled
2026-06-06_run02_cross_pm30_off_r01,33000,33000,0,0.0,0.0,-263.27731514697575,,,,0.0,0.0,0.0,0.0,0.0,0.0,0.0,0.0,0.0,0.0,0.0,0.0,0.0,0.0,-263.27731514697575,0.0,0.0,0.0,0.25,2.0,False,False,True,disabled
2026-06-06_run02_cross_pm30_off_r01,33100,33109,9,0.0,0.0,-263.27731514697575,,,,0.0,0.0,0.0,0.0,0.0,0.0,0.0,0.0,0.0,0.0,0.0,0.0,0.0,0.0,-263.27731514697575,0.0,0.0,0.0,0.25,2.0,False,False,False,disabled
2026-06-06_run02_cross_pm30_off_r01,33200,33203,3,0.0,0.0,-263.27731514697575,,,,0.0,0.0,0.0,0.0,0.0,0.0,0.0,0.0,0.0,0.0,0.0,0.0,0.0,0.0,-263.27731514697575,0.0,0.0,0.0,0.25,2.0,False,False,False,disabled
2026-06-06_run02_cross_pm30_off_r01,33300,33312,12,0.0,0.0,-263.27731514697575,,,,0.0,0.0,0.0,0.0,0.0,0.0,0.0,0.0,0.0,0.0,0.0,0.0,0.0,0.0,-263.27731514697575,0.0,0.0,0.0,0.25,2.0,False,False,False,disabled
2026-06-06_run02_cross_pm30_off_r01,33400,33406,6,0.0,0.0,-263.27731514697575,,,,0.0,0.0,0.0,0.0,0.0,0.0,0.0,0.0,0.0,0.0,0.0,0.0,0.0,0.0,-263.27731514697575,0.0,0.0,0.0,0.25,2.0,False,False,False,disabled
2026-06-06_run02_cross_pm30_off_r01,33500,33500,0,0.0,0.0,-263.27731514697575,,,,0.0,0.0,0.0,0.0,0.0,0.0,0.0,0.0,0.0,0.0,0.0,0.0,0.0,0.0,-263.27731514697575,0.0,0.0,0.0,0.25,2.0,False,False,True,disabled
2026-06-06_run02_cross_pm30_off_r01,33600,33609,9,0.0,0.0,-263.27731514697575,,,,0.0,0.0,0.0,0.0,0.0,0.0,0.0,0.0,0.0,0.0,0.0,0.0,0.0,0.0,-263.27731514697575,0.0,0.0,0.0,0.25,2.0,False,False,False,disabled
2026-06-06_run02_cross_pm30_off_r01,33700,33703,3,0.0,0.0,-263.27731514697575,,,,0.0,0.0,0.0,0.0,0.0,0.0,0.0,0.0,0.0,0.0,0.0,0.0,0.0,0.0,-263.27731514697575,0.0,0.0,0.0,0.25,2.0,False,False,False,disabled
2026-06-06_run02_cross_pm30_off_r01,33800,33812,12,0.0,0.0,-263.27731514697575,,,,0.0,0.0,0.0,0.0,0.0,0.0,0.0,0.0,0.0,0.0,0.0,0.0,0.0,0.0,-263.27731514697575,0.0,0.0,0.0,0.25,2.0,False,False,False,disabled
2026-06-06_run02_cross_pm30_off_r01,33900,33906,6,0.0,0.0,-263.27731514697575,,,,0.0,0.0,0.0,0.0,0.0,0.0,0.0,0.0,0.0,0.0,0.0,0.0,0.0,0.0,-263.27731514697575,0.0,0.0,0.0,0.25,2.0,False,False,False,disabled
2026-06-06_run02_cross_pm30_off_r01,34000,34000,0,0.0,0.0,-263.27731514697575,,,,0.0,0.0,0.0,0.0,0.0,0.0,0.0,0.0,0.0,0.0,0.0,0.0,0.0,0.0,-263.27731514697575,0.0,0.0,0.0,0.25,2.0,False,False,True,disabled
2026-06-06_run02_cross_pm30_off_r01,34100,34109,9,0.0,0.0,-263.27731514697575,,,,0.0,0.0,0.0,0.0,0.0,0.0,0.0,0.0,0.0,0.0,0.0,0.0,0.0,0.0,-263.27731514697575,0.0,0.0,0.0,0.25,2.0,False,False,False,disabled
2026-06-06_run02_cross_pm30_off_r01,34200,34203,3,0.0,0.0,-263.27731514697575,,,,0.0,0.0,0.0,0.0,0.0,0.0,0.0,0.0,0.0,0.0,0.0,0.0,0.0,0.0,-263.27731514697575,0.0,0.0,0.0,0.25,2.0,False,False,False,disabled
2026-06-06_run02_cross_pm30_off_r01,34300,34312,12,0.0,0.0,-263.27731514697575,,,,0.0,0.0,0.0,0.0,0.0,0.0,0.0,0.0,0.0,0.0,0.0,0.0,0.0,0.0,-263.27731514697575,0.0,0.0,0.0,0.25,2.0,False,False,False,disabled
2026-06-06_run02_cross_pm30_off_r01,34400,34406,6,0.0,0.0,-263.27731514697575,,,,0.0,0.0,0.0,0.0,0.0,0.0,0.0,0.0,0.0,0.0,0.0,0.0,0.0,0.0,-263.27731514697575,0.0,0.0,0.0,0.25,2.0,False,False,False,disabled
2026-06-06_run02_cross_pm30_off_r01,34500,34500,0,0.0,0.0,-263.27731514697575,,,,0.0,0.0,0.0,0.0,0.0,0.0,0.0,0.0,0.0,0.0,0.0,0.0,0.0,0.0,-263.27731514697575,0.0,0.0,0.0,0.25,2.0,False,False,True,disabled
2026-06-06_run02_cross_pm30_off_r01,34600,34609,9,0.0,0.0,-263.27731514697575,,,,0.0,0.0,0.0,0.0,0.0,0.0,0.0,0.0,0.0,0.0,0.0,0.0,0.0,0.0,-263.27731514697575,0.0,0.0,0.0,0.25,2.0,False,False,False,disabled
2026-06-06_run02_cross_pm30_off_r01,34700,34703,3,0.0,0.0,-263.27731514697575,,,,0.0,0.0,0.0,0.0,0.0,0.0,0.0,0.0,0.0,0.0,0.0,0.0,0.0,0.0,-263.27731514697575,0.0,0.0,0.0,0.25,2.0,False,False,False,disabled
2026-06-06_run02_cross_pm30_off_r01,34800,34812,12,0.0,0.0,-263.27731514697575,,,,0.0,0.0,0.0,0.0,0.0,0.0,0.0,0.0,0.0,0.0,0.0,0.0,0.0,0.0,-263.27731514697575,0.0,0.0,0.0,0.25,2.0,False,False,False,disabled
2026-06-06_run02_cross_pm30_off_r01,34900,34906,6,0.0,0.0,-263.27731514697575,,,,0.0,0.0,0.0,0.0,0.0,0.0,0.0,0.0,0.0,0.0,0.0,0.0,0.0,0.0,-263.27731514697575,0.0,0.0,0.0,0.25,2.0,False,False,False,disabled
2026-06-06_run02_cross_pm30_off_r01,35000,35000,0,0.0,-30.0,-263.27731514697575,,,,-7.0,5.0,5.0,0.0,0.0,0.0,0.0,0.0,0.0,0.0,0.0,0.0,0.0,-30.0,-263.27731514697575,-7.0,5.0,5.0,0.25,2.0,False,False,True,disabled
2026-06-06_run02_cross_pm30_off_r01,35100,35109,9,0.0,-30.0,-263.27731514697575,,,,-7.0,5.0,5.0,0.0,0.0,0.0,0.0,0.0,0.0,0.0,0.0,0.0,0.0,-30.0,-263.27731514697575,-7.0,5.0,5.0,0.25,2.0,False,False,False,disabled
2026-06-06_run02_cross_pm30_off_r01,35200,35203,3,0.0,-30.0,-263.27731514697575,,,,-7.0,5.0,5.0,0.0,0.0,0.0,0.0,0.0,0.0,0.0,0.0,0.0,0.0,-30.0,-263.27731514697575,-7.0,5.0,5.0,0.25,2.0,False,False,False,disabled
2026-06-06_run02_cross_pm30_off_r01,35300,35312,12,0.0,-30.0,-263.27731514697575,,,,-7.0,5.0,5.0,0.0,0.0,0.0,0.0,0.0,0.0,0.0,0.0,0.0,0.0,-30.0,-263.27731514697575,-7.0,5.0,5.0,0.25,2.0,False,False,False,disabled
2026-06-06_run02_cross_pm30_off_r01,35400,35406,6,0.0,-30.0,-263.27731514697575,,,,-7.0,5.0,5.0,0.0,0.0,0.0,0.0,0.0,0.0,0.0,0.0,0.0,0.0,-30.0,-263.27731514697575,-7.0,5.0,5.0,0.25,2.0,False,False,False,disabled
2026-06-06_run02_cross_pm30_off_r01,35500,35500,0,0.0,-30.0,-263.27731514697575,,,,-7.0,5.0,5.0,0.0,0.0,0.0,0.0,0.0,0.0,0.0,0.0,0.0,0.0,-30.0,-263.27731514697575,-7.0,5.0,5.0,0.25,2.0,False,False,True,disabled
2026-06-06_run02_cross_pm30_off_r01,35600,35609,9,0.0,-30.0,-263.27731514697575,,,,-7.0,5.0,5.0,0.0,0.0,0.0,0.0,0.0,0.0,0.0,0.0,0.0,0.0,-30.0,-263.27731514697575,-7.0,5.0,5.0,0.25,2.0,False,False,False,disabled
2026-06-06_run02_cross_pm30_off_r01,35700,35703,3,0.0,-30.0,-263.27731514697575,,,,-7.0,5.0,5.0,0.0,0.0,0.0,0.0,0.0,0.0,0.0,0.0,0.0,0.0,-30.0,-263.27731514697575,-7.0,5.0,5.0,0.25,2.0,False,False,False,disabled
2026-06-06_run02_cross_pm30_off_r01,35800,35812,12,0.0,-30.0,-263.27731514697575,,,,-7.0,5.0,5.0,0.0,0.0,0.0,0.0,0.0,0.0,0.0,0.0,0.0,0.0,-30.0,-263.27731514697575,-7.0,5.0,5.0,0.25,2.0,False,False,False,disabled
2026-06-06_run02_cross_pm30_off_r01,35900,35906,6,0.0,-30.0,-263.27731514697575,,,,-7.0,5.0,5.0,0.0,0.0,0.0,0.0,0.0,0.0,0.0,0.0,0.0,0.0,-30.0,-263.27731514697575,-7.0,5.0,5.0,0.25,2.0,False,False,False,disabled
2026-06-06_run02_cross_pm30_off_r01,36000,36000,0,0.0,-30.0,-263.27731514697575,,,,-7.0,5.0,5.0,0.0,0.0,0.0,0.0,0.0,0.0,0.0,0.0,0.0,0.0,-30.0,-263.27731514697575,-7.0,5.0,5.0,0.25,2.0,False,False,True,disabled
2026-06-06_run02_cross_pm30_off_r01,36100,36109,9,0.0,-30.0,-263.27731514697575,,,,-7.0,5.0,5.0,0.0,0.0,0.0,0.0,0.0,0.0,0.0,0.0,0.0,0.0,-30.0,-263.27731514697575,-7.0,5.0,5.0,0.25,2.0,False,False,False,disabled
2026-06-06_run02_cross_pm30_off_r01,36200,36203,3,0.0,-30.0,-263.27731514697575,,,,-7.0,5.0,5.0,0.0,0.0,0.0,0.0,0.0,0.0,0.0,0.0,0.0,0.0,-30.0,-263.27731514697575,-7.0,5.0,5.0,0.25,2.0,False,False,False,disabled
2026-06-06_run02_cross_pm30_off_r01,36300,36312,12,0.0,-30.0,-263.27731514697575,,,,-7.0,5.0,5.0,0.0,0.0,0.0,0.0,0.0,0.0,0.0,0.0,0.0,0.0,-30.0,-263.27731514697575,-7.0,5.0,5.0,0.25,2.0,False,False,False,disabled
2026-06-06_run02_cross_pm30_off_r01,36400,36406,6,0.0,-30.0,-263.27731514697575,,,,-7.0,5.0,5.0,0.0,0.0,0.0,0.0,0.0,0.0,0.0,0.0,0.0,0.0,-30.0,-263.27731514697575,-7.0,5.0,5.0,0.25,2.0,False,False,False,disabled
2026-06-06_run02_cross_pm30_off_r01,36500,36500,0,0.0,-30.0,-263.27731514697575,,,,-7.0,5.0,5.0,0.0,0.0,0.0,0.0,0.0,0.0,0.0,0.0,0.0,0.0,-30.0,-263.27731514697575,-7.0,5.0,5.0,0.25,2.0,False,False,True,disabled
2026-06-06_run02_cross_pm30_off_r01,36600,36609,9,0.0,-30.0,-263.27731514697575,,,,-7.0,5.0,5.0,0.0,0.0,0.0,0.0,0.0,0.0,0.0,0.0,0.0,0.0,-30.0,-263.27731514697575,-7.0,5.0,5.0,0.25,2.0,False,False,False,disabled
2026-06-06_run02_cross_pm30_off_r01,36700,36703,3,0.0,-30.0,-263.27731514697575,,,,-7.0,5.0,5.0,0.0,0.0,0.0,0.0,0.0,0.0,0.0,0.0,0.0,0.0,-30.0,-263.27731514697575,-7.0,5.0,5.0,0.25,2.0,False,False,False,disabled
2026-06-06_run02_cross_pm30_off_r01,36800,36812,12,0.0,-30.0,-263.27731514697575,,,,-7.0,5.0,5.0,0.0,0.0,0.0,0.0,0.0,0.0,0.0,0.0,0.0,0.0,-30.0,-263.27731514697575,-7.0,5.0,5.0,0.25,2.0,False,False,False,disabled
2026-06-06_run02_cross_pm30_off_r01,36900,36906,6,0.0,-30.0,-263.27731514697575,,,,-7.0,5.0,5.0,0.0,0.0,0.0,0.0,0.0,0.0,0.0,0.0,0.0,0.0,-30.0,-263.27731514697575,-7.0,5.0,5.0,0.25,2.0,False,False,False,disabled
2026-06-06_run02_cross_pm30_off_r01,37000,37000,0,0.0,-30.0,-263.27731514697575,,,,-7.0,5.0,5.0,0.0,0.0,0.0,0.0,0.0,0.0,0.0,0.0,0.0,0.0,-30.0,-263.27731514697575,-7.0,5.0,5.0,0.25,2.0,False,False,True,disabled
2026-06-06_run02_cross_pm30_off_r01,37100,37109,9,0.0,-30.0,-263.27731514697575,,,,-7.0,5.0,5.0,0.0,0.0,0.0,0.0,0.0,0.0,0.0,0.0,0.0,0.0,-30.0,-263.27731514697575,-7.0,5.0,5.0,0.25,2.0,False,False,False,disabled
2026-06-06_run02_cross_pm30_off_r01,37200,37203,3,0.0,-30.0,-263.27731514697575,,,,-7.0,5.0,5.0,0.0,0.0,0.0,0.0,0.0,0.0,0.0,0.0,0.0,0.0,-30.0,-263.27731514697575,-7.0,5.0,5.0,0.25,2.0,False,False,False,disabled
2026-06-06_run02_cross_pm30_off_r01,37300,37312,12,0.0,-30.0,-263.27731514697575,,,,-7.0,5.0,5.0,0.0,0.0,0.0,0.0,0.0,0.0,0.0,0.0,0.0,0.0,-30.0,-263.27731514697575,-7.0,5.0,5.0,0.25,2.0,False,False,False,disabled
2026-06-06_run02_cross_pm30_off_r01,37400,37406,6,0.0,-30.0,-263.27731514697575,,,,-7.0,5.0,5.0,0.0,0.0,0.0,0.0,0.0,0.0,0.0,0.0,0.0,0.0,-30.0,-263.27731514697575,-7.0,5.0,5.0,0.25,2.0,False,False,False,disabled
2026-06-06_run02_cross_pm30_off_r01,37500,37500,0,0.0,-30.0,-263.27731514697575,,,,-7.0,5.0,5.0,0.0,0.0,0.0,0.0,0.0,0.0,0.0,0.0,0.0,0.0,-30.0,-263.27731514697575,-7.0,5.0,5.0,0.25,2.0,False,False,True,disabled
2026-06-06_run02_cross_pm30_off_r01,37600,37609,9,0.0,-30.0,-263.27731514697575,,,,-7.0,5.0,5.0,0.0,0.0,0.0,0.0,0.0,0.0,0.0,0.0,0.0,0.0,-30.0,-263.27731514697575,-7.0,5.0,5.0,0.25,2.0,False,False,False,disabled
2026-06-06_run02_cross_pm30_off_r01,37700,37703,3,0.0,-30.0,-263.27731514697575,,,,-7.0,5.0,5.0,0.0,0.0,0.0,0.0,0.0,0.0,0.0,0.0,0.0,0.0,-30.0,-263.27731514697575,-7.0,5.0,5.0,0.25,2.0,False,False,False,disabled
2026-06-06_run02_cross_pm30_off_r01,37800,37812,12,0.0,-30.0,-263.27731514697575,,,,-7.0,5.0,5.0,0.0,0.0,0.0,0.0,0.0,0.0,0.0,0.0,0.0,0.0,-30.0,-263.27731514697575,-7.0,5.0,5.0,0.25,2.0,False,False,False,disabled
2026-06-06_run02_cross_pm30_off_r01,37900,37906,6,0.0,-30.0,-263.27731514697575,,,,-7.0,5.0,5.0,0.0,0.0,0.0,0.0,0.0,0.0,0.0,0.0,0.0,0.0,-30.0,-263.27731514697575,-7.0,5.0,5.0,0.25,2.0,False,False,False,disabled
2026-06-06_run02_cross_pm30_off_r01,38000,38000,0,0.0,-30.0,-263.27731514697575,,,,-7.0,5.0,5.0,0.0,0.0,0.0,0.0,0.0,0.0,0.0,0.0,0.0,0.0,-30.0,-263.27731514697575,-7.0,5.0,5.0,0.25,2.0,False,False,True,disabled
2026-06-06_run02_cross_pm30_off_r01,38100,38109,9,0.0,-30.0,-263.27731514697575,,,,-7.0,5.0,5.0,0.0,0.0,0.0,0.0,0.0,0.0,0.0,0.0,0.0,0.0,-30.0,-263.27731514697575,-7.0,5.0,5.0,0.25,2.0,False,False,False,disabled
2026-06-06_run02_cross_pm30_off_r01,38200,38203,3,0.0,-30.0,-263.27731514697575,,,,-7.0,5.0,5.0,0.0,0.0,0.0,0.0,0.0,0.0,0.0,0.0,0.0,0.0,-30.0,-263.27731514697575,-7.0,5.0,5.0,0.25,2.0,False,False,False,disabled
2026-06-06_run02_cross_pm30_off_r01,38300,38312,12,0.0,-30.0,-263.27731514697575,,,,-7.0,5.0,5.0,0.0,0.0,0.0,0.0,0.0,0.0,0.0,0.0,0.0,0.0,-30.0,-263.27731514697575,-7.0,5.0,5.0,0.25,2.0,False,False,False,disabled
2026-06-06_run02_cross_pm30_off_r01,38400,38406,6,0.0,-30.0,-263.27731514697575,,,,-7.0,5.0,5.0,0.0,0.0,0.0,0.0,0.0,0.0,0.0,0.0,0.0,0.0,-30.0,-263.27731514697575,-7.0,5.0,5.0,0.25,2.0,False,False,False,disabled
2026-06-06_run02_cross_pm30_off_r01,38500,38500,0,0.0,-30.0,-263.27731514697575,,,,-7.0,5.0,5.0,0.0,0.0,0.0,0.0,0.0,0.0,0.0,0.0,0.0,0.0,-30.0,-263.27731514697575,-7.0,5.0,5.0,0.25,2.0,False,False,True,disabled
2026-06-06_run02_cross_pm30_off_r01,38600,38609,9,0.0,-30.0,-263.27731514697575,,,,-7.0,5.0,5.0,0.0,0.0,0.0,0.0,0.0,0.0,0.0,0.0,0.0,0.0,-30.0,-263.27731514697575,-7.0,5.0,5.0,0.25,2.0,False,False,False,disabled
2026-06-06_run02_cross_pm30_off_r01,38700,38703,3,0.0,-30.0,-263.27731514697575,,,,-7.0,5.0,5.0,0.0,0.0,0.0,0.0,0.0,0.0,0.0,0.0,0.0,0.0,-30.0,-263.27731514697575,-7.0,5.0,5.0,0.25,2.0,False,False,False,disabled
2026-06-06_run02_cross_pm30_off_r01,38800,38812,12,0.0,-30.0,-263.27731514697575,,,,-7.0,5.0,5.0,0.0,0.0,0.0,0.0,0.0,0.0,0.0,0.0,0.0,0.0,-30.0,-263.27731514697575,-7.0,5.0,5.0,0.25,2.0,False,False,False,disabled
2026-06-06_run02_cross_pm30_off_r01,38900,38906,6,0.0,-30.0,-263.27731514697575,,,,-7.0,5.0,5.0,0.0,0.0,0.0,0.0,0.0,0.0,0.0,0.0,0.0,0.0,-30.0,-263.27731514697575,-7.0,5.0,5.0,0.25,2.0,False,False,False,disabled
2026-06-06_run02_cross_pm30_off_r01,39000,39000,0,0.0,-30.0,-263.27731514697575,,,,-7.0,5.0,5.0,0.0,0.0,0.0,0.0,0.0,0.0,0.0,0.0,0.0,0.0,-30.0,-263.27731514697575,-7.0,5.0,5.0,0.25,2.0,False,False,True,disabled
2026-06-06_run02_cross_pm30_off_r01,39100,39109,9,0.0,-30.0,-263.27731514697575,,,,-7.0,5.0,5.0,0.0,0.0,0.0,0.0,0.0,0.0,0.0,0.0,0.0,0.0,-30.0,-263.27731514697575,-7.0,5.0,5.0,0.25,2.0,False,False,False,disabled
2026-06-06_run02_cross_pm30_off_r01,39200,39203,3,0.0,-30.0,-263.27731514697575,,,,-7.0,5.0,5.0,0.0,0.0,0.0,0.0,0.0,0.0,0.0,0.0,0.0,0.0,-30.0,-263.27731514697575,-7.0,5.0,5.0,0.25,2.0,False,False,False,disabled
2026-06-06_run02_cross_pm30_off_r01,39300,39312,12,0.0,-30.0,-263.27731514697575,,,,-7.0,5.0,5.0,0.0,0.0,0.0,0.0,0.0,0.0,0.0,0.0,0.0,0.0,-30.0,-263.27731514697575,-7.0,5.0,5.0,0.25,2.0,False,False,False,disabled
2026-06-06_run02_cross_pm30_off_r01,39400,39406,6,0.0,-30.0,-263.27731514697575,,,,-7.0,5.0,5.0,0.0,0.0,0.0,0.0,0.0,0.0,0.0,0.0,0.0,0.0,-30.0,-263.27731514697575,-7.0,5.0,5.0,0.25,2.0,False,False,False,disabled
2026-06-06_run02_cross_pm30_off_r01,39500,39500,0,0.0,-30.0,-263.27731514697575,,,,-7.0,5.0,5.0,0.0,0.0,0.0,0.0,0.0,0.0,0.0,0.0,0.0,0.0,-30.0,-263.27731514697575,-7.0,5.0,5.0,0.25,2.0,False,False,True,disabled
2026-06-06_run02_cross_pm30_off_r01,39600,39609,9,0.0,-30.0,-263.27731514697575,,,,-7.0,5.0,5.0,0.0,0.0,0.0,0.0,0.0,0.0,0.0,0.0,0.0,0.0,-30.0,-263.27731514697575,-7.0,5.0,5.0,0.25,2.0,False,False,False,disabled
2026-06-06_run02_cross_pm30_off_r01,39700,39703,3,0.0,-30.0,-263.27731514697575,,,,-7.0,5.0,5.0,0.0,0.0,0.0,0.0,0.0,0.0,0.0,0.0,0.0,0.0,-30.0,-263.27731514697575,-7.0,5.0,5.0,0.25,2.0,False,False,False,disabled
2026-06-06_run02_cross_pm30_off_r01,39800,39812,12,0.0,-30.0,-263.27731514697575,,,,-7.0,5.0,5.0,0.0,0.0,0.0,0.0,0.0,0.0,0.0,0.0,0.0,0.0,-30.0,-263.27731514697575,-7.0,5.0,5.0,0.25,2.0,False,False,False,disabled
2026-06-06_run02_cross_pm30_off_r01,39900,39906,6,0.0,-30.0,-263.27731514697575,,,,-7.0,5.0,5.0,0.0,0.0,0.0,0.0,0.0,0.0,0.0,0.0,0.0,0.0,-30.0,-263.27731514697575,-7.0,5.0,5.0,0.25,2.0,False,False,False,disabled
2026-06-06_run02_cross_pm30_off_r01,40000,40000,0,0.0,0.0,-263.27731514697575,,,,0.0,0.0,0.0,0.0,0.0,0.0,0.0,0.0,0.0,0.0,0.0,0.0,0.0,0.0,-263.27731514697575,0.0,0.0,0.0,0.25,2.0,False,False,True,disabled
2026-06-06_run02_cross_pm30_off_r01,40100,40109,9,0.0,0.0,-263.27731514697575,,,,0.0,0.0,0.0,0.0,0.0,0.0,0.0,0.0,0.0,0.0,0.0,0.0,0.0,0.0,-263.27731514697575,0.0,0.0,0.0,0.25,2.0,False,False,False,disabled
2026-06-06_run02_cross_pm30_off_r01,40200,40203,3,0.0,0.0,-263.27731514697575,,,,0.0,0.0,0.0,0.0,0.0,0.0,0.0,0.0,0.0,0.0,0.0,0.0,0.0,0.0,-263.27731514697575,0.0,0.0,0.0,0.25,2.0,False,False,False,disabled
2026-06-06_run02_cross_pm30_off_r01,40300,40312,12,0.0,0.0,-263.27731514697575,,,,0.0,0.0,0.0,0.0,0.0,0.0,0.0,0.0,0.0,0.0,0.0,0.0,0.0,0.0,-263.27731514697575,0.0,0.0,0.0,0.25,2.0,False,False,False,disabled
2026-06-06_run02_cross_pm30_off_r01,40400,40406,6,0.0,0.0,-263.27731514697575,,,,0.0,0.0,0.0,0.0,0.0,0.0,0.0,0.0,0.0,0.0,0.0,0.0,0.0,0.0,-263.27731514697575,0.0,0.0,0.0,0.25,2.0,False,False,False,disabled
2026-06-06_run02_cross_pm30_off_r01,40500,40500,0,0.0,0.0,-263.27731514697575,,,,0.0,0.0,0.0,0.0,0.0,0.0,0.0,0.0,0.0,0.0,0.0,0.0,0.0,0.0,-263.27731514697575,0.0,0.0,0.0,0.25,2.0,False,False,True,disabled
2026-06-06_run02_cross_pm30_off_r01,40600,40609,9,0.0,0.0,-263.27731514697575,,,,0.0,0.0,0.0,0.0,0.0,0.0,0.0,0.0,0.0,0.0,0.0,0.0,0.0,0.0,-263.27731514697575,0.0,0.0,0.0,0.25,2.0,False,False,False,disabled
2026-06-06_run02_cross_pm30_off_r01,40700,40703,3,0.0,0.0,-263.27731514697575,,,,0.0,0.0,0.0,0.0,0.0,0.0,0.0,0.0,0.0,0.0,0.0,0.0,0.0,0.0,-263.27731514697575,0.0,0.0,0.0,0.25,2.0,False,False,False,disabled
2026-06-06_run02_cross_pm30_off_r01,40800,40812,12,0.0,0.0,-263.27731514697575,,,,0.0,0.0,0.0,0.0,0.0,0.0,0.0,0.0,0.0,0.0,0.0,0.0,0.0,0.0,-263.27731514697575,0.0,0.0,0.0,0.25,2.0,False,False,False,disabled
2026-06-06_run02_cross_pm30_off_r01,40900,40906,6,0.0,0.0,-263.27731514697575,,,,0.0,0.0,0.0,0.0,0.0,0.0,0.0,0.0,0.0,0.0,0.0,0.0,0.0,0.0,-263.27731514697575,0.0,0.0,0.0,0.25,2.0,False,False,False,disabled
2026-06-06_run02_cross_pm30_off_r01,41000,41000,0,0.0,0.0,-263.27731514697575,,,,0.0,0.0,0.0,0.0,0.0,0.0,0.0,0.0,0.0,0.0,0.0,0.0,0.0,0.0,-263.27731514697575,0.0,0.0,0.0,0.25,2.0,False,False,True,disabled
2026-06-06_run02_cross_pm30_off_r01,41100,41109,9,0.0,0.0,-263.27731514697575,,,,0.0,0.0,0.0,0.0,0.0,0.0,0.0,0.0,0.0,0.0,0.0,0.0,0.0,0.0,-263.27731514697575,0.0,0.0,0.0,0.25,2.0,False,False,False,disabled
2026-06-06_run02_cross_pm30_off_r01,41200,41203,3,0.0,0.0,-263.27731514697575,,,,0.0,0.0,0.0,0.0,0.0,0.0,0.0,0.0,0.0,0.0,0.0,0.0,0.0,0.0,-263.27731514697575,0.0,0.0,0.0,0.25,2.0,False,False,False,disabled
2026-06-06_run02_cross_pm30_off_r01,41300,41312,12,0.0,0.0,-263.27731514697575,,,,0.0,0.0,0.0,0.0,0.0,0.0,0.0,0.0,0.0,0.0,0.0,0.0,0.0,0.0,-263.27731514697575,0.0,0.0,0.0,0.25,2.0,False,False,False,disabled
2026-06-06_run02_cross_pm30_off_r01,41400,41406,6,0.0,0.0,-263.27731514697575,,,,0.0,0.0,0.0,0.0,0.0,0.0,0.0,0.0,0.0,0.0,0.0,0.0,0.0,0.0,-263.27731514697575,0.0,0.0,0.0,0.25,2.0,False,False,False,disabled
2026-06-06_run02_cross_pm30_off_r01,41500,41500,0,0.0,0.0,-263.27731514697575,,,,0.0,0.0,0.0,0.0,0.0,0.0,0.0,0.0,0.0,0.0,0.0,0.0,0.0,0.0,-263.27731514697575,0.0,0.0,0.0,0.25,2.0,False,False,True,disabled
2026-06-06_run02_cross_pm30_off_r01,41600,41609,9,0.0,0.0,-263.27731514697575,,,,0.0,0.0,0.0,0.0,0.0,0.0,0.0,0.0,0.0,0.0,0.0,0.0,0.0,0.0,-263.27731514697575,0.0,0.0,0.0,0.25,2.0,False,False,False,disabled
2026-06-06_run02_cross_pm30_off_r01,41700,41703,3,0.0,0.0,-263.27731514697575,,,,0.0,0.0,0.0,0.0,0.0,0.0,0.0,0.0,0.0,0.0,0.0,0.0,0.0,0.0,-263.27731514697575,0.0,0.0,0.0,0.25,2.0,False,False,False,disabled
2026-06-06_run02_cross_pm30_off_r01,41800,41812,12,0.0,0.0,-263.27731514697575,,,,0.0,0.0,0.0,0.0,0.0,0.0,0.0,0.0,0.0,0.0,0.0,0.0,0.0,0.0,-263.27731514697575,0.0,0.0,0.0,0.25,2.0,False,False,False,disabled
2026-06-06_run02_cross_pm30_off_r01,41900,41906,6,0.0,0.0,-263.27731514697575,,,,0.0,0.0,0.0,0.0,0.0,0.0,0.0,0.0,0.0,0.0,0.0,0.0,0.0,0.0,-263.27731514697575,0.0,0.0,0.0,0.25,2.0,False,False,False,disabled
2026-06-06_run02_cross_pm30_off_r01,42000,42000,0,0.0,0.0,-263.27731514697575,,,,0.0,0.0,0.0,0.0,0.0,0.0,0.0,0.0,0.0,0.0,0.0,0.0,0.0,0.0,-263.27731514697575,0.0,0.0,0.0,0.25,2.0,False,False,True,disabled
2026-06-06_run02_cross_pm30_off_r01,42100,42109,9,0.0,0.0,-263.27731514697575,,,,0.0,0.0,0.0,0.0,0.0,0.0,0.0,0.0,0.0,0.0,0.0,0.0,0.0,0.0,-263.27731514697575,0.0,0.0,0.0,0.25,2.0,False,False,False,disabled
2026-06-06_run02_cross_pm30_off_r01,42200,42203,3,0.0,0.0,-263.27731514697575,,,,0.0,0.0,0.0,0.0,0.0,0.0,0.0,0.0,0.0,0.0,0.0,0.0,0.0,0.0,-263.27731514697575,0.0,0.0,0.0,0.25,2.0,False,False,False,disabled
2026-06-06_run02_cross_pm30_off_r01,42300,42312,12,0.0,0.0,-263.27731514697575,,,,0.0,0.0,0.0,0.0,0.0,0.0,0.0,0.0,0.0,0.0,0.0,0.0,0.0,0.0,-263.27731514697575,0.0,0.0,0.0,0.25,2.0,False,False,False,disabled
2026-06-06_run02_cross_pm30_off_r01,42400,42406,6,0.0,0.0,-263.27731514697575,,,,0.0,0.0,0.0,0.0,0.0,0.0,0.0,0.0,0.0,0.0,0.0,0.0,0.0,0.0,-263.27731514697575,0.0,0.0,0.0,0.25,2.0,False,False,False,disabled
2026-06-06_run02_cross_pm30_off_r01,42500,42500,0,0.0,0.0,-263.27731514697575,,,,0.0,0.0,0.0,0.0,0.0,0.0,0.0,0.0,0.0,0.0,0.0,0.0,0.0,0.0,-263.27731514697575,0.0,0.0,0.0,0.25,2.0,False,False,True,disabled
2026-06-06_run02_cross_pm30_off_r01,42600,42609,9,0.0,0.0,-263.27731514697575,,,,0.0,0.0,0.0,0.0,0.0,0.0,0.0,0.0,0.0,0.0,0.0,0.0,0.0,0.0,-263.27731514697575,0.0,0.0,0.0,0.25,2.0,False,False,False,disabled
2026-06-06_run02_cross_pm30_off_r01,42700,42703,3,0.0,0.0,-263.27731514697575,,,,0.0,0.0,0.0,0.0,0.0,0.0,0.0,0.0,0.0,0.0,0.0,0.0,0.0,0.0,-263.27731514697575,0.0,0.0,0.0,0.25,2.0,False,False,False,disabled
2026-06-06_run02_cross_pm30_off_r01,42800,42812,12,0.0,0.0,-263.27731514697575,,,,0.0,0.0,0.0,0.0,0.0,0.0,0.0,0.0,0.0,0.0,0.0,0.0,0.0,0.0,-263.27731514697575,0.0,0.0,0.0,0.25,2.0,False,False,False,disabled
2026-06-06_run02_cross_pm30_off_r01,42900,42906,6,0.0,0.0,-263.27731514697575,,,,0.0,0.0,0.0,0.0,0.0,0.0,0.0,0.0,0.0,0.0,0.0,0.0,0.0,0.0,-263.27731514697575,0.0,0.0,0.0,0.25,2.0,False,False,False,disabled
2026-06-06_run02_cross_pm30_off_r01,43000,43000,0,0.0,0.0,-263.27731514697575,,,,0.0,0.0,0.0,0.0,0.0,0.0,0.0,0.0,0.0,0.0,0.0,0.0,0.0,0.0,-263.27731514697575,0.0,0.0,0.0,0.25,2.0,False,False,True,disabled
2026-06-06_run02_cross_pm30_off_r01,43100,43109,9,0.0,0.0,-263.27731514697575,,,,0.0,0.0,0.0,0.0,0.0,0.0,0.0,0.0,0.0,0.0,0.0,0.0,0.0,0.0,-263.27731514697575,0.0,0.0,0.0,0.25,2.0,False,False,False,disabled
2026-06-06_run02_cross_pm30_off_r01,43200,43203,3,0.0,0.0,-263.27731514697575,,,,0.0,0.0,0.0,0.0,0.0,0.0,0.0,0.0,0.0,0.0,0.0,0.0,0.0,0.0,-263.27731514697575,0.0,0.0,0.0,0.25,2.0,False,False,False,disabled
2026-06-06_run02_cross_pm30_off_r01,43300,43312,12,0.0,0.0,-263.27731514697575,,,,0.0,0.0,0.0,0.0,0.0,0.0,0.0,0.0,0.0,0.0,0.0,0.0,0.0,0.0,-263.27731514697575,0.0,0.0,0.0,0.25,2.0,False,False,False,disabled
2026-06-06_run02_cross_pm30_off_r01,43400,43406,6,0.0,0.0,-263.27731514697575,,,,0.0,0.0,0.0,0.0,0.0,0.0,0.0,0.0,0.0,0.0,0.0,0.0,0.0,0.0,-263.27731514697575,0.0,0.0,0.0,0.25,2.0,False,False,False,disabled
2026-06-06_run02_cross_pm30_off_r01,43500,43500,0,0.0,0.0,-263.27731514697575,,,,0.0,0.0,0.0,0.0,0.0,0.0,0.0,0.0,0.0,0.0,0.0,0.0,0.0,0.0,-263.27731514697575,0.0,0.0,0.0,0.25,2.0,False,False,True,disabled
2026-06-06_run02_cross_pm30_off_r01,43600,43609,9,0.0,0.0,-263.27731514697575,,,,0.0,0.0,0.0,0.0,0.0,0.0,0.0,0.0,0.0,0.0,0.0,0.0,0.0,0.0,-263.27731514697575,0.0,0.0,0.0,0.25,2.0,False,False,False,disabled
2026-06-06_run02_cross_pm30_off_r01,43700,43703,3,0.0,0.0,-263.27731514697575,,,,0.0,0.0,0.0,0.0,0.0,0.0,0.0,0.0,0.0,0.0,0.0,0.0,0.0,0.0,-263.27731514697575,0.0,0.0,0.0,0.25,2.0,False,False,False,disabled
2026-06-06_run02_cross_pm30_off_r01,43800,43812,12,0.0,0.0,-263.27731514697575,,,,0.0,0.0,0.0,0.0,0.0,0.0,0.0,0.0,0.0,0.0,0.0,0.0,0.0,0.0,-263.27731514697575,0.0,0.0,0.0,0.25,2.0,False,False,False,disabled
2026-06-06_run02_cross_pm30_off_r01,43900,43906,6,0.0,0.0,-263.27731514697575,,,,0.0,0.0,0.0,0.0,0.0,0.0,0.0,0.0,0.0,0.0,0.0,0.0,0.0,0.0,-263.27731514697575,0.0,0.0,0.0,0.25,2.0,False,False,False,disabled
2026-06-06_run02_cross_pm30_off_r01,44000,44000,0,0.0,0.0,-263.27731514697575,,,,0.0,0.0,0.0,0.0,0.0,0.0,0.0,0.0,0.0,0.0,0.0,0.0,0.0,0.0,-263.27731514697575,0.0,0.0,0.0,0.25,2.0,False,False,True,disabled
2026-06-06_run02_cross_pm30_off_r01,44100,44109,9,0.0,0.0,-263.27731514697575,,,,0.0,0.0,0.0,0.0,0.0,0.0,0.0,0.0,0.0,0.0,0.0,0.0,0.0,0.0,-263.27731514697575,0.0,0.0,0.0,0.25,2.0,False,False,False,disabled
2026-06-06_run02_cross_pm30_off_r01,44200,44203,3,0.0,0.0,-263.27731514697575,,,,0.0,0.0,0.0,0.0,0.0,0.0,0.0,0.0,0.0,0.0,0.0,0.0,0.0,0.0,-263.27731514697575,0.0,0.0,0.0,0.25,2.0,False,False,False,disabled
2026-06-06_run02_cross_pm30_off_r01,44300,44312,12,0.0,0.0,-263.27731514697575,,,,0.0,0.0,0.0,0.0,0.0,0.0,0.0,0.0,0.0,0.0,0.0,0.0,0.0,0.0,-263.27731514697575,0.0,0.0,0.0,0.25,2.0,False,False,False,disabled
2026-06-06_run02_cross_pm30_off_r01,44400,44406,6,0.0,0.0,-263.27731514697575,,,,0.0,0.0,0.0,0.0,0.0,0.0,0.0,0.0,0.0,0.0,0.0,0.0,0.0,0.0,-263.27731514697575,0.0,0.0,0.0,0.25,2.0,False,False,False,disabled
2026-06-06_run02_cross_pm30_off_r01,44500,44500,0,0.0,0.0,-263.27731514697575,,,,0.0,0.0,0.0,0.0,0.0,0.0,0.0,0.0,0.0,0.0,0.0,0.0,0.0,0.0,-263.27731514697575,0.0,0.0,0.0,0.25,2.0,False,False,True,disabled
2026-06-06_run02_cross_pm30_off_r01,44600,44609,9,0.0,0.0,-263.27731514697575,,,,0.0,0.0,0.0,0.0,0.0,0.0,0.0,0.0,0.0,0.0,0.0,0.0,0.0,0.0,-263.27731514697575,0.0,0.0,0.0,0.25,2.0,False,False,False,disabled
2026-06-06_run02_cross_pm30_off_r01,44700,44703,3,0.0,0.0,-263.27731514697575,,,,0.0,0.0,0.0,0.0,0.0,0.0,0.0,0.0,0.0,0.0,0.0,0.0,0.0,0.0,-263.27731514697575,0.0,0.0,0.0,0.25,2.0,False,False,False,disabled
2026-06-06_run02_cross_pm30_off_r01,44800,44812,12,0.0,0.0,-263.27731514697575,,,,0.0,0.0,0.0,0.0,0.0,0.0,0.0,0.0,0.0,0.0,0.0,0.0,0.0,0.0,-263.27731514697575,0.0,0.0,0.0,0.25,2.0,False,False,False,disabled
2026-06-06_run02_cross_pm30_off_r01,44900,44906,6,0.0,0.0,-263.27731514697575,,,,0.0,0.0,0.0,0.0,0.0,0.0,0.0,0.0,0.0,0.0,0.0,0.0,0.0,0.0,-263.27731514697575,0.0,0.0,0.0,0.25,2.0,False,False,False,disabled
