run_id,time,target_x,target_y,target_z,theta1_cmd,theta2_cmd,theta3_cmd,theta1_meas,theta2_meas,theta3_meas,valid,phase,command,time_source,theta_meas_source
2026-06-06_run02_circle_r40_off_r03,0,0.0,0.0,-263.27731514697575,0.0,0.0,0.0,0.0,0.0,0.0,True,home_1,ALL 0 0 0,pc_scheduled_elapsed_ms,command_echo_no_encoder
2026-06-06_run02_circle_r40_off_r03,100,0.0,0.0,-263.27731514697575,0.0,0.0,0.0,0.0,0.0,0.0,True,home_1,ALL 0 0 0,pc_scheduled_elapsed_ms,command_echo_no_encoder
2026-06-06_run02_circle_r40_off_r03,200,0.0,0.0,-263.27731514697575,0.0,0.0,0.0,0.0,0.0,0.0,True,home_1,ALL 0 0 0,pc_scheduled_elapsed_ms,command_echo_no_encoder
2026-06-06_run02_circle_r40_off_r03,300,0.0,0.0,-263.27731514697575,0.0,0.0,0.0,0.0,0.0,0.0,True,home_1,ALL 0 0 0,pc_scheduled_elapsed_ms,command_echo_no_encoder
2026-06-06_run02_circle_r40_off_r03,400,0.0,0.0,-263.27731514697575,0.0,0.0,0.0,0.0,0.0,0.0,True,home_1,ALL 0 0 0,pc_scheduled_elapsed_ms,command_echo_no_encoder
2026-06-06_run02_circle_r40_off_r03,500,0.0,0.0,-263.27731514697575,0.0,0.0,0.0,0.0,0.0,0.0,True,home_1,ALL 0 0 0,pc_scheduled_elapsed_ms,command_echo_no_encoder
2026-06-06_run02_circle_r40_off_r03,600,0.0,0.0,-263.27731514697575,0.0,0.0,0.0,0.0,0.0,0.0,True,home_1,ALL 0 0 0,pc_scheduled_elapsed_ms,command_echo_no_encoder
2026-06-06_run02_circle_r40_off_r03,700,0.0,0.0,-263.27731514697575,0.0,0.0,0.0,0.0,0.0,0.0,True,home_1,ALL 0 0 0,pc_scheduled_elapsed_ms,command_echo_no_encoder
2026-06-06_run02_circle_r40_off_r03,800,0.0,0.0,-263.27731514697575,0.0,0.0,0.0,0.0,0.0,0.0,True,home_1,ALL 0 0 0,pc_scheduled_elapsed_ms,command_echo_no_encoder
2026-06-06_run02_circle_r40_off_r03,900,0.0,0.0,-263.27731514697575,0.0,0.0,0.0,0.0,0.0,0.0,True,home_1,ALL 0 0 0,pc_scheduled_elapsed_ms,command_echo_no_encoder
2026-06-06_run02_circle_r40_off_r03,1000,0.0,0.0,-263.27731514697575,0.0,0.0,0.0,0.0,0.0,0.0,True,home_1,ALL 0 0 0,pc_scheduled_elapsed_ms,command_echo_no_encoder
2026-06-06_run02_circle_r40_off_r03,1100,0.0,0.0,-263.27731514697575,0.0,0.0,0.0,0.0,0.0,0.0,True,home_1,ALL 0 0 0,pc_scheduled_elapsed_ms,command_echo_no_encoder
2026-06-06_run02_circle_r40_off_r03,1200,0.0,0.0,-263.27731514697575,0.0,0.0,0.0,0.0,0.0,0.0,True,home_1,ALL 0 0 0,pc_scheduled_elapsed_ms,command_echo_no_encoder
2026-06-06_run02_circle_r40_off_r03,1300,0.0,0.0,-263.27731514697575,0.0,0.0,0.0,0.0,0.0,0.0,True,home_1,ALL 0 0 0,pc_scheduled_elapsed_ms,command_echo_no_encoder
2026-06-06_run02_circle_r40_off_r03,1400,0.0,0.0,-263.27731514697575,0.0,0.0,0.0,0.0,0.0,0.0,True,home_1,ALL 0 0 0,pc_scheduled_elapsed_ms,command_echo_no_encoder
2026-06-06_run02_circle_r40_off_r03,1500,0.0,0.0,-263.27731514697575,0.0,0.0,0.0,0.0,0.0,0.0,True,home_1,ALL 0 0 0,pc_scheduled_elapsed_ms,command_echo_no_encoder
2026-06-06_run02_circle_r40_off_r03,1600,0.0,0.0,-263.27731514697575,0.0,0.0,0.0,0.0,0.0,0.0,True,home_1,ALL 0 0 0,pc_scheduled_elapsed_ms,command_echo_no_encoder
2026-06-06_run02_circle_r40_off_r03,1700,0.0,0.0,-263.27731514697575,0.0,0.0,0.0,0.0,0.0,0.0,True,home_1,ALL 0 0 0,pc_scheduled_elapsed_ms,command_echo_no_encoder
2026-06-06_run02_circle_r40_off_r03,1800,0.0,0.0,-263.27731514697575,0.0,0.0,0.0,0.0,0.0,0.0,True,home_1,ALL 0 0 0,pc_scheduled_elapsed_ms,command_echo_no_encoder
2026-06-06_run02_circle_r40_off_r03,1900,0.0,0.0,-263.27731514697575,0.0,0.0,0.0,0.0,0.0,0.0,True,home_1,ALL 0 0 0,pc_scheduled_elapsed_ms,command_echo_no_encoder
2026-06-06_run02_circle_r40_off_r03,2000,0.0,0.0,-263.27731514697575,0.0,0.0,0.0,0.0,0.0,0.0,True,home_1,ALL 0 0 0,pc_scheduled_elapsed_ms,command_echo_no_encoder
2026-06-06_run02_circle_r40_off_r03,2100,0.0,0.0,-263.27731514697575,0.0,0.0,0.0,0.0,0.0,0.0,True,home_1,ALL 0 0 0,pc_scheduled_elapsed_ms,command_echo_no_encoder
2026-06-06_run02_circle_r40_off_r03,2200,0.0,0.0,-263.27731514697575,0.0,0.0,0.0,0.0,0.0,0.0,True,home_1,ALL 0 0 0,pc_scheduled_elapsed_ms,command_echo_no_encoder
2026-06-06_run02_circle_r40_off_r03,2300,0.0,0.0,-263.27731514697575,0.0,0.0,0.0,0.0,0.0,0.0,True,home_1,ALL 0 0 0,pc_scheduled_elapsed_ms,command_echo_no_encoder
2026-06-06_run02_circle_r40_off_r03,2400,0.0,0.0,-263.27731514697575,0.0,0.0,0.0,0.0,0.0,0.0,True,home_1,ALL 0 0 0,pc_scheduled_elapsed_ms,command_echo_no_encoder
2026-06-06_run02_circle_r40_off_r03,2500,0.0,0.0,-263.27731514697575,0.0,0.0,0.0,0.0,0.0,0.0,True,home_1,ALL 0 0 0,pc_scheduled_elapsed_ms,command_echo_no_encoder
2026-06-06_run02_circle_r40_off_r03,2600,0.0,0.0,-263.27731514697575,0.0,0.0,0.0,0.0,0.0,0.0,True,home_1,ALL 0 0 0,pc_scheduled_elapsed_ms,command_echo_no_encoder
2026-06-06_run02_circle_r40_off_r03,2700,0.0,0.0,-263.27731514697575,0.0,0.0,0.0,0.0,0.0,0.0,True,home_1,ALL 0 0 0,pc_scheduled_elapsed_ms,command_echo_no_encoder
2026-06-06_run02_circle_r40_off_r03,2800,0.0,0.0,-263.27731514697575,0.0,0.0,0.0,0.0,0.0,0.0,True,home_1,ALL 0 0 0,pc_scheduled_elapsed_ms,command_echo_no_encoder
2026-06-06_run02_circle_r40_off_r03,2900,0.0,0.0,-263.27731514697575,0.0,0.0,0.0,0.0,0.0,0.0,True,home_1,ALL 0 0 0,pc_scheduled_elapsed_ms,command_echo_no_encoder
2026-06-06_run02_circle_r40_off_r03,3000,0.0,0.0,-263.27731514697575,0.0,0.0,0.0,0.0,0.0,0.0,True,home_1,ALL 0 0 0,pc_scheduled_elapsed_ms,command_echo_no_encoder
2026-06-06_run02_circle_r40_off_r03,3100,0.0,0.0,-263.27731514697575,0.0,0.0,0.0,0.0,0.0,0.0,True,home_1,ALL 0 0 0,pc_scheduled_elapsed_ms,command_echo_no_encoder
2026-06-06_run02_circle_r40_off_r03,3200,0.0,0.0,-263.27731514697575,0.0,0.0,0.0,0.0,0.0,0.0,True,home_1,ALL 0 0 0,pc_scheduled_elapsed_ms,command_echo_no_encoder
2026-06-06_run02_circle_r40_off_r03,3300,0.0,0.0,-263.27731514697575,0.0,0.0,0.0,0.0,0.0,0.0,True,home_1,ALL 0 0 0,pc_scheduled_elapsed_ms,command_echo_no_encoder
2026-06-06_run02_circle_r40_off_r03,3400,0.0,0.0,-263.27731514697575,0.0,0.0,0.0,0.0,0.0,0.0,True,home_1,ALL 0 0 0,pc_scheduled_elapsed_ms,command_echo_no_encoder
2026-06-06_run02_circle_r40_off_r03,3500,0.0,0.0,-263.27731514697575,0.0,0.0,0.0,0.0,0.0,0.0,True,home_1,ALL 0 0 0,pc_scheduled_elapsed_ms,command_echo_no_encoder
2026-06-06_run02_circle_r40_off_r03,3600,0.0,0.0,-263.27731514697575,0.0,0.0,0.0,0.0,0.0,0.0,True,home_1,ALL 0 0 0,pc_scheduled_elapsed_ms,command_echo_no_encoder
2026-06-06_run02_circle_r40_off_r03,3700,0.0,0.0,-263.27731514697575,0.0,0.0,0.0,0.0,0.0,0.0,True,home_1,ALL 0 0 0,pc_scheduled_elapsed_ms,command_echo_no_encoder
2026-06-06_run02_circle_r40_off_r03,3800,0.0,0.0,-263.27731514697575,0.0,0.0,0.0,0.0,0.0,0.0,True,home_1,ALL 0 0 0,pc_scheduled_elapsed_ms,command_echo_no_encoder
2026-06-06_run02_circle_r40_off_r03,3900,0.0,0.0,-263.27731514697575,0.0,0.0,0.0,0.0,0.0,0.0,True,home_1,ALL 0 0 0,pc_scheduled_elapsed_ms,command_echo_no_encoder
2026-06-06_run02_circle_r40_off_r03,4000,0.0,0.0,-263.27731514697575,0.0,0.0,0.0,0.0,0.0,0.0,True,home_1,ALL 0 0 0,pc_scheduled_elapsed_ms,command_echo_no_encoder
2026-06-06_run02_circle_r40_off_r03,4100,0.0,0.0,-263.27731514697575,0.0,0.0,0.0,0.0,0.0,0.0,True,home_1,ALL 0 0 0,pc_scheduled_elapsed_ms,command_echo_no_encoder
2026-06-06_run02_circle_r40_off_r03,4200,0.0,0.0,-263.27731514697575,0.0,0.0,0.0,0.0,0.0,0.0,True,home_1,ALL 0 0 0,pc_scheduled_elapsed_ms,command_echo_no_encoder
2026-06-06_run02_circle_r40_off_r03,4300,0.0,0.0,-263.27731514697575,0.0,0.0,0.0,0.0,0.0,0.0,True,home_1,ALL 0 0 0,pc_scheduled_elapsed_ms,command_echo_no_encoder
2026-06-06_run02_circle_r40_off_r03,4400,0.0,0.0,-263.27731514697575,0.0,0.0,0.0,0.0,0.0,0.0,True,home_1,ALL 0 0 0,pc_scheduled_elapsed_ms,command_echo_no_encoder
2026-06-06_run02_circle_r40_off_r03,4500,0.0,0.0,-263.27731514697575,0.0,0.0,0.0,0.0,0.0,0.0,True,home_1,ALL 0 0 0,pc_scheduled_elapsed_ms,command_echo_no_encoder
2026-06-06_run02_circle_r40_off_r03,4600,0.0,0.0,-263.27731514697575,0.0,0.0,0.0,0.0,0.0,0.0,True,home_1,ALL 0 0 0,pc_scheduled_elapsed_ms,command_echo_no_encoder
2026-06-06_run02_circle_r40_off_r03,4700,0.0,0.0,-263.27731514697575,0.0,0.0,0.0,0.0,0.0,0.0,True,home_1,ALL 0 0 0,pc_scheduled_elapsed_ms,command_echo_no_encoder
2026-06-06_run02_circle_r40_off_r03,4800,0.0,0.0,-263.27731514697575,0.0,0.0,0.0,0.0,0.0,0.0,True,home_1,ALL 0 0 0,pc_scheduled_elapsed_ms,command_echo_no_encoder
2026-06-06_run02_circle_r40_off_r03,4900,0.0,0.0,-263.27731514697575,0.0,0.0,0.0,0.0,0.0,0.0,True,home_1,ALL 0 0 0,pc_scheduled_elapsed_ms,command_echo_no_encoder
2026-06-06_run02_circle_r40_off_r03,5000,40.0,0.0,-263.27731514697575,1.0,-7.0,10.0,1.0,-7.0,10.0,True,circle_start_hold,ALL 1 -7 10,pc_scheduled_elapsed_ms,command_echo_no_encoder
2026-06-06_run02_circle_r40_off_r03,5100,40.0,0.0,-263.27731514697575,1.0,-7.0,10.0,1.0,-7.0,10.0,True,circle_start_hold,ALL 1 -7 10,pc_scheduled_elapsed_ms,command_echo_no_encoder
2026-06-06_run02_circle_r40_off_r03,5200,40.0,0.0,-263.27731514697575,1.0,-7.0,10.0,1.0,-7.0,10.0,True,circle_start_hold,ALL 1 -7 10,pc_scheduled_elapsed_ms,command_echo_no_encoder
2026-06-06_run02_circle_r40_off_r03,5300,40.0,0.0,-263.27731514697575,1.0,-7.0,10.0,1.0,-7.0,10.0,True,circle_start_hold,ALL 1 -7 10,pc_scheduled_elapsed_ms,command_echo_no_encoder
2026-06-06_run02_circle_r40_off_r03,5400,40.0,0.0,-263.27731514697575,1.0,-7.0,10.0,1.0,-7.0,10.0,True,circle_start_hold,ALL 1 -7 10,pc_scheduled_elapsed_ms,command_echo_no_encoder
2026-06-06_run02_circle_r40_off_r03,5500,40.0,0.0,-263.27731514697575,1.0,-7.0,10.0,1.0,-7.0,10.0,True,circle_start_hold,ALL 1 -7 10,pc_scheduled_elapsed_ms,command_echo_no_encoder
2026-06-06_run02_circle_r40_off_r03,5600,40.0,0.0,-263.27731514697575,1.0,-7.0,10.0,1.0,-7.0,10.0,True,circle_start_hold,ALL 1 -7 10,pc_scheduled_elapsed_ms,command_echo_no_encoder
2026-06-06_run02_circle_r40_off_r03,5700,40.0,0.0,-263.27731514697575,1.0,-7.0,10.0,1.0,-7.0,10.0,True,circle_start_hold,ALL 1 -7 10,pc_scheduled_elapsed_ms,command_echo_no_encoder
2026-06-06_run02_circle_r40_off_r03,5800,40.0,0.0,-263.27731514697575,1.0,-7.0,10.0,1.0,-7.0,10.0,True,circle_start_hold,ALL 1 -7 10,pc_scheduled_elapsed_ms,command_echo_no_encoder
2026-06-06_run02_circle_r40_off_r03,5900,40.0,0.0,-263.27731514697575,1.0,-7.0,10.0,1.0,-7.0,10.0,True,circle_start_hold,ALL 1 -7 10,pc_scheduled_elapsed_ms,command_echo_no_encoder
2026-06-06_run02_circle_r40_off_r03,6000,40.0,0.0,-263.27731514697575,1.0,-7.0,10.0,1.0,-7.0,10.0,True,circle_start_hold,ALL 1 -7 10,pc_scheduled_elapsed_ms,command_echo_no_encoder
2026-06-06_run02_circle_r40_off_r03,6100,40.0,0.0,-263.27731514697575,1.0,-7.0,10.0,1.0,-7.0,10.0,True,circle_start_hold,ALL 1 -7 10,pc_scheduled_elapsed_ms,command_echo_no_encoder
2026-06-06_run02_circle_r40_off_r03,6200,40.0,0.0,-263.27731514697575,1.0,-7.0,10.0,1.0,-7.0,10.0,True,circle_start_hold,ALL 1 -7 10,pc_scheduled_elapsed_ms,command_echo_no_encoder
2026-06-06_run02_circle_r40_off_r03,6300,40.0,0.0,-263.27731514697575,1.0,-7.0,10.0,1.0,-7.0,10.0,True,circle_start_hold,ALL 1 -7 10,pc_scheduled_elapsed_ms,command_echo_no_encoder
2026-06-06_run02_circle_r40_off_r03,6400,40.0,0.0,-263.27731514697575,1.0,-7.0,10.0,1.0,-7.0,10.0,True,circle_start_hold,ALL 1 -7 10,pc_scheduled_elapsed_ms,command_echo_no_encoder
2026-06-06_run02_circle_r40_off_r03,6500,40.0,0.0,-263.27731514697575,1.0,-7.0,10.0,1.0,-7.0,10.0,True,circle_start_hold,ALL 1 -7 10,pc_scheduled_elapsed_ms,command_echo_no_encoder
2026-06-06_run02_circle_r40_off_r03,6600,40.0,0.0,-263.27731514697575,1.0,-7.0,10.0,1.0,-7.0,10.0,True,circle_start_hold,ALL 1 -7 10,pc_scheduled_elapsed_ms,command_echo_no_encoder
2026-06-06_run02_circle_r40_off_r03,6700,40.0,0.0,-263.27731514697575,1.0,-7.0,10.0,1.0,-7.0,10.0,True,circle_start_hold,ALL 1 -7 10,pc_scheduled_elapsed_ms,command_echo_no_encoder
2026-06-06_run02_circle_r40_off_r03,6800,40.0,0.0,-263.27731514697575,1.0,-7.0,10.0,1.0,-7.0,10.0,True,circle_start_hold,ALL 1 -7 10,pc_scheduled_elapsed_ms,command_echo_no_encoder
2026-06-06_run02_circle_r40_off_r03,6900,40.0,0.0,-263.27731514697575,1.0,-7.0,10.0,1.0,-7.0,10.0,True,circle_start_hold,ALL 1 -7 10,pc_scheduled_elapsed_ms,command_echo_no_encoder
2026-06-06_run02_circle_r40_off_r03,7000,39.84778792366982,3.4862297099063264,-263.27731514697575,2.0,-8.0,9.0,2.0,-8.0,9.0,True,circle_ccw_001,ALL 2 -8 9,pc_scheduled_elapsed_ms,command_echo_no_encoder
2026-06-06_run02_circle_r40_off_r03,7100,39.84778792366982,3.4862297099063264,-263.27731514697575,2.0,-8.0,9.0,2.0,-8.0,9.0,True,circle_ccw_001,ALL 2 -8 9,pc_scheduled_elapsed_ms,command_echo_no_encoder
2026-06-06_run02_circle_r40_off_r03,7200,39.84778792366982,3.4862297099063264,-263.27731514697575,2.0,-8.0,9.0,2.0,-8.0,9.0,True,circle_ccw_001,ALL 2 -8 9,pc_scheduled_elapsed_ms,command_echo_no_encoder
2026-06-06_run02_circle_r40_off_r03,7300,39.84778792366982,3.4862297099063264,-263.27731514697575,2.0,-8.0,9.0,2.0,-8.0,9.0,True,circle_ccw_001,ALL 2 -8 9,pc_scheduled_elapsed_ms,command_echo_no_encoder
2026-06-06_run02_circle_r40_off_r03,7400,39.84778792366982,3.4862297099063264,-263.27731514697575,2.0,-8.0,9.0,2.0,-8.0,9.0,True,circle_ccw_001,ALL 2 -8 9,pc_scheduled_elapsed_ms,command_echo_no_encoder
2026-06-06_run02_circle_r40_off_r03,7417,39.39231012048832,6.945927106677213,-263.27731514697575,3.0,-8.0,9.0,3.0,-8.0,9.0,True,circle_ccw_002,ALL 3 -8 9,pc_scheduled_elapsed_ms,command_echo_no_encoder
2026-06-06_run02_circle_r40_off_r03,7517,39.39231012048832,6.945927106677213,-263.27731514697575,3.0,-8.0,9.0,3.0,-8.0,9.0,True,circle_ccw_002,ALL 3 -8 9,pc_scheduled_elapsed_ms,command_echo_no_encoder
2026-06-06_run02_circle_r40_off_r03,7617,39.39231012048832,6.945927106677213,-263.27731514697575,3.0,-8.0,9.0,3.0,-8.0,9.0,True,circle_ccw_002,ALL 3 -8 9,pc_scheduled_elapsed_ms,command_echo_no_encoder
2026-06-06_run02_circle_r40_off_r03,7717,39.39231012048832,6.945927106677213,-263.27731514697575,3.0,-8.0,9.0,3.0,-8.0,9.0,True,circle_ccw_002,ALL 3 -8 9,pc_scheduled_elapsed_ms,command_echo_no_encoder
2026-06-06_run02_circle_r40_off_r03,7817,39.39231012048832,6.945927106677213,-263.27731514697575,3.0,-8.0,9.0,3.0,-8.0,9.0,True,circle_ccw_002,ALL 3 -8 9,pc_scheduled_elapsed_ms,command_echo_no_encoder
2026-06-06_run02_circle_r40_off_r03,7833,38.63703305156273,10.35276180410083,-263.27731514697575,4.0,-8.0,8.0,4.0,-8.0,8.0,True,circle_ccw_003,ALL 4 -8 8,pc_scheduled_elapsed_ms,command_echo_no_encoder
2026-06-06_run02_circle_r40_off_r03,7933,38.63703305156273,10.35276180410083,-263.27731514697575,4.0,-8.0,8.0,4.0,-8.0,8.0,True,circle_ccw_003,ALL 4 -8 8,pc_scheduled_elapsed_ms,command_echo_no_encoder
2026-06-06_run02_circle_r40_off_r03,8033,38.63703305156273,10.35276180410083,-263.27731514697575,4.0,-8.0,8.0,4.0,-8.0,8.0,True,circle_ccw_003,ALL 4 -8 8,pc_scheduled_elapsed_ms,command_echo_no_encoder
2026-06-06_run02_circle_r40_off_r03,8133,38.63703305156273,10.35276180410083,-263.27731514697575,4.0,-8.0,8.0,4.0,-8.0,8.0,True,circle_ccw_003,ALL 4 -8 8,pc_scheduled_elapsed_ms,command_echo_no_encoder
2026-06-06_run02_circle_r40_off_r03,8233,38.63703305156273,10.35276180410083,-263.27731514697575,4.0,-8.0,8.0,4.0,-8.0,8.0,True,circle_ccw_003,ALL 4 -8 8,pc_scheduled_elapsed_ms,command_echo_no_encoder
2026-06-06_run02_circle_r40_off_r03,8250,37.58770483143634,13.680805733026748,-263.27731514697575,5.0,-8.0,8.0,5.0,-8.0,8.0,True,circle_ccw_004,ALL 5 -8 8,pc_scheduled_elapsed_ms,command_echo_no_encoder
2026-06-06_run02_circle_r40_off_r03,8350,37.58770483143634,13.680805733026748,-263.27731514697575,5.0,-8.0,8.0,5.0,-8.0,8.0,True,circle_ccw_004,ALL 5 -8 8,pc_scheduled_elapsed_ms,command_echo_no_encoder
2026-06-06_run02_circle_r40_off_r03,8450,37.58770483143634,13.680805733026748,-263.27731514697575,5.0,-8.0,8.0,5.0,-8.0,8.0,True,circle_ccw_004,ALL 5 -8 8,pc_scheduled_elapsed_ms,command_echo_no_encoder
2026-06-06_run02_circle_r40_off_r03,8550,37.58770483143634,13.680805733026748,-263.27731514697575,5.0,-8.0,8.0,5.0,-8.0,8.0,True,circle_ccw_004,ALL 5 -8 8,pc_scheduled_elapsed_ms,command_echo_no_encoder
2026-06-06_run02_circle_r40_off_r03,8650,37.58770483143634,13.680805733026748,-263.27731514697575,5.0,-8.0,8.0,5.0,-8.0,8.0,True,circle_ccw_004,ALL 5 -8 8,pc_scheduled_elapsed_ms,command_echo_no_encoder
2026-06-06_run02_circle_r40_off_r03,8667,36.252311481465995,16.904730469627978,-263.27731514697575,6.0,-9.0,7.0,6.0,-9.0,7.0,True,circle_ccw_005,ALL 6 -9 7,pc_scheduled_elapsed_ms,command_echo_no_encoder
2026-06-06_run02_circle_r40_off_r03,8767,36.252311481465995,16.904730469627978,-263.27731514697575,6.0,-9.0,7.0,6.0,-9.0,7.0,True,circle_ccw_005,ALL 6 -9 7,pc_scheduled_elapsed_ms,command_echo_no_encoder
2026-06-06_run02_circle_r40_off_r03,8867,36.252311481465995,16.904730469627978,-263.27731514697575,6.0,-9.0,7.0,6.0,-9.0,7.0,True,circle_ccw_005,ALL 6 -9 7,pc_scheduled_elapsed_ms,command_echo_no_encoder
2026-06-06_run02_circle_r40_off_r03,8967,36.252311481465995,16.904730469627978,-263.27731514697575,6.0,-9.0,7.0,6.0,-9.0,7.0,True,circle_ccw_005,ALL 6 -9 7,pc_scheduled_elapsed_ms,command_echo_no_encoder
2026-06-06_run02_circle_r40_off_r03,9067,36.252311481465995,16.904730469627978,-263.27731514697575,6.0,-9.0,7.0,6.0,-9.0,7.0,True,circle_ccw_005,ALL 6 -9 7,pc_scheduled_elapsed_ms,command_echo_no_encoder
2026-06-06_run02_circle_r40_off_r03,9083,34.64101615137755,19.999999999999996,-263.27731514697575,6.0,-9.0,6.0,6.0,-9.0,6.0,True,circle_ccw_006,ALL 6 -9 6,pc_scheduled_elapsed_ms,command_echo_no_encoder
2026-06-06_run02_circle_r40_off_r03,9183,34.64101615137755,19.999999999999996,-263.27731514697575,6.0,-9.0,6.0,6.0,-9.0,6.0,True,circle_ccw_006,ALL 6 -9 6,pc_scheduled_elapsed_ms,command_echo_no_encoder
2026-06-06_run02_circle_r40_off_r03,9283,34.64101615137755,19.999999999999996,-263.27731514697575,6.0,-9.0,6.0,6.0,-9.0,6.0,True,circle_ccw_006,ALL 6 -9 6,pc_scheduled_elapsed_ms,command_echo_no_encoder
2026-06-06_run02_circle_r40_off_r03,9383,34.64101615137755,19.999999999999996,-263.27731514697575,6.0,-9.0,6.0,6.0,-9.0,6.0,True,circle_ccw_006,ALL 6 -9 6,pc_scheduled_elapsed_ms,command_echo_no_encoder
2026-06-06_run02_circle_r40_off_r03,9483,34.64101615137755,19.999999999999996,-263.27731514697575,6.0,-9.0,6.0,6.0,-9.0,6.0,True,circle_ccw_006,ALL 6 -9 6,pc_scheduled_elapsed_ms,command_echo_no_encoder
2026-06-06_run02_circle_r40_off_r03,9500,32.76608177155967,22.943057454041842,-263.27731514697575,7.0,-9.0,6.0,7.0,-9.0,6.0,True,circle_ccw_007,ALL 7 -9 6,pc_scheduled_elapsed_ms,command_echo_no_encoder
2026-06-06_run02_circle_r40_off_r03,9600,32.76608177155967,22.943057454041842,-263.27731514697575,7.0,-9.0,6.0,7.0,-9.0,6.0,True,circle_ccw_007,ALL 7 -9 6,pc_scheduled_elapsed_ms,command_echo_no_encoder
2026-06-06_run02_circle_r40_off_r03,9700,32.76608177155967,22.943057454041842,-263.27731514697575,7.0,-9.0,6.0,7.0,-9.0,6.0,True,circle_ccw_007,ALL 7 -9 6,pc_scheduled_elapsed_ms,command_echo_no_encoder
2026-06-06_run02_circle_r40_off_r03,9800,32.76608177155967,22.943057454041842,-263.27731514697575,7.0,-9.0,6.0,7.0,-9.0,6.0,True,circle_ccw_007,ALL 7 -9 6,pc_scheduled_elapsed_ms,command_echo_no_encoder
2026-06-06_run02_circle_r40_off_r03,9900,32.76608177155967,22.943057454041842,-263.27731514697575,7.0,-9.0,6.0,7.0,-9.0,6.0,True,circle_ccw_007,ALL 7 -9 6,pc_scheduled_elapsed_ms,command_echo_no_encoder
2026-06-06_run02_circle_r40_off_r03,9917,30.64177772475912,25.71150438746157,-263.27731514697575,8.0,-8.0,5.0,8.0,-8.0,5.0,True,circle_ccw_008,ALL 8 -8 5,pc_scheduled_elapsed_ms,command_echo_no_encoder
2026-06-06_run02_circle_r40_off_r03,10017,30.64177772475912,25.71150438746157,-263.27731514697575,8.0,-8.0,5.0,8.0,-8.0,5.0,True,circle_ccw_008,ALL 8 -8 5,pc_scheduled_elapsed_ms,command_echo_no_encoder
2026-06-06_run02_circle_r40_off_r03,10117,30.64177772475912,25.71150438746157,-263.27731514697575,8.0,-8.0,5.0,8.0,-8.0,5.0,True,circle_ccw_008,ALL 8 -8 5,pc_scheduled_elapsed_ms,command_echo_no_encoder
2026-06-06_run02_circle_r40_off_r03,10217,30.64177772475912,25.71150438746157,-263.27731514697575,8.0,-8.0,5.0,8.0,-8.0,5.0,True,circle_ccw_008,ALL 8 -8 5,pc_scheduled_elapsed_ms,command_echo_no_encoder
2026-06-06_run02_circle_r40_off_r03,10317,30.64177772475912,25.71150438746157,-263.27731514697575,8.0,-8.0,5.0,8.0,-8.0,5.0,True,circle_ccw_008,ALL 8 -8 5,pc_scheduled_elapsed_ms,command_echo_no_encoder
2026-06-06_run02_circle_r40_off_r03,10333,28.284271247461902,28.284271247461902,-263.27731514697575,8.0,-8.0,4.0,8.0,-8.0,4.0,True,circle_ccw_009,ALL 8 -8 4,pc_scheduled_elapsed_ms,command_echo_no_encoder
2026-06-06_run02_circle_r40_off_r03,10433,28.284271247461902,28.284271247461902,-263.27731514697575,8.0,-8.0,4.0,8.0,-8.0,4.0,True,circle_ccw_009,ALL 8 -8 4,pc_scheduled_elapsed_ms,command_echo_no_encoder
2026-06-06_run02_circle_r40_off_r03,10533,28.284271247461902,28.284271247461902,-263.27731514697575,8.0,-8.0,4.0,8.0,-8.0,4.0,True,circle_ccw_009,ALL 8 -8 4,pc_scheduled_elapsed_ms,command_echo_no_encoder
2026-06-06_run02_circle_r40_off_r03,10633,28.284271247461902,28.284271247461902,-263.27731514697575,8.0,-8.0,4.0,8.0,-8.0,4.0,True,circle_ccw_009,ALL 8 -8 4,pc_scheduled_elapsed_ms,command_echo_no_encoder
2026-06-06_run02_circle_r40_off_r03,10733,28.284271247461902,28.284271247461902,-263.27731514697575,8.0,-8.0,4.0,8.0,-8.0,4.0,True,circle_ccw_009,ALL 8 -8 4,pc_scheduled_elapsed_ms,command_echo_no_encoder
2026-06-06_run02_circle_r40_off_r03,10750,25.711504387461574,30.64177772475912,-263.27731514697575,9.0,-8.0,3.0,9.0,-8.0,3.0,True,circle_ccw_010,ALL 9 -8 3,pc_scheduled_elapsed_ms,command_echo_no_encoder
2026-06-06_run02_circle_r40_off_r03,10850,25.711504387461574,30.64177772475912,-263.27731514697575,9.0,-8.0,3.0,9.0,-8.0,3.0,True,circle_ccw_010,ALL 9 -8 3,pc_scheduled_elapsed_ms,command_echo_no_encoder
2026-06-06_run02_circle_r40_off_r03,10950,25.711504387461574,30.64177772475912,-263.27731514697575,9.0,-8.0,3.0,9.0,-8.0,3.0,True,circle_ccw_010,ALL 9 -8 3,pc_scheduled_elapsed_ms,command_echo_no_encoder
2026-06-06_run02_circle_r40_off_r03,11050,25.711504387461574,30.64177772475912,-263.27731514697575,9.0,-8.0,3.0,9.0,-8.0,3.0,True,circle_ccw_010,ALL 9 -8 3,pc_scheduled_elapsed_ms,command_echo_no_encoder
2026-06-06_run02_circle_r40_off_r03,11150,25.711504387461574,30.64177772475912,-263.27731514697575,9.0,-8.0,3.0,9.0,-8.0,3.0,True,circle_ccw_010,ALL 9 -8 3,pc_scheduled_elapsed_ms,command_echo_no_encoder
2026-06-06_run02_circle_r40_off_r03,11167,22.943057454041845,32.76608177155967,-263.27731514697575,9.0,-8.0,2.0,9.0,-8.0,2.0,True,circle_ccw_011,ALL 9 -8 2,pc_scheduled_elapsed_ms,command_echo_no_encoder
2026-06-06_run02_circle_r40_off_r03,11267,22.943057454041845,32.76608177155967,-263.27731514697575,9.0,-8.0,2.0,9.0,-8.0,2.0,True,circle_ccw_011,ALL 9 -8 2,pc_scheduled_elapsed_ms,command_echo_no_encoder
2026-06-06_run02_circle_r40_off_r03,11367,22.943057454041845,32.76608177155967,-263.27731514697575,9.0,-8.0,2.0,9.0,-8.0,2.0,True,circle_ccw_011,ALL 9 -8 2,pc_scheduled_elapsed_ms,command_echo_no_encoder
2026-06-06_run02_circle_r40_off_r03,11467,22.943057454041845,32.76608177155967,-263.27731514697575,9.0,-8.0,2.0,9.0,-8.0,2.0,True,circle_ccw_011,ALL 9 -8 2,pc_scheduled_elapsed_ms,command_echo_no_encoder
2026-06-06_run02_circle_r40_off_r03,11567,22.943057454041845,32.76608177155967,-263.27731514697575,9.0,-8.0,2.0,9.0,-8.0,2.0,True,circle_ccw_011,ALL 9 -8 2,pc_scheduled_elapsed_ms,command_echo_no_encoder
2026-06-06_run02_circle_r40_off_r03,11583,20.000000000000004,34.64101615137754,-263.27731514697575,10.0,-7.0,1.0,10.0,-7.0,1.0,True,circle_ccw_012,ALL 10 -7 1,pc_scheduled_elapsed_ms,command_echo_no_encoder
2026-06-06_run02_circle_r40_off_r03,11683,20.000000000000004,34.64101615137754,-263.27731514697575,10.0,-7.0,1.0,10.0,-7.0,1.0,True,circle_ccw_012,ALL 10 -7 1,pc_scheduled_elapsed_ms,command_echo_no_encoder
2026-06-06_run02_circle_r40_off_r03,11783,20.000000000000004,34.64101615137754,-263.27731514697575,10.0,-7.0,1.0,10.0,-7.0,1.0,True,circle_ccw_012,ALL 10 -7 1,pc_scheduled_elapsed_ms,command_echo_no_encoder
2026-06-06_run02_circle_r40_off_r03,11883,20.000000000000004,34.64101615137754,-263.27731514697575,10.0,-7.0,1.0,10.0,-7.0,1.0,True,circle_ccw_012,ALL 10 -7 1,pc_scheduled_elapsed_ms,command_echo_no_encoder
2026-06-06_run02_circle_r40_off_r03,11983,20.000000000000004,34.64101615137754,-263.27731514697575,10.0,-7.0,1.0,10.0,-7.0,1.0,True,circle_ccw_012,ALL 10 -7 1,pc_scheduled_elapsed_ms,command_echo_no_encoder
2026-06-06_run02_circle_r40_off_r03,12000,16.904730469627978,36.252311481465995,-263.27731514697575,10.0,-7.0,1.0,10.0,-7.0,1.0,True,circle_ccw_013,ALL 10 -7 1,pc_scheduled_elapsed_ms,command_echo_no_encoder
2026-06-06_run02_circle_r40_off_r03,12100,16.904730469627978,36.252311481465995,-263.27731514697575,10.0,-7.0,1.0,10.0,-7.0,1.0,True,circle_ccw_013,ALL 10 -7 1,pc_scheduled_elapsed_ms,command_echo_no_encoder
2026-06-06_run02_circle_r40_off_r03,12200,16.904730469627978,36.252311481465995,-263.27731514697575,10.0,-7.0,1.0,10.0,-7.0,1.0,True,circle_ccw_013,ALL 10 -7 1,pc_scheduled_elapsed_ms,command_echo_no_encoder
2026-06-06_run02_circle_r40_off_r03,12300,16.904730469627978,36.252311481465995,-263.27731514697575,10.0,-7.0,1.0,10.0,-7.0,1.0,True,circle_ccw_013,ALL 10 -7 1,pc_scheduled_elapsed_ms,command_echo_no_encoder
2026-06-06_run02_circle_r40_off_r03,12400,16.904730469627978,36.252311481465995,-263.27731514697575,10.0,-7.0,1.0,10.0,-7.0,1.0,True,circle_ccw_013,ALL 10 -7 1,pc_scheduled_elapsed_ms,command_echo_no_encoder
2026-06-06_run02_circle_r40_off_r03,12417,13.680805733026753,37.587704831436334,-263.27731514697575,11.0,-6.0,0.0,11.0,-6.0,0.0,True,circle_ccw_014,ALL 11 -6 0,pc_scheduled_elapsed_ms,command_echo_no_encoder
2026-06-06_run02_circle_r40_off_r03,12517,13.680805733026753,37.587704831436334,-263.27731514697575,11.0,-6.0,0.0,11.0,-6.0,0.0,True,circle_ccw_014,ALL 11 -6 0,pc_scheduled_elapsed_ms,command_echo_no_encoder
2026-06-06_run02_circle_r40_off_r03,12617,13.680805733026753,37.587704831436334,-263.27731514697575,11.0,-6.0,0.0,11.0,-6.0,0.0,True,circle_ccw_014,ALL 11 -6 0,pc_scheduled_elapsed_ms,command_echo_no_encoder
2026-06-06_run02_circle_r40_off_r03,12717,13.680805733026753,37.587704831436334,-263.27731514697575,11.0,-6.0,0.0,11.0,-6.0,0.0,True,circle_ccw_014,ALL 11 -6 0,pc_scheduled_elapsed_ms,command_echo_no_encoder
2026-06-06_run02_circle_r40_off_r03,12817,13.680805733026753,37.587704831436334,-263.27731514697575,11.0,-6.0,0.0,11.0,-6.0,0.0,True,circle_ccw_014,ALL 11 -6 0,pc_scheduled_elapsed_ms,command_echo_no_encoder
2026-06-06_run02_circle_r40_off_r03,12833,10.352761804100838,38.637033051562724,-263.27731514697575,11.0,-6.0,-1.0,11.0,-6.0,-1.0,True,circle_ccw_015,ALL 11 -6 -1,pc_scheduled_elapsed_ms,command_echo_no_encoder
2026-06-06_run02_circle_r40_off_r03,12933,10.352761804100838,38.637033051562724,-263.27731514697575,11.0,-6.0,-1.0,11.0,-6.0,-1.0,True,circle_ccw_015,ALL 11 -6 -1,pc_scheduled_elapsed_ms,command_echo_no_encoder
2026-06-06_run02_circle_r40_off_r03,13033,10.352761804100838,38.637033051562724,-263.27731514697575,11.0,-6.0,-1.0,11.0,-6.0,-1.0,True,circle_ccw_015,ALL 11 -6 -1,pc_scheduled_elapsed_ms,command_echo_no_encoder
2026-06-06_run02_circle_r40_off_r03,13133,10.352761804100838,38.637033051562724,-263.27731514697575,11.0,-6.0,-1.0,11.0,-6.0,-1.0,True,circle_ccw_015,ALL 11 -6 -1,pc_scheduled_elapsed_ms,command_echo_no_encoder
2026-06-06_run02_circle_r40_off_r03,13233,10.352761804100838,38.637033051562724,-263.27731514697575,11.0,-6.0,-1.0,11.0,-6.0,-1.0,True,circle_ccw_015,ALL 11 -6 -1,pc_scheduled_elapsed_ms,command_echo_no_encoder
2026-06-06_run02_circle_r40_off_r03,13250,6.945927106677217,39.39231012048832,-263.27731514697575,11.0,-5.0,-2.0,11.0,-5.0,-2.0,True,circle_ccw_016,ALL 11 -5 -2,pc_scheduled_elapsed_ms,command_echo_no_encoder
2026-06-06_run02_circle_r40_off_r03,13350,6.945927106677217,39.39231012048832,-263.27731514697575,11.0,-5.0,-2.0,11.0,-5.0,-2.0,True,circle_ccw_016,ALL 11 -5 -2,pc_scheduled_elapsed_ms,command_echo_no_encoder
2026-06-06_run02_circle_r40_off_r03,13450,6.945927106677217,39.39231012048832,-263.27731514697575,11.0,-5.0,-2.0,11.0,-5.0,-2.0,True,circle_ccw_016,ALL 11 -5 -2,pc_scheduled_elapsed_ms,command_echo_no_encoder
2026-06-06_run02_circle_r40_off_r03,13550,6.945927106677217,39.39231012048832,-263.27731514697575,11.0,-5.0,-2.0,11.0,-5.0,-2.0,True,circle_ccw_016,ALL 11 -5 -2,pc_scheduled_elapsed_ms,command_echo_no_encoder
2026-06-06_run02_circle_r40_off_r03,13650,6.945927106677217,39.39231012048832,-263.27731514697575,11.0,-5.0,-2.0,11.0,-5.0,-2.0,True,circle_ccw_016,ALL 11 -5 -2,pc_scheduled_elapsed_ms,command_echo_no_encoder
2026-06-06_run02_circle_r40_off_r03,13667,3.4862297099063255,39.84778792366982,-263.27731514697575,11.0,-4.0,-3.0,11.0,-4.0,-3.0,True,circle_ccw_017,ALL 11 -4 -3,pc_scheduled_elapsed_ms,command_echo_no_encoder
2026-06-06_run02_circle_r40_off_r03,13767,3.4862297099063255,39.84778792366982,-263.27731514697575,11.0,-4.0,-3.0,11.0,-4.0,-3.0,True,circle_ccw_017,ALL 11 -4 -3,pc_scheduled_elapsed_ms,command_echo_no_encoder
2026-06-06_run02_circle_r40_off_r03,13867,3.4862297099063255,39.84778792366982,-263.27731514697575,11.0,-4.0,-3.0,11.0,-4.0,-3.0,True,circle_ccw_017,ALL 11 -4 -3,pc_scheduled_elapsed_ms,command_echo_no_encoder
2026-06-06_run02_circle_r40_off_r03,13967,3.4862297099063255,39.84778792366982,-263.27731514697575,11.0,-4.0,-3.0,11.0,-4.0,-3.0,True,circle_ccw_017,ALL 11 -4 -3,pc_scheduled_elapsed_ms,command_echo_no_encoder
2026-06-06_run02_circle_r40_off_r03,14067,3.4862297099063255,39.84778792366982,-263.27731514697575,11.0,-4.0,-3.0,11.0,-4.0,-3.0,True,circle_ccw_017,ALL 11 -4 -3,pc_scheduled_elapsed_ms,command_echo_no_encoder
2026-06-06_run02_circle_r40_off_r03,14083,0.0,40.0,-263.27731514697575,11.0,-4.0,-4.0,11.0,-4.0,-4.0,True,circle_ccw_018,ALL 11 -4 -4,pc_scheduled_elapsed_ms,command_echo_no_encoder
2026-06-06_run02_circle_r40_off_r03,14183,0.0,40.0,-263.27731514697575,11.0,-4.0,-4.0,11.0,-4.0,-4.0,True,circle_ccw_018,ALL 11 -4 -4,pc_scheduled_elapsed_ms,command_echo_no_encoder
2026-06-06_run02_circle_r40_off_r03,14283,0.0,40.0,-263.27731514697575,11.0,-4.0,-4.0,11.0,-4.0,-4.0,True,circle_ccw_018,ALL 11 -4 -4,pc_scheduled_elapsed_ms,command_echo_no_encoder
2026-06-06_run02_circle_r40_off_r03,14383,0.0,40.0,-263.27731514697575,11.0,-4.0,-4.0,11.0,-4.0,-4.0,True,circle_ccw_018,ALL 11 -4 -4,pc_scheduled_elapsed_ms,command_echo_no_encoder
2026-06-06_run02_circle_r40_off_r03,14483,0.0,40.0,-263.27731514697575,11.0,-4.0,-4.0,11.0,-4.0,-4.0,True,circle_ccw_018,ALL 11 -4 -4,pc_scheduled_elapsed_ms,command_echo_no_encoder
2026-06-06_run02_circle_r40_off_r03,14500,-3.4862297099063206,39.84778792366982,-263.27731514697575,11.0,-3.0,-4.0,11.0,-3.0,-4.0,True,circle_ccw_019,ALL 11 -3 -4,pc_scheduled_elapsed_ms,command_echo_no_encoder
2026-06-06_run02_circle_r40_off_r03,14600,-3.4862297099063206,39.84778792366982,-263.27731514697575,11.0,-3.0,-4.0,11.0,-3.0,-4.0,True,circle_ccw_019,ALL 11 -3 -4,pc_scheduled_elapsed_ms,command_echo_no_encoder
2026-06-06_run02_circle_r40_off_r03,14700,-3.4862297099063206,39.84778792366982,-263.27731514697575,11.0,-3.0,-4.0,11.0,-3.0,-4.0,True,circle_ccw_019,ALL 11 -3 -4,pc_scheduled_elapsed_ms,command_echo_no_encoder
2026-06-06_run02_circle_r40_off_r03,14800,-3.4862297099063206,39.84778792366982,-263.27731514697575,11.0,-3.0,-4.0,11.0,-3.0,-4.0,True,circle_ccw_019,ALL 11 -3 -4,pc_scheduled_elapsed_ms,command_echo_no_encoder
2026-06-06_run02_circle_r40_off_r03,14900,-3.4862297099063206,39.84778792366982,-263.27731514697575,11.0,-3.0,-4.0,11.0,-3.0,-4.0,True,circle_ccw_019,ALL 11 -3 -4,pc_scheduled_elapsed_ms,command_echo_no_encoder
2026-06-06_run02_circle_r40_off_r03,14917,-6.945927106677212,39.39231012048832,-263.27731514697575,11.0,-2.0,-5.0,11.0,-2.0,-5.0,True,circle_ccw_020,ALL 11 -2 -5,pc_scheduled_elapsed_ms,command_echo_no_encoder
2026-06-06_run02_circle_r40_off_r03,15017,-6.945927106677212,39.39231012048832,-263.27731514697575,11.0,-2.0,-5.0,11.0,-2.0,-5.0,True,circle_ccw_020,ALL 11 -2 -5,pc_scheduled_elapsed_ms,command_echo_no_encoder
2026-06-06_run02_circle_r40_off_r03,15117,-6.945927106677212,39.39231012048832,-263.27731514697575,11.0,-2.0,-5.0,11.0,-2.0,-5.0,True,circle_ccw_020,ALL 11 -2 -5,pc_scheduled_elapsed_ms,command_echo_no_encoder
2026-06-06_run02_circle_r40_off_r03,15217,-6.945927106677212,39.39231012048832,-263.27731514697575,11.0,-2.0,-5.0,11.0,-2.0,-5.0,True,circle_ccw_020,ALL 11 -2 -5,pc_scheduled_elapsed_ms,command_echo_no_encoder
2026-06-06_run02_circle_r40_off_r03,15317,-6.945927106677212,39.39231012048832,-263.27731514697575,11.0,-2.0,-5.0,11.0,-2.0,-5.0,True,circle_ccw_020,ALL 11 -2 -5,pc_scheduled_elapsed_ms,command_echo_no_encoder
2026-06-06_run02_circle_r40_off_r03,15333,-10.352761804100833,38.63703305156273,-263.27731514697575,11.0,-1.0,-6.0,11.0,-1.0,-6.0,True,circle_ccw_021,ALL 11 -1 -6,pc_scheduled_elapsed_ms,command_echo_no_encoder
2026-06-06_run02_circle_r40_off_r03,15433,-10.352761804100833,38.63703305156273,-263.27731514697575,11.0,-1.0,-6.0,11.0,-1.0,-6.0,True,circle_ccw_021,ALL 11 -1 -6,pc_scheduled_elapsed_ms,command_echo_no_encoder
2026-06-06_run02_circle_r40_off_r03,15533,-10.352761804100833,38.63703305156273,-263.27731514697575,11.0,-1.0,-6.0,11.0,-1.0,-6.0,True,circle_ccw_021,ALL 11 -1 -6,pc_scheduled_elapsed_ms,command_echo_no_encoder
2026-06-06_run02_circle_r40_off_r03,15633,-10.352761804100833,38.63703305156273,-263.27731514697575,11.0,-1.0,-6.0,11.0,-1.0,-6.0,True,circle_ccw_021,ALL 11 -1 -6,pc_scheduled_elapsed_ms,command_echo_no_encoder
2026-06-06_run02_circle_r40_off_r03,15733,-10.352761804100833,38.63703305156273,-263.27731514697575,11.0,-1.0,-6.0,11.0,-1.0,-6.0,True,circle_ccw_021,ALL 11 -1 -6,pc_scheduled_elapsed_ms,command_echo_no_encoder
2026-06-06_run02_circle_r40_off_r03,15750,-13.68080573302674,37.58770483143634,-263.27731514697575,11.0,0.0,-6.0,11.0,0.0,-6.0,True,circle_ccw_022,ALL 11 0 -6,pc_scheduled_elapsed_ms,command_echo_no_encoder
2026-06-06_run02_circle_r40_off_r03,15850,-13.68080573302674,37.58770483143634,-263.27731514697575,11.0,0.0,-6.0,11.0,0.0,-6.0,True,circle_ccw_022,ALL 11 0 -6,pc_scheduled_elapsed_ms,command_echo_no_encoder
2026-06-06_run02_circle_r40_off_r03,15950,-13.68080573302674,37.58770483143634,-263.27731514697575,11.0,0.0,-6.0,11.0,0.0,-6.0,True,circle_ccw_022,ALL 11 0 -6,pc_scheduled_elapsed_ms,command_echo_no_encoder
2026-06-06_run02_circle_r40_off_r03,16050,-13.68080573302674,37.58770483143634,-263.27731514697575,11.0,0.0,-6.0,11.0,0.0,-6.0,True,circle_ccw_022,ALL 11 0 -6,pc_scheduled_elapsed_ms,command_echo_no_encoder
2026-06-06_run02_circle_r40_off_r03,16150,-13.68080573302674,37.58770483143634,-263.27731514697575,11.0,0.0,-6.0,11.0,0.0,-6.0,True,circle_ccw_022,ALL 11 0 -6,pc_scheduled_elapsed_ms,command_echo_no_encoder
2026-06-06_run02_circle_r40_off_r03,16167,-16.904730469627975,36.252311481466,-263.27731514697575,10.0,1.0,-7.0,10.0,1.0,-7.0,True,circle_ccw_023,ALL 10 1 -7,pc_scheduled_elapsed_ms,command_echo_no_encoder
2026-06-06_run02_circle_r40_off_r03,16267,-16.904730469627975,36.252311481466,-263.27731514697575,10.0,1.0,-7.0,10.0,1.0,-7.0,True,circle_ccw_023,ALL 10 1 -7,pc_scheduled_elapsed_ms,command_echo_no_encoder
2026-06-06_run02_circle_r40_off_r03,16367,-16.904730469627975,36.252311481466,-263.27731514697575,10.0,1.0,-7.0,10.0,1.0,-7.0,True,circle_ccw_023,ALL 10 1 -7,pc_scheduled_elapsed_ms,command_echo_no_encoder
2026-06-06_run02_circle_r40_off_r03,16467,-16.904730469627975,36.252311481466,-263.27731514697575,10.0,1.0,-7.0,10.0,1.0,-7.0,True,circle_ccw_023,ALL 10 1 -7,pc_scheduled_elapsed_ms,command_echo_no_encoder
2026-06-06_run02_circle_r40_off_r03,16567,-16.904730469627975,36.252311481466,-263.27731514697575,10.0,1.0,-7.0,10.0,1.0,-7.0,True,circle_ccw_023,ALL 10 1 -7,pc_scheduled_elapsed_ms,command_echo_no_encoder
2026-06-06_run02_circle_r40_off_r03,16583,-19.999999999999993,34.64101615137755,-263.27731514697575,10.0,1.0,-7.0,10.0,1.0,-7.0,True,circle_ccw_024,ALL 10 1 -7,pc_scheduled_elapsed_ms,command_echo_no_encoder
2026-06-06_run02_circle_r40_off_r03,16683,-19.999999999999993,34.64101615137755,-263.27731514697575,10.0,1.0,-7.0,10.0,1.0,-7.0,True,circle_ccw_024,ALL 10 1 -7,pc_scheduled_elapsed_ms,command_echo_no_encoder
2026-06-06_run02_circle_r40_off_r03,16783,-19.999999999999993,34.64101615137755,-263.27731514697575,10.0,1.0,-7.0,10.0,1.0,-7.0,True,circle_ccw_024,ALL 10 1 -7,pc_scheduled_elapsed_ms,command_echo_no_encoder
2026-06-06_run02_circle_r40_off_r03,16883,-19.999999999999993,34.64101615137755,-263.27731514697575,10.0,1.0,-7.0,10.0,1.0,-7.0,True,circle_ccw_024,ALL 10 1 -7,pc_scheduled_elapsed_ms,command_echo_no_encoder
2026-06-06_run02_circle_r40_off_r03,16983,-19.999999999999993,34.64101615137755,-263.27731514697575,10.0,1.0,-7.0,10.0,1.0,-7.0,True,circle_ccw_024,ALL 10 1 -7,pc_scheduled_elapsed_ms,command_echo_no_encoder
2026-06-06_run02_circle_r40_off_r03,17000,-22.943057454041845,32.76608177155967,-263.27731514697575,9.0,2.0,-8.0,9.0,2.0,-8.0,True,circle_ccw_025,ALL 9 2 -8,pc_scheduled_elapsed_ms,command_echo_no_encoder
2026-06-06_run02_circle_r40_off_r03,17100,-22.943057454041845,32.76608177155967,-263.27731514697575,9.0,2.0,-8.0,9.0,2.0,-8.0,True,circle_ccw_025,ALL 9 2 -8,pc_scheduled_elapsed_ms,command_echo_no_encoder
2026-06-06_run02_circle_r40_off_r03,17200,-22.943057454041845,32.76608177155967,-263.27731514697575,9.0,2.0,-8.0,9.0,2.0,-8.0,True,circle_ccw_025,ALL 9 2 -8,pc_scheduled_elapsed_ms,command_echo_no_encoder
2026-06-06_run02_circle_r40_off_r03,17300,-22.943057454041845,32.76608177155967,-263.27731514697575,9.0,2.0,-8.0,9.0,2.0,-8.0,True,circle_ccw_025,ALL 9 2 -8,pc_scheduled_elapsed_ms,command_echo_no_encoder
2026-06-06_run02_circle_r40_off_r03,17400,-22.943057454041845,32.76608177155967,-263.27731514697575,9.0,2.0,-8.0,9.0,2.0,-8.0,True,circle_ccw_025,ALL 9 2 -8,pc_scheduled_elapsed_ms,command_echo_no_encoder
2026-06-06_run02_circle_r40_off_r03,17417,-25.711504387461574,30.64177772475912,-263.27731514697575,9.0,3.0,-8.0,9.0,3.0,-8.0,True,circle_ccw_026,ALL 9 3 -8,pc_scheduled_elapsed_ms,command_echo_no_encoder
2026-06-06_run02_circle_r40_off_r03,17517,-25.711504387461574,30.64177772475912,-263.27731514697575,9.0,3.0,-8.0,9.0,3.0,-8.0,True,circle_ccw_026,ALL 9 3 -8,pc_scheduled_elapsed_ms,command_echo_no_encoder
2026-06-06_run02_circle_r40_off_r03,17617,-25.711504387461574,30.64177772475912,-263.27731514697575,9.0,3.0,-8.0,9.0,3.0,-8.0,True,circle_ccw_026,ALL 9 3 -8,pc_scheduled_elapsed_ms,command_echo_no_encoder
2026-06-06_run02_circle_r40_off_r03,17717,-25.711504387461574,30.64177772475912,-263.27731514697575,9.0,3.0,-8.0,9.0,3.0,-8.0,True,circle_ccw_026,ALL 9 3 -8,pc_scheduled_elapsed_ms,command_echo_no_encoder
2026-06-06_run02_circle_r40_off_r03,17817,-25.711504387461574,30.64177772475912,-263.27731514697575,9.0,3.0,-8.0,9.0,3.0,-8.0,True,circle_ccw_026,ALL 9 3 -8,pc_scheduled_elapsed_ms,command_echo_no_encoder
2026-06-06_run02_circle_r40_off_r03,17833,-28.2842712474619,28.284271247461902,-263.27731514697575,8.0,4.0,-8.0,8.0,4.0,-8.0,True,circle_ccw_027,ALL 8 4 -8,pc_scheduled_elapsed_ms,command_echo_no_encoder
2026-06-06_run02_circle_r40_off_r03,17933,-28.2842712474619,28.284271247461902,-263.27731514697575,8.0,4.0,-8.0,8.0,4.0,-8.0,True,circle_ccw_027,ALL 8 4 -8,pc_scheduled_elapsed_ms,command_echo_no_encoder
2026-06-06_run02_circle_r40_off_r03,18033,-28.2842712474619,28.284271247461902,-263.27731514697575,8.0,4.0,-8.0,8.0,4.0,-8.0,True,circle_ccw_027,ALL 8 4 -8,pc_scheduled_elapsed_ms,command_echo_no_encoder
2026-06-06_run02_circle_r40_off_r03,18133,-28.2842712474619,28.284271247461902,-263.27731514697575,8.0,4.0,-8.0,8.0,4.0,-8.0,True,circle_ccw_027,ALL 8 4 -8,pc_scheduled_elapsed_ms,command_echo_no_encoder
2026-06-06_run02_circle_r40_off_r03,18233,-28.2842712474619,28.284271247461902,-263.27731514697575,8.0,4.0,-8.0,8.0,4.0,-8.0,True,circle_ccw_027,ALL 8 4 -8,pc_scheduled_elapsed_ms,command_echo_no_encoder
2026-06-06_run02_circle_r40_off_r03,18250,-30.641777724759116,25.71150438746158,-263.27731514697575,8.0,5.0,-8.0,8.0,5.0,-8.0,True,circle_ccw_028,ALL 8 5 -8,pc_scheduled_elapsed_ms,command_echo_no_encoder
2026-06-06_run02_circle_r40_off_r03,18350,-30.641777724759116,25.71150438746158,-263.27731514697575,8.0,5.0,-8.0,8.0,5.0,-8.0,True,circle_ccw_028,ALL 8 5 -8,pc_scheduled_elapsed_ms,command_echo_no_encoder
2026-06-06_run02_circle_r40_off_r03,18450,-30.641777724759116,25.71150438746158,-263.27731514697575,8.0,5.0,-8.0,8.0,5.0,-8.0,True,circle_ccw_028,ALL 8 5 -8,pc_scheduled_elapsed_ms,command_echo_no_encoder
2026-06-06_run02_circle_r40_off_r03,18550,-30.641777724759116,25.71150438746158,-263.27731514697575,8.0,5.0,-8.0,8.0,5.0,-8.0,True,circle_ccw_028,ALL 8 5 -8,pc_scheduled_elapsed_ms,command_echo_no_encoder
2026-06-06_run02_circle_r40_off_r03,18650,-30.641777724759116,25.71150438746158,-263.27731514697575,8.0,5.0,-8.0,8.0,5.0,-8.0,True,circle_ccw_028,ALL 8 5 -8,pc_scheduled_elapsed_ms,command_echo_no_encoder
2026-06-06_run02_circle_r40_off_r03,18667,-32.766081771559676,22.94305745404184,-263.27731514697575,7.0,6.0,-9.0,7.0,6.0,-9.0,True,circle_ccw_029,ALL 7 6 -9,pc_scheduled_elapsed_ms,command_echo_no_encoder
2026-06-06_run02_circle_r40_off_r03,18767,-32.766081771559676,22.94305745404184,-263.27731514697575,7.0,6.0,-9.0,7.0,6.0,-9.0,True,circle_ccw_029,ALL 7 6 -9,pc_scheduled_elapsed_ms,command_echo_no_encoder
2026-06-06_run02_circle_r40_off_r03,18867,-32.766081771559676,22.94305745404184,-263.27731514697575,7.0,6.0,-9.0,7.0,6.0,-9.0,True,circle_ccw_029,ALL 7 6 -9,pc_scheduled_elapsed_ms,command_echo_no_encoder
2026-06-06_run02_circle_r40_off_r03,18967,-32.766081771559676,22.94305745404184,-263.27731514697575,7.0,6.0,-9.0,7.0,6.0,-9.0,True,circle_ccw_029,ALL 7 6 -9,pc_scheduled_elapsed_ms,command_echo_no_encoder
2026-06-06_run02_circle_r40_off_r03,19067,-32.766081771559676,22.94305745404184,-263.27731514697575,7.0,6.0,-9.0,7.0,6.0,-9.0,True,circle_ccw_029,ALL 7 6 -9,pc_scheduled_elapsed_ms,command_echo_no_encoder
2026-06-06_run02_circle_r40_off_r03,19083,-34.64101615137754,20.000000000000014,-263.27731514697575,6.0,6.0,-9.0,6.0,6.0,-9.0,True,circle_ccw_030,ALL 6 6 -9,pc_scheduled_elapsed_ms,command_echo_no_encoder
2026-06-06_run02_circle_r40_off_r03,19183,-34.64101615137754,20.000000000000014,-263.27731514697575,6.0,6.0,-9.0,6.0,6.0,-9.0,True,circle_ccw_030,ALL 6 6 -9,pc_scheduled_elapsed_ms,command_echo_no_encoder
2026-06-06_run02_circle_r40_off_r03,19283,-34.64101615137754,20.000000000000014,-263.27731514697575,6.0,6.0,-9.0,6.0,6.0,-9.0,True,circle_ccw_030,ALL 6 6 -9,pc_scheduled_elapsed_ms,command_echo_no_encoder
2026-06-06_run02_circle_r40_off_r03,19383,-34.64101615137754,20.000000000000014,-263.27731514697575,6.0,6.0,-9.0,6.0,6.0,-9.0,True,circle_ccw_030,ALL 6 6 -9,pc_scheduled_elapsed_ms,command_echo_no_encoder
2026-06-06_run02_circle_r40_off_r03,19483,-34.64101615137754,20.000000000000014,-263.27731514697575,6.0,6.0,-9.0,6.0,6.0,-9.0,True,circle_ccw_030,ALL 6 6 -9,pc_scheduled_elapsed_ms,command_echo_no_encoder
2026-06-06_run02_circle_r40_off_r03,19500,-36.252311481465995,16.904730469627978,-263.27731514697575,6.0,7.0,-9.0,6.0,7.0,-9.0,True,circle_ccw_031,ALL 6 7 -9,pc_scheduled_elapsed_ms,command_echo_no_encoder
2026-06-06_run02_circle_r40_off_r03,19600,-36.252311481465995,16.904730469627978,-263.27731514697575,6.0,7.0,-9.0,6.0,7.0,-9.0,True,circle_ccw_031,ALL 6 7 -9,pc_scheduled_elapsed_ms,command_echo_no_encoder
2026-06-06_run02_circle_r40_off_r03,19700,-36.252311481465995,16.904730469627978,-263.27731514697575,6.0,7.0,-9.0,6.0,7.0,-9.0,True,circle_ccw_031,ALL 6 7 -9,pc_scheduled_elapsed_ms,command_echo_no_encoder
2026-06-06_run02_circle_r40_off_r03,19800,-36.252311481465995,16.904730469627978,-263.27731514697575,6.0,7.0,-9.0,6.0,7.0,-9.0,True,circle_ccw_031,ALL 6 7 -9,pc_scheduled_elapsed_ms,command_echo_no_encoder
2026-06-06_run02_circle_r40_off_r03,19900,-36.252311481465995,16.904730469627978,-263.27731514697575,6.0,7.0,-9.0,6.0,7.0,-9.0,True,circle_ccw_031,ALL 6 7 -9,pc_scheduled_elapsed_ms,command_echo_no_encoder
2026-06-06_run02_circle_r40_off_r03,19917,-37.587704831436334,13.680805733026755,-263.27731514697575,5.0,8.0,-8.0,5.0,8.0,-8.0,True,circle_ccw_032,ALL 5 8 -8,pc_scheduled_elapsed_ms,command_echo_no_encoder
2026-06-06_run02_circle_r40_off_r03,20017,-37.587704831436334,13.680805733026755,-263.27731514697575,5.0,8.0,-8.0,5.0,8.0,-8.0,True,circle_ccw_032,ALL 5 8 -8,pc_scheduled_elapsed_ms,command_echo_no_encoder
2026-06-06_run02_circle_r40_off_r03,20117,-37.587704831436334,13.680805733026755,-263.27731514697575,5.0,8.0,-8.0,5.0,8.0,-8.0,True,circle_ccw_032,ALL 5 8 -8,pc_scheduled_elapsed_ms,command_echo_no_encoder
2026-06-06_run02_circle_r40_off_r03,20217,-37.587704831436334,13.680805733026755,-263.27731514697575,5.0,8.0,-8.0,5.0,8.0,-8.0,True,circle_ccw_032,ALL 5 8 -8,pc_scheduled_elapsed_ms,command_echo_no_encoder
2026-06-06_run02_circle_r40_off_r03,20317,-37.587704831436334,13.680805733026755,-263.27731514697575,5.0,8.0,-8.0,5.0,8.0,-8.0,True,circle_ccw_032,ALL 5 8 -8,pc_scheduled_elapsed_ms,command_echo_no_encoder
2026-06-06_run02_circle_r40_off_r03,20333,-38.63703305156273,10.352761804100822,-263.27731514697575,4.0,8.0,-8.0,4.0,8.0,-8.0,True,circle_ccw_033,ALL 4 8 -8,pc_scheduled_elapsed_ms,command_echo_no_encoder
2026-06-06_run02_circle_r40_off_r03,20433,-38.63703305156273,10.352761804100822,-263.27731514697575,4.0,8.0,-8.0,4.0,8.0,-8.0,True,circle_ccw_033,ALL 4 8 -8,pc_scheduled_elapsed_ms,command_echo_no_encoder
2026-06-06_run02_circle_r40_off_r03,20533,-38.63703305156273,10.352761804100822,-263.27731514697575,4.0,8.0,-8.0,4.0,8.0,-8.0,True,circle_ccw_033,ALL 4 8 -8,pc_scheduled_elapsed_ms,command_echo_no_encoder
2026-06-06_run02_circle_r40_off_r03,20633,-38.63703305156273,10.352761804100822,-263.27731514697575,4.0,8.0,-8.0,4.0,8.0,-8.0,True,circle_ccw_033,ALL 4 8 -8,pc_scheduled_elapsed_ms,command_echo_no_encoder
2026-06-06_run02_circle_r40_off_r03,20733,-38.63703305156273,10.352761804100822,-263.27731514697575,4.0,8.0,-8.0,4.0,8.0,-8.0,True,circle_ccw_033,ALL 4 8 -8,pc_scheduled_elapsed_ms,command_echo_no_encoder
2026-06-06_run02_circle_r40_off_r03,20750,-39.39231012048832,6.945927106677211,-263.27731514697575,3.0,9.0,-8.0,3.0,9.0,-8.0,True,circle_ccw_034,ALL 3 9 -8,pc_scheduled_elapsed_ms,command_echo_no_encoder
2026-06-06_run02_circle_r40_off_r03,20850,-39.39231012048832,6.945927106677211,-263.27731514697575,3.0,9.0,-8.0,3.0,9.0,-8.0,True,circle_ccw_034,ALL 3 9 -8,pc_scheduled_elapsed_ms,command_echo_no_encoder
2026-06-06_run02_circle_r40_off_r03,20950,-39.39231012048832,6.945927106677211,-263.27731514697575,3.0,9.0,-8.0,3.0,9.0,-8.0,True,circle_ccw_034,ALL 3 9 -8,pc_scheduled_elapsed_ms,command_echo_no_encoder
2026-06-06_run02_circle_r40_off_r03,21050,-39.39231012048832,6.945927106677211,-263.27731514697575,3.0,9.0,-8.0,3.0,9.0,-8.0,True,circle_ccw_034,ALL 3 9 -8,pc_scheduled_elapsed_ms,command_echo_no_encoder
2026-06-06_run02_circle_r40_off_r03,21150,-39.39231012048832,6.945927106677211,-263.27731514697575,3.0,9.0,-8.0,3.0,9.0,-8.0,True,circle_ccw_034,ALL 3 9 -8,pc_scheduled_elapsed_ms,command_echo_no_encoder
2026-06-06_run02_circle_r40_off_r03,21167,-39.84778792366982,3.4862297099063277,-263.27731514697575,2.0,9.0,-8.0,2.0,9.0,-8.0,True,circle_ccw_035,ALL 2 9 -8,pc_scheduled_elapsed_ms,command_echo_no_encoder
2026-06-06_run02_circle_r40_off_r03,21267,-39.84778792366982,3.4862297099063277,-263.27731514697575,2.0,9.0,-8.0,2.0,9.0,-8.0,True,circle_ccw_035,ALL 2 9 -8,pc_scheduled_elapsed_ms,command_echo_no_encoder
2026-06-06_run02_circle_r40_off_r03,21367,-39.84778792366982,3.4862297099063277,-263.27731514697575,2.0,9.0,-8.0,2.0,9.0,-8.0,True,circle_ccw_035,ALL 2 9 -8,pc_scheduled_elapsed_ms,command_echo_no_encoder
2026-06-06_run02_circle_r40_off_r03,21467,-39.84778792366982,3.4862297099063277,-263.27731514697575,2.0,9.0,-8.0,2.0,9.0,-8.0,True,circle_ccw_035,ALL 2 9 -8,pc_scheduled_elapsed_ms,command_echo_no_encoder
2026-06-06_run02_circle_r40_off_r03,21567,-39.84778792366982,3.4862297099063277,-263.27731514697575,2.0,9.0,-8.0,2.0,9.0,-8.0,True,circle_ccw_035,ALL 2 9 -8,pc_scheduled_elapsed_ms,command_echo_no_encoder
2026-06-06_run02_circle_r40_off_r03,21583,-40.0,0.0,-263.27731514697575,1.0,10.0,-7.0,1.0,10.0,-7.0,True,circle_ccw_036,ALL 1 10 -7,pc_scheduled_elapsed_ms,command_echo_no_encoder
2026-06-06_run02_circle_r40_off_r03,21683,-40.0,0.0,-263.27731514697575,1.0,10.0,-7.0,1.0,10.0,-7.0,True,circle_ccw_036,ALL 1 10 -7,pc_scheduled_elapsed_ms,command_echo_no_encoder
2026-06-06_run02_circle_r40_off_r03,21783,-40.0,0.0,-263.27731514697575,1.0,10.0,-7.0,1.0,10.0,-7.0,True,circle_ccw_036,ALL 1 10 -7,pc_scheduled_elapsed_ms,command_echo_no_encoder
2026-06-06_run02_circle_r40_off_r03,21883,-40.0,0.0,-263.27731514697575,1.0,10.0,-7.0,1.0,10.0,-7.0,True,circle_ccw_036,ALL 1 10 -7,pc_scheduled_elapsed_ms,command_echo_no_encoder
2026-06-06_run02_circle_r40_off_r03,21983,-40.0,0.0,-263.27731514697575,1.0,10.0,-7.0,1.0,10.0,-7.0,True,circle_ccw_036,ALL 1 10 -7,pc_scheduled_elapsed_ms,command_echo_no_encoder
2026-06-06_run02_circle_r40_off_r03,22000,-39.84778792366982,-3.4862297099063175,-263.27731514697575,1.0,10.0,-7.0,1.0,10.0,-7.0,True,circle_ccw_037,ALL 1 10 -7,pc_scheduled_elapsed_ms,command_echo_no_encoder
2026-06-06_run02_circle_r40_off_r03,22100,-39.84778792366982,-3.4862297099063175,-263.27731514697575,1.0,10.0,-7.0,1.0,10.0,-7.0,True,circle_ccw_037,ALL 1 10 -7,pc_scheduled_elapsed_ms,command_echo_no_encoder
2026-06-06_run02_circle_r40_off_r03,22200,-39.84778792366982,-3.4862297099063175,-263.27731514697575,1.0,10.0,-7.0,1.0,10.0,-7.0,True,circle_ccw_037,ALL 1 10 -7,pc_scheduled_elapsed_ms,command_echo_no_encoder
2026-06-06_run02_circle_r40_off_r03,22300,-39.84778792366982,-3.4862297099063175,-263.27731514697575,1.0,10.0,-7.0,1.0,10.0,-7.0,True,circle_ccw_037,ALL 1 10 -7,pc_scheduled_elapsed_ms,command_echo_no_encoder
2026-06-06_run02_circle_r40_off_r03,22400,-39.84778792366982,-3.4862297099063175,-263.27731514697575,1.0,10.0,-7.0,1.0,10.0,-7.0,True,circle_ccw_037,ALL 1 10 -7,pc_scheduled_elapsed_ms,command_echo_no_encoder
2026-06-06_run02_circle_r40_off_r03,22417,-39.392310120488325,-6.9459271066772015,-263.27731514697575,0.0,11.0,-6.0,0.0,11.0,-6.0,True,circle_ccw_038,ALL 0 11 -6,pc_scheduled_elapsed_ms,command_echo_no_encoder
2026-06-06_run02_circle_r40_off_r03,22517,-39.392310120488325,-6.9459271066772015,-263.27731514697575,0.0,11.0,-6.0,0.0,11.0,-6.0,True,circle_ccw_038,ALL 0 11 -6,pc_scheduled_elapsed_ms,command_echo_no_encoder
2026-06-06_run02_circle_r40_off_r03,22617,-39.392310120488325,-6.9459271066772015,-263.27731514697575,0.0,11.0,-6.0,0.0,11.0,-6.0,True,circle_ccw_038,ALL 0 11 -6,pc_scheduled_elapsed_ms,command_echo_no_encoder
2026-06-06_run02_circle_r40_off_r03,22717,-39.392310120488325,-6.9459271066772015,-263.27731514697575,0.0,11.0,-6.0,0.0,11.0,-6.0,True,circle_ccw_038,ALL 0 11 -6,pc_scheduled_elapsed_ms,command_echo_no_encoder
2026-06-06_run02_circle_r40_off_r03,22817,-39.392310120488325,-6.9459271066772015,-263.27731514697575,0.0,11.0,-6.0,0.0,11.0,-6.0,True,circle_ccw_038,ALL 0 11 -6,pc_scheduled_elapsed_ms,command_echo_no_encoder
2026-06-06_run02_circle_r40_off_r03,22833,-38.63703305156274,-10.352761804100814,-263.27731514697575,-1.0,11.0,-6.0,-1.0,11.0,-6.0,True,circle_ccw_039,ALL -1 11 -6,pc_scheduled_elapsed_ms,command_echo_no_encoder
2026-06-06_run02_circle_r40_off_r03,22933,-38.63703305156274,-10.352761804100814,-263.27731514697575,-1.0,11.0,-6.0,-1.0,11.0,-6.0,True,circle_ccw_039,ALL -1 11 -6,pc_scheduled_elapsed_ms,command_echo_no_encoder
2026-06-06_run02_circle_r40_off_r03,23033,-38.63703305156274,-10.352761804100814,-263.27731514697575,-1.0,11.0,-6.0,-1.0,11.0,-6.0,True,circle_ccw_039,ALL -1 11 -6,pc_scheduled_elapsed_ms,command_echo_no_encoder
2026-06-06_run02_circle_r40_off_r03,23133,-38.63703305156274,-10.352761804100814,-263.27731514697575,-1.0,11.0,-6.0,-1.0,11.0,-6.0,True,circle_ccw_039,ALL -1 11 -6,pc_scheduled_elapsed_ms,command_echo_no_encoder
2026-06-06_run02_circle_r40_off_r03,23233,-38.63703305156274,-10.352761804100814,-263.27731514697575,-1.0,11.0,-6.0,-1.0,11.0,-6.0,True,circle_ccw_039,ALL -1 11 -6,pc_scheduled_elapsed_ms,command_echo_no_encoder
2026-06-06_run02_circle_r40_off_r03,23250,-37.58770483143634,-13.680805733026746,-263.27731514697575,-2.0,11.0,-5.0,-2.0,11.0,-5.0,True,circle_ccw_040,ALL -2 11 -5,pc_scheduled_elapsed_ms,command_echo_no_encoder
2026-06-06_run02_circle_r40_off_r03,23350,-37.58770483143634,-13.680805733026746,-263.27731514697575,-2.0,11.0,-5.0,-2.0,11.0,-5.0,True,circle_ccw_040,ALL -2 11 -5,pc_scheduled_elapsed_ms,command_echo_no_encoder
2026-06-06_run02_circle_r40_off_r03,23450,-37.58770483143634,-13.680805733026746,-263.27731514697575,-2.0,11.0,-5.0,-2.0,11.0,-5.0,True,circle_ccw_040,ALL -2 11 -5,pc_scheduled_elapsed_ms,command_echo_no_encoder
2026-06-06_run02_circle_r40_off_r03,23550,-37.58770483143634,-13.680805733026746,-263.27731514697575,-2.0,11.0,-5.0,-2.0,11.0,-5.0,True,circle_ccw_040,ALL -2 11 -5,pc_scheduled_elapsed_ms,command_echo_no_encoder
2026-06-06_run02_circle_r40_off_r03,23650,-37.58770483143634,-13.680805733026746,-263.27731514697575,-2.0,11.0,-5.0,-2.0,11.0,-5.0,True,circle_ccw_040,ALL -2 11 -5,pc_scheduled_elapsed_ms,command_echo_no_encoder
2026-06-06_run02_circle_r40_off_r03,23667,-36.25231148146601,-16.904730469627957,-263.27731514697575,-3.0,11.0,-4.0,-3.0,11.0,-4.0,True,circle_ccw_041,ALL -3 11 -4,pc_scheduled_elapsed_ms,command_echo_no_encoder
2026-06-06_run02_circle_r40_off_r03,23767,-36.25231148146601,-16.904730469627957,-263.27731514697575,-3.0,11.0,-4.0,-3.0,11.0,-4.0,True,circle_ccw_041,ALL -3 11 -4,pc_scheduled_elapsed_ms,command_echo_no_encoder
2026-06-06_run02_circle_r40_off_r03,23867,-36.25231148146601,-16.904730469627957,-263.27731514697575,-3.0,11.0,-4.0,-3.0,11.0,-4.0,True,circle_ccw_041,ALL -3 11 -4,pc_scheduled_elapsed_ms,command_echo_no_encoder
2026-06-06_run02_circle_r40_off_r03,23967,-36.25231148146601,-16.904730469627957,-263.27731514697575,-3.0,11.0,-4.0,-3.0,11.0,-4.0,True,circle_ccw_041,ALL -3 11 -4,pc_scheduled_elapsed_ms,command_echo_no_encoder
2026-06-06_run02_circle_r40_off_r03,24067,-36.25231148146601,-16.904730469627957,-263.27731514697575,-3.0,11.0,-4.0,-3.0,11.0,-4.0,True,circle_ccw_041,ALL -3 11 -4,pc_scheduled_elapsed_ms,command_echo_no_encoder
2026-06-06_run02_circle_r40_off_r03,24083,-34.64101615137754,-20.000000000000004,-263.27731514697575,-4.0,11.0,-4.0,-4.0,11.0,-4.0,True,circle_ccw_042,ALL -4 11 -4,pc_scheduled_elapsed_ms,command_echo_no_encoder
2026-06-06_run02_circle_r40_off_r03,24183,-34.64101615137754,-20.000000000000004,-263.27731514697575,-4.0,11.0,-4.0,-4.0,11.0,-4.0,True,circle_ccw_042,ALL -4 11 -4,pc_scheduled_elapsed_ms,command_echo_no_encoder
2026-06-06_run02_circle_r40_off_r03,24283,-34.64101615137754,-20.000000000000004,-263.27731514697575,-4.0,11.0,-4.0,-4.0,11.0,-4.0,True,circle_ccw_042,ALL -4 11 -4,pc_scheduled_elapsed_ms,command_echo_no_encoder
2026-06-06_run02_circle_r40_off_r03,24383,-34.64101615137754,-20.000000000000004,-263.27731514697575,-4.0,11.0,-4.0,-4.0,11.0,-4.0,True,circle_ccw_042,ALL -4 11 -4,pc_scheduled_elapsed_ms,command_echo_no_encoder
2026-06-06_run02_circle_r40_off_r03,24483,-34.64101615137754,-20.000000000000004,-263.27731514697575,-4.0,11.0,-4.0,-4.0,11.0,-4.0,True,circle_ccw_042,ALL -4 11 -4,pc_scheduled_elapsed_ms,command_echo_no_encoder
2026-06-06_run02_circle_r40_off_r03,24500,-32.76608177155968,-22.943057454041835,-263.27731514697575,-4.0,11.0,-3.0,-4.0,11.0,-3.0,True,circle_ccw_043,ALL -4 11 -3,pc_scheduled_elapsed_ms,command_echo_no_encoder
2026-06-06_run02_circle_r40_off_r03,24600,-32.76608177155968,-22.943057454041835,-263.27731514697575,-4.0,11.0,-3.0,-4.0,11.0,-3.0,True,circle_ccw_043,ALL -4 11 -3,pc_scheduled_elapsed_ms,command_echo_no_encoder
2026-06-06_run02_circle_r40_off_r03,24700,-32.76608177155968,-22.943057454041835,-263.27731514697575,-4.0,11.0,-3.0,-4.0,11.0,-3.0,True,circle_ccw_043,ALL -4 11 -3,pc_scheduled_elapsed_ms,command_echo_no_encoder
2026-06-06_run02_circle_r40_off_r03,24800,-32.76608177155968,-22.943057454041835,-263.27731514697575,-4.0,11.0,-3.0,-4.0,11.0,-3.0,True,circle_ccw_043,ALL -4 11 -3,pc_scheduled_elapsed_ms,command_echo_no_encoder
2026-06-06_run02_circle_r40_off_r03,24900,-32.76608177155968,-22.943057454041835,-263.27731514697575,-4.0,11.0,-3.0,-4.0,11.0,-3.0,True,circle_ccw_043,ALL -4 11 -3,pc_scheduled_elapsed_ms,command_echo_no_encoder
2026-06-06_run02_circle_r40_off_r03,24917,-30.641777724759134,-25.711504387461556,-263.27731514697575,-5.0,11.0,-2.0,-5.0,11.0,-2.0,True,circle_ccw_044,ALL -5 11 -2,pc_scheduled_elapsed_ms,command_echo_no_encoder
2026-06-06_run02_circle_r40_off_r03,25017,-30.641777724759134,-25.711504387461556,-263.27731514697575,-5.0,11.0,-2.0,-5.0,11.0,-2.0,True,circle_ccw_044,ALL -5 11 -2,pc_scheduled_elapsed_ms,command_echo_no_encoder
2026-06-06_run02_circle_r40_off_r03,25117,-30.641777724759134,-25.711504387461556,-263.27731514697575,-5.0,11.0,-2.0,-5.0,11.0,-2.0,True,circle_ccw_044,ALL -5 11 -2,pc_scheduled_elapsed_ms,command_echo_no_encoder
2026-06-06_run02_circle_r40_off_r03,25217,-30.641777724759134,-25.711504387461556,-263.27731514697575,-5.0,11.0,-2.0,-5.0,11.0,-2.0,True,circle_ccw_044,ALL -5 11 -2,pc_scheduled_elapsed_ms,command_echo_no_encoder
2026-06-06_run02_circle_r40_off_r03,25317,-30.641777724759134,-25.711504387461556,-263.27731514697575,-5.0,11.0,-2.0,-5.0,11.0,-2.0,True,circle_ccw_044,ALL -5 11 -2,pc_scheduled_elapsed_ms,command_echo_no_encoder
2026-06-06_run02_circle_r40_off_r03,25333,-28.28427124746191,-28.2842712474619,-263.27731514697575,-6.0,11.0,-1.0,-6.0,11.0,-1.0,True,circle_ccw_045,ALL -6 11 -1,pc_scheduled_elapsed_ms,command_echo_no_encoder
2026-06-06_run02_circle_r40_off_r03,25433,-28.28427124746191,-28.2842712474619,-263.27731514697575,-6.0,11.0,-1.0,-6.0,11.0,-1.0,True,circle_ccw_045,ALL -6 11 -1,pc_scheduled_elapsed_ms,command_echo_no_encoder
2026-06-06_run02_circle_r40_off_r03,25533,-28.28427124746191,-28.2842712474619,-263.27731514697575,-6.0,11.0,-1.0,-6.0,11.0,-1.0,True,circle_ccw_045,ALL -6 11 -1,pc_scheduled_elapsed_ms,command_echo_no_encoder
2026-06-06_run02_circle_r40_off_r03,25633,-28.28427124746191,-28.2842712474619,-263.27731514697575,-6.0,11.0,-1.0,-6.0,11.0,-1.0,True,circle_ccw_045,ALL -6 11 -1,pc_scheduled_elapsed_ms,command_echo_no_encoder
2026-06-06_run02_circle_r40_off_r03,25733,-28.28427124746191,-28.2842712474619,-263.27731514697575,-6.0,11.0,-1.0,-6.0,11.0,-1.0,True,circle_ccw_045,ALL -6 11 -1,pc_scheduled_elapsed_ms,command_echo_no_encoder
2026-06-06_run02_circle_r40_off_r03,25750,-25.71150438746158,-30.641777724759116,-263.27731514697575,-6.0,11.0,0.0,-6.0,11.0,0.0,True,circle_ccw_046,ALL -6 11 0,pc_scheduled_elapsed_ms,command_echo_no_encoder
2026-06-06_run02_circle_r40_off_r03,25850,-25.71150438746158,-30.641777724759116,-263.27731514697575,-6.0,11.0,0.0,-6.0,11.0,0.0,True,circle_ccw_046,ALL -6 11 0,pc_scheduled_elapsed_ms,command_echo_no_encoder
2026-06-06_run02_circle_r40_off_r03,25950,-25.71150438746158,-30.641777724759116,-263.27731514697575,-6.0,11.0,0.0,-6.0,11.0,0.0,True,circle_ccw_046,ALL -6 11 0,pc_scheduled_elapsed_ms,command_echo_no_encoder
2026-06-06_run02_circle_r40_off_r03,26050,-25.71150438746158,-30.641777724759116,-263.27731514697575,-6.0,11.0,0.0,-6.0,11.0,0.0,True,circle_ccw_046,ALL -6 11 0,pc_scheduled_elapsed_ms,command_echo_no_encoder
2026-06-06_run02_circle_r40_off_r03,26150,-25.71150438746158,-30.641777724759116,-263.27731514697575,-6.0,11.0,0.0,-6.0,11.0,0.0,True,circle_ccw_046,ALL -6 11 0,pc_scheduled_elapsed_ms,command_echo_no_encoder
2026-06-06_run02_circle_r40_off_r03,26167,-22.943057454041824,-32.76608177155968,-263.27731514697575,-7.0,10.0,1.0,-7.0,10.0,1.0,True,circle_ccw_047,ALL -7 10 1,pc_scheduled_elapsed_ms,command_echo_no_encoder
2026-06-06_run02_circle_r40_off_r03,26267,-22.943057454041824,-32.76608177155968,-263.27731514697575,-7.0,10.0,1.0,-7.0,10.0,1.0,True,circle_ccw_047,ALL -7 10 1,pc_scheduled_elapsed_ms,command_echo_no_encoder
2026-06-06_run02_circle_r40_off_r03,26367,-22.943057454041824,-32.76608177155968,-263.27731514697575,-7.0,10.0,1.0,-7.0,10.0,1.0,True,circle_ccw_047,ALL -7 10 1,pc_scheduled_elapsed_ms,command_echo_no_encoder
2026-06-06_run02_circle_r40_off_r03,26467,-22.943057454041824,-32.76608177155968,-263.27731514697575,-7.0,10.0,1.0,-7.0,10.0,1.0,True,circle_ccw_047,ALL -7 10 1,pc_scheduled_elapsed_ms,command_echo_no_encoder
2026-06-06_run02_circle_r40_off_r03,26567,-22.943057454041824,-32.76608177155968,-263.27731514697575,-7.0,10.0,1.0,-7.0,10.0,1.0,True,circle_ccw_047,ALL -7 10 1,pc_scheduled_elapsed_ms,command_echo_no_encoder
2026-06-06_run02_circle_r40_off_r03,26583,-20.000000000000018,-34.64101615137754,-263.27731514697575,-7.0,10.0,1.0,-7.0,10.0,1.0,True,circle_ccw_048,ALL -7 10 1,pc_scheduled_elapsed_ms,command_echo_no_encoder
2026-06-06_run02_circle_r40_off_r03,26683,-20.000000000000018,-34.64101615137754,-263.27731514697575,-7.0,10.0,1.0,-7.0,10.0,1.0,True,circle_ccw_048,ALL -7 10 1,pc_scheduled_elapsed_ms,command_echo_no_encoder
2026-06-06_run02_circle_r40_off_r03,26783,-20.000000000000018,-34.64101615137754,-263.27731514697575,-7.0,10.0,1.0,-7.0,10.0,1.0,True,circle_ccw_048,ALL -7 10 1,pc_scheduled_elapsed_ms,command_echo_no_encoder
2026-06-06_run02_circle_r40_off_r03,26883,-20.000000000000018,-34.64101615137754,-263.27731514697575,-7.0,10.0,1.0,-7.0,10.0,1.0,True,circle_ccw_048,ALL -7 10 1,pc_scheduled_elapsed_ms,command_echo_no_encoder
2026-06-06_run02_circle_r40_off_r03,26983,-20.000000000000018,-34.64101615137754,-263.27731514697575,-7.0,10.0,1.0,-7.0,10.0,1.0,True,circle_ccw_048,ALL -7 10 1,pc_scheduled_elapsed_ms,command_echo_no_encoder
2026-06-06_run02_circle_r40_off_r03,27000,-16.904730469628,-36.25231148146599,-263.27731514697575,-8.0,9.0,2.0,-8.0,9.0,2.0,True,circle_ccw_049,ALL -8 9 2,pc_scheduled_elapsed_ms,command_echo_no_encoder
2026-06-06_run02_circle_r40_off_r03,27100,-16.904730469628,-36.25231148146599,-263.27731514697575,-8.0,9.0,2.0,-8.0,9.0,2.0,True,circle_ccw_049,ALL -8 9 2,pc_scheduled_elapsed_ms,command_echo_no_encoder
2026-06-06_run02_circle_r40_off_r03,27200,-16.904730469628,-36.25231148146599,-263.27731514697575,-8.0,9.0,2.0,-8.0,9.0,2.0,True,circle_ccw_049,ALL -8 9 2,pc_scheduled_elapsed_ms,command_echo_no_encoder
2026-06-06_run02_circle_r40_off_r03,27300,-16.904730469628,-36.25231148146599,-263.27731514697575,-8.0,9.0,2.0,-8.0,9.0,2.0,True,circle_ccw_049,ALL -8 9 2,pc_scheduled_elapsed_ms,command_echo_no_encoder
2026-06-06_run02_circle_r40_off_r03,27400,-16.904730469628,-36.25231148146599,-263.27731514697575,-8.0,9.0,2.0,-8.0,9.0,2.0,True,circle_ccw_049,ALL -8 9 2,pc_scheduled_elapsed_ms,command_echo_no_encoder
2026-06-06_run02_circle_r40_off_r03,27417,-13.680805733026741,-37.58770483143634,-263.27731514697575,-8.0,9.0,3.0,-8.0,9.0,3.0,True,circle_ccw_050,ALL -8 9 3,pc_scheduled_elapsed_ms,command_echo_no_encoder
2026-06-06_run02_circle_r40_off_r03,27517,-13.680805733026741,-37.58770483143634,-263.27731514697575,-8.0,9.0,3.0,-8.0,9.0,3.0,True,circle_ccw_050,ALL -8 9 3,pc_scheduled_elapsed_ms,command_echo_no_encoder
2026-06-06_run02_circle_r40_off_r03,27617,-13.680805733026741,-37.58770483143634,-263.27731514697575,-8.0,9.0,3.0,-8.0,9.0,3.0,True,circle_ccw_050,ALL -8 9 3,pc_scheduled_elapsed_ms,command_echo_no_encoder
2026-06-06_run02_circle_r40_off_r03,27717,-13.680805733026741,-37.58770483143634,-263.27731514697575,-8.0,9.0,3.0,-8.0,9.0,3.0,True,circle_ccw_050,ALL -8 9 3,pc_scheduled_elapsed_ms,command_echo_no_encoder
2026-06-06_run02_circle_r40_off_r03,27817,-13.680805733026741,-37.58770483143634,-263.27731514697575,-8.0,9.0,3.0,-8.0,9.0,3.0,True,circle_ccw_050,ALL -8 9 3,pc_scheduled_elapsed_ms,command_echo_no_encoder
2026-06-06_run02_circle_r40_off_r03,27833,-10.352761804100826,-38.63703305156273,-263.27731514697575,-8.0,8.0,4.0,-8.0,8.0,4.0,True,circle_ccw_051,ALL -8 8 4,pc_scheduled_elapsed_ms,command_echo_no_encoder
2026-06-06_run02_circle_r40_off_r03,27933,-10.352761804100826,-38.63703305156273,-263.27731514697575,-8.0,8.0,4.0,-8.0,8.0,4.0,True,circle_ccw_051,ALL -8 8 4,pc_scheduled_elapsed_ms,command_echo_no_encoder
2026-06-06_run02_circle_r40_off_r03,28033,-10.352761804100826,-38.63703305156273,-263.27731514697575,-8.0,8.0,4.0,-8.0,8.0,4.0,True,circle_ccw_051,ALL -8 8 4,pc_scheduled_elapsed_ms,command_echo_no_encoder
2026-06-06_run02_circle_r40_off_r03,28133,-10.352761804100826,-38.63703305156273,-263.27731514697575,-8.0,8.0,4.0,-8.0,8.0,4.0,True,circle_ccw_051,ALL -8 8 4,pc_scheduled_elapsed_ms,command_echo_no_encoder
2026-06-06_run02_circle_r40_off_r03,28233,-10.352761804100826,-38.63703305156273,-263.27731514697575,-8.0,8.0,4.0,-8.0,8.0,4.0,True,circle_ccw_051,ALL -8 8 4,pc_scheduled_elapsed_ms,command_echo_no_encoder
2026-06-06_run02_circle_r40_off_r03,28250,-6.945927106677213,-39.39231012048832,-263.27731514697575,-8.0,8.0,5.0,-8.0,8.0,5.0,True,circle_ccw_052,ALL -8 8 5,pc_scheduled_elapsed_ms,command_echo_no_encoder
2026-06-06_run02_circle_r40_off_r03,28350,-6.945927106677213,-39.39231012048832,-263.27731514697575,-8.0,8.0,5.0,-8.0,8.0,5.0,True,circle_ccw_052,ALL -8 8 5,pc_scheduled_elapsed_ms,command_echo_no_encoder
2026-06-06_run02_circle_r40_off_r03,28450,-6.945927106677213,-39.39231012048832,-263.27731514697575,-8.0,8.0,5.0,-8.0,8.0,5.0,True,circle_ccw_052,ALL -8 8 5,pc_scheduled_elapsed_ms,command_echo_no_encoder
2026-06-06_run02_circle_r40_off_r03,28550,-6.945927106677213,-39.39231012048832,-263.27731514697575,-8.0,8.0,5.0,-8.0,8.0,5.0,True,circle_ccw_052,ALL -8 8 5,pc_scheduled_elapsed_ms,command_echo_no_encoder
2026-06-06_run02_circle_r40_off_r03,28650,-6.945927106677213,-39.39231012048832,-263.27731514697575,-8.0,8.0,5.0,-8.0,8.0,5.0,True,circle_ccw_052,ALL -8 8 5,pc_scheduled_elapsed_ms,command_echo_no_encoder
2026-06-06_run02_circle_r40_off_r03,28667,-3.48622970990633,-39.84778792366982,-263.27731514697575,-9.0,7.0,6.0,-9.0,7.0,6.0,True,circle_ccw_053,ALL -9 7 6,pc_scheduled_elapsed_ms,command_echo_no_encoder
2026-06-06_run02_circle_r40_off_r03,28767,-3.48622970990633,-39.84778792366982,-263.27731514697575,-9.0,7.0,6.0,-9.0,7.0,6.0,True,circle_ccw_053,ALL -9 7 6,pc_scheduled_elapsed_ms,command_echo_no_encoder
2026-06-06_run02_circle_r40_off_r03,28867,-3.48622970990633,-39.84778792366982,-263.27731514697575,-9.0,7.0,6.0,-9.0,7.0,6.0,True,circle_ccw_053,ALL -9 7 6,pc_scheduled_elapsed_ms,command_echo_no_encoder
2026-06-06_run02_circle_r40_off_r03,28967,-3.48622970990633,-39.84778792366982,-263.27731514697575,-9.0,7.0,6.0,-9.0,7.0,6.0,True,circle_ccw_053,ALL -9 7 6,pc_scheduled_elapsed_ms,command_echo_no_encoder
2026-06-06_run02_circle_r40_off_r03,29067,-3.48622970990633,-39.84778792366982,-263.27731514697575,-9.0,7.0,6.0,-9.0,7.0,6.0,True,circle_ccw_053,ALL -9 7 6,pc_scheduled_elapsed_ms,command_echo_no_encoder
2026-06-06_run02_circle_r40_off_r03,29083,0.0,-40.0,-263.27731514697575,-9.0,6.0,6.0,-9.0,6.0,6.0,True,circle_ccw_054,ALL -9 6 6,pc_scheduled_elapsed_ms,command_echo_no_encoder
2026-06-06_run02_circle_r40_off_r03,29183,0.0,-40.0,-263.27731514697575,-9.0,6.0,6.0,-9.0,6.0,6.0,True,circle_ccw_054,ALL -9 6 6,pc_scheduled_elapsed_ms,command_echo_no_encoder
2026-06-06_run02_circle_r40_off_r03,29283,0.0,-40.0,-263.27731514697575,-9.0,6.0,6.0,-9.0,6.0,6.0,True,circle_ccw_054,ALL -9 6 6,pc_scheduled_elapsed_ms,command_echo_no_encoder
2026-06-06_run02_circle_r40_off_r03,29383,0.0,-40.0,-263.27731514697575,-9.0,6.0,6.0,-9.0,6.0,6.0,True,circle_ccw_054,ALL -9 6 6,pc_scheduled_elapsed_ms,command_echo_no_encoder
2026-06-06_run02_circle_r40_off_r03,29483,0.0,-40.0,-263.27731514697575,-9.0,6.0,6.0,-9.0,6.0,6.0,True,circle_ccw_054,ALL -9 6 6,pc_scheduled_elapsed_ms,command_echo_no_encoder
2026-06-06_run02_circle_r40_off_r03,29500,3.4862297099063158,-39.84778792366982,-263.27731514697575,-9.0,6.0,7.0,-9.0,6.0,7.0,True,circle_ccw_055,ALL -9 6 7,pc_scheduled_elapsed_ms,command_echo_no_encoder
2026-06-06_run02_circle_r40_off_r03,29600,3.4862297099063158,-39.84778792366982,-263.27731514697575,-9.0,6.0,7.0,-9.0,6.0,7.0,True,circle_ccw_055,ALL -9 6 7,pc_scheduled_elapsed_ms,command_echo_no_encoder
2026-06-06_run02_circle_r40_off_r03,29700,3.4862297099063158,-39.84778792366982,-263.27731514697575,-9.0,6.0,7.0,-9.0,6.0,7.0,True,circle_ccw_055,ALL -9 6 7,pc_scheduled_elapsed_ms,command_echo_no_encoder
2026-06-06_run02_circle_r40_off_r03,29800,3.4862297099063158,-39.84778792366982,-263.27731514697575,-9.0,6.0,7.0,-9.0,6.0,7.0,True,circle_ccw_055,ALL -9 6 7,pc_scheduled_elapsed_ms,command_echo_no_encoder
2026-06-06_run02_circle_r40_off_r03,29900,3.4862297099063158,-39.84778792366982,-263.27731514697575,-9.0,6.0,7.0,-9.0,6.0,7.0,True,circle_ccw_055,ALL -9 6 7,pc_scheduled_elapsed_ms,command_echo_no_encoder
2026-06-06_run02_circle_r40_off_r03,29917,6.945927106677199,-39.392310120488325,-263.27731514697575,-8.0,5.0,8.0,-8.0,5.0,8.0,True,circle_ccw_056,ALL -8 5 8,pc_scheduled_elapsed_ms,command_echo_no_encoder
2026-06-06_run02_circle_r40_off_r03,30017,6.945927106677199,-39.392310120488325,-263.27731514697575,-8.0,5.0,8.0,-8.0,5.0,8.0,True,circle_ccw_056,ALL -8 5 8,pc_scheduled_elapsed_ms,command_echo_no_encoder
2026-06-06_run02_circle_r40_off_r03,30117,6.945927106677199,-39.392310120488325,-263.27731514697575,-8.0,5.0,8.0,-8.0,5.0,8.0,True,circle_ccw_056,ALL -8 5 8,pc_scheduled_elapsed_ms,command_echo_no_encoder
2026-06-06_run02_circle_r40_off_r03,30217,6.945927106677199,-39.392310120488325,-263.27731514697575,-8.0,5.0,8.0,-8.0,5.0,8.0,True,circle_ccw_056,ALL -8 5 8,pc_scheduled_elapsed_ms,command_echo_no_encoder
2026-06-06_run02_circle_r40_off_r03,30317,6.945927106677199,-39.392310120488325,-263.27731514697575,-8.0,5.0,8.0,-8.0,5.0,8.0,True,circle_ccw_056,ALL -8 5 8,pc_scheduled_elapsed_ms,command_echo_no_encoder
2026-06-06_run02_circle_r40_off_r03,30333,10.352761804100812,-38.63703305156274,-263.27731514697575,-8.0,4.0,8.0,-8.0,4.0,8.0,True,circle_ccw_057,ALL -8 4 8,pc_scheduled_elapsed_ms,command_echo_no_encoder
2026-06-06_run02_circle_r40_off_r03,30433,10.352761804100812,-38.63703305156274,-263.27731514697575,-8.0,4.0,8.0,-8.0,4.0,8.0,True,circle_ccw_057,ALL -8 4 8,pc_scheduled_elapsed_ms,command_echo_no_encoder
2026-06-06_run02_circle_r40_off_r03,30533,10.352761804100812,-38.63703305156274,-263.27731514697575,-8.0,4.0,8.0,-8.0,4.0,8.0,True,circle_ccw_057,ALL -8 4 8,pc_scheduled_elapsed_ms,command_echo_no_encoder
2026-06-06_run02_circle_r40_off_r03,30633,10.352761804100812,-38.63703305156274,-263.27731514697575,-8.0,4.0,8.0,-8.0,4.0,8.0,True,circle_ccw_057,ALL -8 4 8,pc_scheduled_elapsed_ms,command_echo_no_encoder
2026-06-06_run02_circle_r40_off_r03,30733,10.352761804100812,-38.63703305156274,-263.27731514697575,-8.0,4.0,8.0,-8.0,4.0,8.0,True,circle_ccw_057,ALL -8 4 8,pc_scheduled_elapsed_ms,command_echo_no_encoder
2026-06-06_run02_circle_r40_off_r03,30750,13.680805733026759,-37.587704831436334,-263.27731514697575,-8.0,3.0,9.0,-8.0,3.0,9.0,True,circle_ccw_058,ALL -8 3 9,pc_scheduled_elapsed_ms,command_echo_no_encoder
2026-06-06_run02_circle_r40_off_r03,30850,13.680805733026759,-37.587704831436334,-263.27731514697575,-8.0,3.0,9.0,-8.0,3.0,9.0,True,circle_ccw_058,ALL -8 3 9,pc_scheduled_elapsed_ms,command_echo_no_encoder
2026-06-06_run02_circle_r40_off_r03,30950,13.680805733026759,-37.587704831436334,-263.27731514697575,-8.0,3.0,9.0,-8.0,3.0,9.0,True,circle_ccw_058,ALL -8 3 9,pc_scheduled_elapsed_ms,command_echo_no_encoder
2026-06-06_run02_circle_r40_off_r03,31050,13.680805733026759,-37.587704831436334,-263.27731514697575,-8.0,3.0,9.0,-8.0,3.0,9.0,True,circle_ccw_058,ALL -8 3 9,pc_scheduled_elapsed_ms,command_echo_no_encoder
2026-06-06_run02_circle_r40_off_r03,31150,13.680805733026759,-37.587704831436334,-263.27731514697575,-8.0,3.0,9.0,-8.0,3.0,9.0,True,circle_ccw_058,ALL -8 3 9,pc_scheduled_elapsed_ms,command_echo_no_encoder
2026-06-06_run02_circle_r40_off_r03,31167,16.904730469627953,-36.25231148146601,-263.27731514697575,-8.0,2.0,9.0,-8.0,2.0,9.0,True,circle_ccw_059,ALL -8 2 9,pc_scheduled_elapsed_ms,command_echo_no_encoder
2026-06-06_run02_circle_r40_off_r03,31267,16.904730469627953,-36.25231148146601,-263.27731514697575,-8.0,2.0,9.0,-8.0,2.0,9.0,True,circle_ccw_059,ALL -8 2 9,pc_scheduled_elapsed_ms,command_echo_no_encoder
2026-06-06_run02_circle_r40_off_r03,31367,16.904730469627953,-36.25231148146601,-263.27731514697575,-8.0,2.0,9.0,-8.0,2.0,9.0,True,circle_ccw_059,ALL -8 2 9,pc_scheduled_elapsed_ms,command_echo_no_encoder
2026-06-06_run02_circle_r40_off_r03,31467,16.904730469627953,-36.25231148146601,-263.27731514697575,-8.0,2.0,9.0,-8.0,2.0,9.0,True,circle_ccw_059,ALL -8 2 9,pc_scheduled_elapsed_ms,command_echo_no_encoder
2026-06-06_run02_circle_r40_off_r03,31567,16.904730469627953,-36.25231148146601,-263.27731514697575,-8.0,2.0,9.0,-8.0,2.0,9.0,True,circle_ccw_059,ALL -8 2 9,pc_scheduled_elapsed_ms,command_echo_no_encoder
2026-06-06_run02_circle_r40_off_r03,31583,19.99999999999997,-34.64101615137756,-263.27731514697575,-7.0,1.0,10.0,-7.0,1.0,10.0,True,circle_ccw_060,ALL -7 1 10,pc_scheduled_elapsed_ms,command_echo_no_encoder
2026-06-06_run02_circle_r40_off_r03,31683,19.99999999999997,-34.64101615137756,-263.27731514697575,-7.0,1.0,10.0,-7.0,1.0,10.0,True,circle_ccw_060,ALL -7 1 10,pc_scheduled_elapsed_ms,command_echo_no_encoder
2026-06-06_run02_circle_r40_off_r03,31783,19.99999999999997,-34.64101615137756,-263.27731514697575,-7.0,1.0,10.0,-7.0,1.0,10.0,True,circle_ccw_060,ALL -7 1 10,pc_scheduled_elapsed_ms,command_echo_no_encoder
2026-06-06_run02_circle_r40_off_r03,31883,19.99999999999997,-34.64101615137756,-263.27731514697575,-7.0,1.0,10.0,-7.0,1.0,10.0,True,circle_ccw_060,ALL -7 1 10,pc_scheduled_elapsed_ms,command_echo_no_encoder
2026-06-06_run02_circle_r40_off_r03,31983,19.99999999999997,-34.64101615137756,-263.27731514697575,-7.0,1.0,10.0,-7.0,1.0,10.0,True,circle_ccw_060,ALL -7 1 10,pc_scheduled_elapsed_ms,command_echo_no_encoder
2026-06-06_run02_circle_r40_off_r03,32000,22.943057454041842,-32.76608177155967,-263.27731514697575,-7.0,1.0,10.0,-7.0,1.0,10.0,True,circle_ccw_061,ALL -7 1 10,pc_scheduled_elapsed_ms,command_echo_no_encoder
2026-06-06_run02_circle_r40_off_r03,32100,22.943057454041842,-32.76608177155967,-263.27731514697575,-7.0,1.0,10.0,-7.0,1.0,10.0,True,circle_ccw_061,ALL -7 1 10,pc_scheduled_elapsed_ms,command_echo_no_encoder
2026-06-06_run02_circle_r40_off_r03,32200,22.943057454041842,-32.76608177155967,-263.27731514697575,-7.0,1.0,10.0,-7.0,1.0,10.0,True,circle_ccw_061,ALL -7 1 10,pc_scheduled_elapsed_ms,command_echo_no_encoder
2026-06-06_run02_circle_r40_off_r03,32300,22.943057454041842,-32.76608177155967,-263.27731514697575,-7.0,1.0,10.0,-7.0,1.0,10.0,True,circle_ccw_061,ALL -7 1 10,pc_scheduled_elapsed_ms,command_echo_no_encoder
2026-06-06_run02_circle_r40_off_r03,32400,22.943057454041842,-32.76608177155967,-263.27731514697575,-7.0,1.0,10.0,-7.0,1.0,10.0,True,circle_ccw_061,ALL -7 1 10,pc_scheduled_elapsed_ms,command_echo_no_encoder
2026-06-06_run02_circle_r40_off_r03,32417,25.71150438746157,-30.641777724759123,-263.27731514697575,-6.0,0.0,11.0,-6.0,0.0,11.0,True,circle_ccw_062,ALL -6 0 11,pc_scheduled_elapsed_ms,command_echo_no_encoder
2026-06-06_run02_circle_r40_off_r03,32517,25.71150438746157,-30.641777724759123,-263.27731514697575,-6.0,0.0,11.0,-6.0,0.0,11.0,True,circle_ccw_062,ALL -6 0 11,pc_scheduled_elapsed_ms,command_echo_no_encoder
2026-06-06_run02_circle_r40_off_r03,32617,25.71150438746157,-30.641777724759123,-263.27731514697575,-6.0,0.0,11.0,-6.0,0.0,11.0,True,circle_ccw_062,ALL -6 0 11,pc_scheduled_elapsed_ms,command_echo_no_encoder
2026-06-06_run02_circle_r40_off_r03,32717,25.71150438746157,-30.641777724759123,-263.27731514697575,-6.0,0.0,11.0,-6.0,0.0,11.0,True,circle_ccw_062,ALL -6 0 11,pc_scheduled_elapsed_ms,command_echo_no_encoder
2026-06-06_run02_circle_r40_off_r03,32817,25.71150438746157,-30.641777724759123,-263.27731514697575,-6.0,0.0,11.0,-6.0,0.0,11.0,True,circle_ccw_062,ALL -6 0 11,pc_scheduled_elapsed_ms,command_echo_no_encoder
2026-06-06_run02_circle_r40_off_r03,32833,28.284271247461895,-28.28427124746191,-263.27731514697575,-6.0,-1.0,11.0,-6.0,-1.0,11.0,True,circle_ccw_063,ALL -6 -1 11,pc_scheduled_elapsed_ms,command_echo_no_encoder
2026-06-06_run02_circle_r40_off_r03,32933,28.284271247461895,-28.28427124746191,-263.27731514697575,-6.0,-1.0,11.0,-6.0,-1.0,11.0,True,circle_ccw_063,ALL -6 -1 11,pc_scheduled_elapsed_ms,command_echo_no_encoder
2026-06-06_run02_circle_r40_off_r03,33033,28.284271247461895,-28.28427124746191,-263.27731514697575,-6.0,-1.0,11.0,-6.0,-1.0,11.0,True,circle_ccw_063,ALL -6 -1 11,pc_scheduled_elapsed_ms,command_echo_no_encoder
2026-06-06_run02_circle_r40_off_r03,33133,28.284271247461895,-28.28427124746191,-263.27731514697575,-6.0,-1.0,11.0,-6.0,-1.0,11.0,True,circle_ccw_063,ALL -6 -1 11,pc_scheduled_elapsed_ms,command_echo_no_encoder
2026-06-06_run02_circle_r40_off_r03,33233,28.284271247461895,-28.28427124746191,-263.27731514697575,-6.0,-1.0,11.0,-6.0,-1.0,11.0,True,circle_ccw_063,ALL -6 -1 11,pc_scheduled_elapsed_ms,command_echo_no_encoder
2026-06-06_run02_circle_r40_off_r03,33250,30.641777724759113,-25.711504387461584,-263.27731514697575,-5.0,-2.0,11.0,-5.0,-2.0,11.0,True,circle_ccw_064,ALL -5 -2 11,pc_scheduled_elapsed_ms,command_echo_no_encoder
2026-06-06_run02_circle_r40_off_r03,33350,30.641777724759113,-25.711504387461584,-263.27731514697575,-5.0,-2.0,11.0,-5.0,-2.0,11.0,True,circle_ccw_064,ALL -5 -2 11,pc_scheduled_elapsed_ms,command_echo_no_encoder
2026-06-06_run02_circle_r40_off_r03,33450,30.641777724759113,-25.711504387461584,-263.27731514697575,-5.0,-2.0,11.0,-5.0,-2.0,11.0,True,circle_ccw_064,ALL -5 -2 11,pc_scheduled_elapsed_ms,command_echo_no_encoder
2026-06-06_run02_circle_r40_off_r03,33550,30.641777724759113,-25.711504387461584,-263.27731514697575,-5.0,-2.0,11.0,-5.0,-2.0,11.0,True,circle_ccw_064,ALL -5 -2 11,pc_scheduled_elapsed_ms,command_echo_no_encoder
2026-06-06_run02_circle_r40_off_r03,33650,30.641777724759113,-25.711504387461584,-263.27731514697575,-5.0,-2.0,11.0,-5.0,-2.0,11.0,True,circle_ccw_064,ALL -5 -2 11,pc_scheduled_elapsed_ms,command_echo_no_encoder
2026-06-06_run02_circle_r40_off_r03,33667,32.76608177155966,-22.94305745404186,-263.27731514697575,-4.0,-3.0,11.0,-4.0,-3.0,11.0,True,circle_ccw_065,ALL -4 -3 11,pc_scheduled_elapsed_ms,command_echo_no_encoder
2026-06-06_run02_circle_r40_off_r03,33767,32.76608177155966,-22.94305745404186,-263.27731514697575,-4.0,-3.0,11.0,-4.0,-3.0,11.0,True,circle_ccw_065,ALL -4 -3 11,pc_scheduled_elapsed_ms,command_echo_no_encoder
2026-06-06_run02_circle_r40_off_r03,33867,32.76608177155966,-22.94305745404186,-263.27731514697575,-4.0,-3.0,11.0,-4.0,-3.0,11.0,True,circle_ccw_065,ALL -4 -3 11,pc_scheduled_elapsed_ms,command_echo_no_encoder
2026-06-06_run02_circle_r40_off_r03,33967,32.76608177155966,-22.94305745404186,-263.27731514697575,-4.0,-3.0,11.0,-4.0,-3.0,11.0,True,circle_ccw_065,ALL -4 -3 11,pc_scheduled_elapsed_ms,command_echo_no_encoder
2026-06-06_run02_circle_r40_off_r03,34067,32.76608177155966,-22.94305745404186,-263.27731514697575,-4.0,-3.0,11.0,-4.0,-3.0,11.0,True,circle_ccw_065,ALL -4 -3 11,pc_scheduled_elapsed_ms,command_echo_no_encoder
2026-06-06_run02_circle_r40_off_r03,34083,34.641016151377556,-19.999999999999986,-263.27731514697575,-4.0,-4.0,11.0,-4.0,-4.0,11.0,True,circle_ccw_066,ALL -4 -4 11,pc_scheduled_elapsed_ms,command_echo_no_encoder
2026-06-06_run02_circle_r40_off_r03,34183,34.641016151377556,-19.999999999999986,-263.27731514697575,-4.0,-4.0,11.0,-4.0,-4.0,11.0,True,circle_ccw_066,ALL -4 -4 11,pc_scheduled_elapsed_ms,command_echo_no_encoder
2026-06-06_run02_circle_r40_off_r03,34283,34.641016151377556,-19.999999999999986,-263.27731514697575,-4.0,-4.0,11.0,-4.0,-4.0,11.0,True,circle_ccw_066,ALL -4 -4 11,pc_scheduled_elapsed_ms,command_echo_no_encoder
2026-06-06_run02_circle_r40_off_r03,34383,34.641016151377556,-19.999999999999986,-263.27731514697575,-4.0,-4.0,11.0,-4.0,-4.0,11.0,True,circle_ccw_066,ALL -4 -4 11,pc_scheduled_elapsed_ms,command_echo_no_encoder
2026-06-06_run02_circle_r40_off_r03,34483,34.641016151377556,-19.999999999999986,-263.27731514697575,-4.0,-4.0,11.0,-4.0,-4.0,11.0,True,circle_ccw_066,ALL -4 -4 11,pc_scheduled_elapsed_ms,command_echo_no_encoder
2026-06-06_run02_circle_r40_off_r03,34500,36.25231148146599,-16.904730469628,-263.27731514697575,-3.0,-4.0,11.0,-3.0,-4.0,11.0,True,circle_ccw_067,ALL -3 -4 11,pc_scheduled_elapsed_ms,command_echo_no_encoder
2026-06-06_run02_circle_r40_off_r03,34600,36.25231148146599,-16.904730469628,-263.27731514697575,-3.0,-4.0,11.0,-3.0,-4.0,11.0,True,circle_ccw_067,ALL -3 -4 11,pc_scheduled_elapsed_ms,command_echo_no_encoder
2026-06-06_run02_circle_r40_off_r03,34700,36.25231148146599,-16.904730469628,-263.27731514697575,-3.0,-4.0,11.0,-3.0,-4.0,11.0,True,circle_ccw_067,ALL -3 -4 11,pc_scheduled_elapsed_ms,command_echo_no_encoder
2026-06-06_run02_circle_r40_off_r03,34800,36.25231148146599,-16.904730469628,-263.27731514697575,-3.0,-4.0,11.0,-3.0,-4.0,11.0,True,circle_ccw_067,ALL -3 -4 11,pc_scheduled_elapsed_ms,command_echo_no_encoder
2026-06-06_run02_circle_r40_off_r03,34900,36.25231148146599,-16.904730469628,-263.27731514697575,-3.0,-4.0,11.0,-3.0,-4.0,11.0,True,circle_ccw_067,ALL -3 -4 11,pc_scheduled_elapsed_ms,command_echo_no_encoder
2026-06-06_run02_circle_r40_off_r03,34917,37.58770483143634,-13.680805733026745,-263.27731514697575,-2.0,-5.0,11.0,-2.0,-5.0,11.0,True,circle_ccw_068,ALL -2 -5 11,pc_scheduled_elapsed_ms,command_echo_no_encoder
2026-06-06_run02_circle_r40_off_r03,35017,37.58770483143634,-13.680805733026745,-263.27731514697575,-2.0,-5.0,11.0,-2.0,-5.0,11.0,True,circle_ccw_068,ALL -2 -5 11,pc_scheduled_elapsed_ms,command_echo_no_encoder
2026-06-06_run02_circle_r40_off_r03,35117,37.58770483143634,-13.680805733026745,-263.27731514697575,-2.0,-5.0,11.0,-2.0,-5.0,11.0,True,circle_ccw_068,ALL -2 -5 11,pc_scheduled_elapsed_ms,command_echo_no_encoder
2026-06-06_run02_circle_r40_off_r03,35217,37.58770483143634,-13.680805733026745,-263.27731514697575,-2.0,-5.0,11.0,-2.0,-5.0,11.0,True,circle_ccw_068,ALL -2 -5 11,pc_scheduled_elapsed_ms,command_echo_no_encoder
2026-06-06_run02_circle_r40_off_r03,35317,37.58770483143634,-13.680805733026745,-263.27731514697575,-2.0,-5.0,11.0,-2.0,-5.0,11.0,True,circle_ccw_068,ALL -2 -5 11,pc_scheduled_elapsed_ms,command_echo_no_encoder
2026-06-06_run02_circle_r40_off_r03,35333,38.63703305156273,-10.352761804100828,-263.27731514697575,-1.0,-6.0,11.0,-1.0,-6.0,11.0,True,circle_ccw_069,ALL -1 -6 11,pc_scheduled_elapsed_ms,command_echo_no_encoder
2026-06-06_run02_circle_r40_off_r03,35433,38.63703305156273,-10.352761804100828,-263.27731514697575,-1.0,-6.0,11.0,-1.0,-6.0,11.0,True,circle_ccw_069,ALL -1 -6 11,pc_scheduled_elapsed_ms,command_echo_no_encoder
2026-06-06_run02_circle_r40_off_r03,35533,38.63703305156273,-10.352761804100828,-263.27731514697575,-1.0,-6.0,11.0,-1.0,-6.0,11.0,True,circle_ccw_069,ALL -1 -6 11,pc_scheduled_elapsed_ms,command_echo_no_encoder
2026-06-06_run02_circle_r40_off_r03,35633,38.63703305156273,-10.352761804100828,-263.27731514697575,-1.0,-6.0,11.0,-1.0,-6.0,11.0,True,circle_ccw_069,ALL -1 -6 11,pc_scheduled_elapsed_ms,command_echo_no_encoder
2026-06-06_run02_circle_r40_off_r03,35733,38.63703305156273,-10.352761804100828,-263.27731514697575,-1.0,-6.0,11.0,-1.0,-6.0,11.0,True,circle_ccw_069,ALL -1 -6 11,pc_scheduled_elapsed_ms,command_echo_no_encoder
2026-06-06_run02_circle_r40_off_r03,35750,39.39231012048832,-6.945927106677216,-263.27731514697575,0.0,-6.0,11.0,0.0,-6.0,11.0,True,circle_ccw_070,ALL 0 -6 11,pc_scheduled_elapsed_ms,command_echo_no_encoder
2026-06-06_run02_circle_r40_off_r03,35850,39.39231012048832,-6.945927106677216,-263.27731514697575,0.0,-6.0,11.0,0.0,-6.0,11.0,True,circle_ccw_070,ALL 0 -6 11,pc_scheduled_elapsed_ms,command_echo_no_encoder
2026-06-06_run02_circle_r40_off_r03,35950,39.39231012048832,-6.945927106677216,-263.27731514697575,0.0,-6.0,11.0,0.0,-6.0,11.0,True,circle_ccw_070,ALL 0 -6 11,pc_scheduled_elapsed_ms,command_echo_no_encoder
2026-06-06_run02_circle_r40_off_r03,36050,39.39231012048832,-6.945927106677216,-263.27731514697575,0.0,-6.0,11.0,0.0,-6.0,11.0,True,circle_ccw_070,ALL 0 -6 11,pc_scheduled_elapsed_ms,command_echo_no_encoder
2026-06-06_run02_circle_r40_off_r03,36150,39.39231012048832,-6.945927106677216,-263.27731514697575,0.0,-6.0,11.0,0.0,-6.0,11.0,True,circle_ccw_070,ALL 0 -6 11,pc_scheduled_elapsed_ms,command_echo_no_encoder
2026-06-06_run02_circle_r40_off_r03,36167,39.84778792366982,-3.4862297099063326,-263.27731514697575,1.0,-7.0,10.0,1.0,-7.0,10.0,True,circle_ccw_071,ALL 1 -7 10,pc_scheduled_elapsed_ms,command_echo_no_encoder
2026-06-06_run02_circle_r40_off_r03,36267,39.84778792366982,-3.4862297099063326,-263.27731514697575,1.0,-7.0,10.0,1.0,-7.0,10.0,True,circle_ccw_071,ALL 1 -7 10,pc_scheduled_elapsed_ms,command_echo_no_encoder
2026-06-06_run02_circle_r40_off_r03,36367,39.84778792366982,-3.4862297099063326,-263.27731514697575,1.0,-7.0,10.0,1.0,-7.0,10.0,True,circle_ccw_071,ALL 1 -7 10,pc_scheduled_elapsed_ms,command_echo_no_encoder
2026-06-06_run02_circle_r40_off_r03,36467,39.84778792366982,-3.4862297099063326,-263.27731514697575,1.0,-7.0,10.0,1.0,-7.0,10.0,True,circle_ccw_071,ALL 1 -7 10,pc_scheduled_elapsed_ms,command_echo_no_encoder
2026-06-06_run02_circle_r40_off_r03,36567,39.84778792366982,-3.4862297099063326,-263.27731514697575,1.0,-7.0,10.0,1.0,-7.0,10.0,True,circle_ccw_071,ALL 1 -7 10,pc_scheduled_elapsed_ms,command_echo_no_encoder
2026-06-06_run02_circle_r40_off_r03,36583,40.0,0.0,-263.27731514697575,1.0,-7.0,10.0,1.0,-7.0,10.0,True,circle_ccw_072,ALL 1 -7 10,pc_scheduled_elapsed_ms,command_echo_no_encoder
2026-06-06_run02_circle_r40_off_r03,36683,40.0,0.0,-263.27731514697575,1.0,-7.0,10.0,1.0,-7.0,10.0,True,circle_ccw_072,ALL 1 -7 10,pc_scheduled_elapsed_ms,command_echo_no_encoder
2026-06-06_run02_circle_r40_off_r03,36783,40.0,0.0,-263.27731514697575,1.0,-7.0,10.0,1.0,-7.0,10.0,True,circle_ccw_072,ALL 1 -7 10,pc_scheduled_elapsed_ms,command_echo_no_encoder
2026-06-06_run02_circle_r40_off_r03,36883,40.0,0.0,-263.27731514697575,1.0,-7.0,10.0,1.0,-7.0,10.0,True,circle_ccw_072,ALL 1 -7 10,pc_scheduled_elapsed_ms,command_echo_no_encoder
2026-06-06_run02_circle_r40_off_r03,36983,40.0,0.0,-263.27731514697575,1.0,-7.0,10.0,1.0,-7.0,10.0,True,circle_ccw_072,ALL 1 -7 10,pc_scheduled_elapsed_ms,command_echo_no_encoder
2026-06-06_run02_circle_r40_off_r03,37000,40.0,0.0,-263.27731514697575,1.0,-7.0,10.0,1.0,-7.0,10.0,True,circle_end_hold,ALL 1 -7 10,pc_scheduled_elapsed_ms,command_echo_no_encoder
2026-06-06_run02_circle_r40_off_r03,37100,40.0,0.0,-263.27731514697575,1.0,-7.0,10.0,1.0,-7.0,10.0,True,circle_end_hold,ALL 1 -7 10,pc_scheduled_elapsed_ms,command_echo_no_encoder
2026-06-06_run02_circle_r40_off_r03,37200,40.0,0.0,-263.27731514697575,1.0,-7.0,10.0,1.0,-7.0,10.0,True,circle_end_hold,ALL 1 -7 10,pc_scheduled_elapsed_ms,command_echo_no_encoder
2026-06-06_run02_circle_r40_off_r03,37300,40.0,0.0,-263.27731514697575,1.0,-7.0,10.0,1.0,-7.0,10.0,True,circle_end_hold,ALL 1 -7 10,pc_scheduled_elapsed_ms,command_echo_no_encoder
2026-06-06_run02_circle_r40_off_r03,37400,40.0,0.0,-263.27731514697575,1.0,-7.0,10.0,1.0,-7.0,10.0,True,circle_end_hold,ALL 1 -7 10,pc_scheduled_elapsed_ms,command_echo_no_encoder
2026-06-06_run02_circle_r40_off_r03,37500,40.0,0.0,-263.27731514697575,1.0,-7.0,10.0,1.0,-7.0,10.0,True,circle_end_hold,ALL 1 -7 10,pc_scheduled_elapsed_ms,command_echo_no_encoder
2026-06-06_run02_circle_r40_off_r03,37600,40.0,0.0,-263.27731514697575,1.0,-7.0,10.0,1.0,-7.0,10.0,True,circle_end_hold,ALL 1 -7 10,pc_scheduled_elapsed_ms,command_echo_no_encoder
2026-06-06_run02_circle_r40_off_r03,37700,40.0,0.0,-263.27731514697575,1.0,-7.0,10.0,1.0,-7.0,10.0,True,circle_end_hold,ALL 1 -7 10,pc_scheduled_elapsed_ms,command_echo_no_encoder
2026-06-06_run02_circle_r40_off_r03,37800,40.0,0.0,-263.27731514697575,1.0,-7.0,10.0,1.0,-7.0,10.0,True,circle_end_hold,ALL 1 -7 10,pc_scheduled_elapsed_ms,command_echo_no_encoder
2026-06-06_run02_circle_r40_off_r03,37900,40.0,0.0,-263.27731514697575,1.0,-7.0,10.0,1.0,-7.0,10.0,True,circle_end_hold,ALL 1 -7 10,pc_scheduled_elapsed_ms,command_echo_no_encoder
2026-06-06_run02_circle_r40_off_r03,38000,40.0,0.0,-263.27731514697575,1.0,-7.0,10.0,1.0,-7.0,10.0,True,circle_end_hold,ALL 1 -7 10,pc_scheduled_elapsed_ms,command_echo_no_encoder
2026-06-06_run02_circle_r40_off_r03,38100,40.0,0.0,-263.27731514697575,1.0,-7.0,10.0,1.0,-7.0,10.0,True,circle_end_hold,ALL 1 -7 10,pc_scheduled_elapsed_ms,command_echo_no_encoder
2026-06-06_run02_circle_r40_off_r03,38200,40.0,0.0,-263.27731514697575,1.0,-7.0,10.0,1.0,-7.0,10.0,True,circle_end_hold,ALL 1 -7 10,pc_scheduled_elapsed_ms,command_echo_no_encoder
2026-06-06_run02_circle_r40_off_r03,38300,40.0,0.0,-263.27731514697575,1.0,-7.0,10.0,1.0,-7.0,10.0,True,circle_end_hold,ALL 1 -7 10,pc_scheduled_elapsed_ms,command_echo_no_encoder
2026-06-06_run02_circle_r40_off_r03,38400,40.0,0.0,-263.27731514697575,1.0,-7.0,10.0,1.0,-7.0,10.0,True,circle_end_hold,ALL 1 -7 10,pc_scheduled_elapsed_ms,command_echo_no_encoder
2026-06-06_run02_circle_r40_off_r03,38500,40.0,0.0,-263.27731514697575,1.0,-7.0,10.0,1.0,-7.0,10.0,True,circle_end_hold,ALL 1 -7 10,pc_scheduled_elapsed_ms,command_echo_no_encoder
2026-06-06_run02_circle_r40_off_r03,38600,40.0,0.0,-263.27731514697575,1.0,-7.0,10.0,1.0,-7.0,10.0,True,circle_end_hold,ALL 1 -7 10,pc_scheduled_elapsed_ms,command_echo_no_encoder
2026-06-06_run02_circle_r40_off_r03,38700,40.0,0.0,-263.27731514697575,1.0,-7.0,10.0,1.0,-7.0,10.0,True,circle_end_hold,ALL 1 -7 10,pc_scheduled_elapsed_ms,command_echo_no_encoder
2026-06-06_run02_circle_r40_off_r03,38800,40.0,0.0,-263.27731514697575,1.0,-7.0,10.0,1.0,-7.0,10.0,True,circle_end_hold,ALL 1 -7 10,pc_scheduled_elapsed_ms,command_echo_no_encoder
2026-06-06_run02_circle_r40_off_r03,38900,40.0,0.0,-263.27731514697575,1.0,-7.0,10.0,1.0,-7.0,10.0,True,circle_end_hold,ALL 1 -7 10,pc_scheduled_elapsed_ms,command_echo_no_encoder
2026-06-06_run02_circle_r40_off_r03,39000,0.0,0.0,-263.27731514697575,0.0,0.0,0.0,0.0,0.0,0.0,True,home_2,ALL 0 0 0,pc_scheduled_elapsed_ms,command_echo_no_encoder
2026-06-06_run02_circle_r40_off_r03,39100,0.0,0.0,-263.27731514697575,0.0,0.0,0.0,0.0,0.0,0.0,True,home_2,ALL 0 0 0,pc_scheduled_elapsed_ms,command_echo_no_encoder
2026-06-06_run02_circle_r40_off_r03,39200,0.0,0.0,-263.27731514697575,0.0,0.0,0.0,0.0,0.0,0.0,True,home_2,ALL 0 0 0,pc_scheduled_elapsed_ms,command_echo_no_encoder
2026-06-06_run02_circle_r40_off_r03,39300,0.0,0.0,-263.27731514697575,0.0,0.0,0.0,0.0,0.0,0.0,True,home_2,ALL 0 0 0,pc_scheduled_elapsed_ms,command_echo_no_encoder
2026-06-06_run02_circle_r40_off_r03,39400,0.0,0.0,-263.27731514697575,0.0,0.0,0.0,0.0,0.0,0.0,True,home_2,ALL 0 0 0,pc_scheduled_elapsed_ms,command_echo_no_encoder
2026-06-06_run02_circle_r40_off_r03,39500,0.0,0.0,-263.27731514697575,0.0,0.0,0.0,0.0,0.0,0.0,True,home_2,ALL 0 0 0,pc_scheduled_elapsed_ms,command_echo_no_encoder
2026-06-06_run02_circle_r40_off_r03,39600,0.0,0.0,-263.27731514697575,0.0,0.0,0.0,0.0,0.0,0.0,True,home_2,ALL 0 0 0,pc_scheduled_elapsed_ms,command_echo_no_encoder
2026-06-06_run02_circle_r40_off_r03,39700,0.0,0.0,-263.27731514697575,0.0,0.0,0.0,0.0,0.0,0.0,True,home_2,ALL 0 0 0,pc_scheduled_elapsed_ms,command_echo_no_encoder
2026-06-06_run02_circle_r40_off_r03,39800,0.0,0.0,-263.27731514697575,0.0,0.0,0.0,0.0,0.0,0.0,True,home_2,ALL 0 0 0,pc_scheduled_elapsed_ms,command_echo_no_encoder
2026-06-06_run02_circle_r40_off_r03,39900,0.0,0.0,-263.27731514697575,0.0,0.0,0.0,0.0,0.0,0.0,True,home_2,ALL 0 0 0,pc_scheduled_elapsed_ms,command_echo_no_encoder
2026-06-06_run02_circle_r40_off_r03,40000,0.0,0.0,-263.27731514697575,0.0,0.0,0.0,0.0,0.0,0.0,True,home_2,ALL 0 0 0,pc_scheduled_elapsed_ms,command_echo_no_encoder
2026-06-06_run02_circle_r40_off_r03,40100,0.0,0.0,-263.27731514697575,0.0,0.0,0.0,0.0,0.0,0.0,True,home_2,ALL 0 0 0,pc_scheduled_elapsed_ms,command_echo_no_encoder
2026-06-06_run02_circle_r40_off_r03,40200,0.0,0.0,-263.27731514697575,0.0,0.0,0.0,0.0,0.0,0.0,True,home_2,ALL 0 0 0,pc_scheduled_elapsed_ms,command_echo_no_encoder
2026-06-06_run02_circle_r40_off_r03,40300,0.0,0.0,-263.27731514697575,0.0,0.0,0.0,0.0,0.0,0.0,True,home_2,ALL 0 0 0,pc_scheduled_elapsed_ms,command_echo_no_encoder
2026-06-06_run02_circle_r40_off_r03,40400,0.0,0.0,-263.27731514697575,0.0,0.0,0.0,0.0,0.0,0.0,True,home_2,ALL 0 0 0,pc_scheduled_elapsed_ms,command_echo_no_encoder
2026-06-06_run02_circle_r40_off_r03,40500,0.0,0.0,-263.27731514697575,0.0,0.0,0.0,0.0,0.0,0.0,True,home_2,ALL 0 0 0,pc_scheduled_elapsed_ms,command_echo_no_encoder
2026-06-06_run02_circle_r40_off_r03,40600,0.0,0.0,-263.27731514697575,0.0,0.0,0.0,0.0,0.0,0.0,True,home_2,ALL 0 0 0,pc_scheduled_elapsed_ms,command_echo_no_encoder
2026-06-06_run02_circle_r40_off_r03,40700,0.0,0.0,-263.27731514697575,0.0,0.0,0.0,0.0,0.0,0.0,True,home_2,ALL 0 0 0,pc_scheduled_elapsed_ms,command_echo_no_encoder
2026-06-06_run02_circle_r40_off_r03,40800,0.0,0.0,-263.27731514697575,0.0,0.0,0.0,0.0,0.0,0.0,True,home_2,ALL 0 0 0,pc_scheduled_elapsed_ms,command_echo_no_encoder
2026-06-06_run02_circle_r40_off_r03,40900,0.0,0.0,-263.27731514697575,0.0,0.0,0.0,0.0,0.0,0.0,True,home_2,ALL 0 0 0,pc_scheduled_elapsed_ms,command_echo_no_encoder
2026-06-06_run02_circle_r40_off_r03,41000,0.0,0.0,-263.27731514697575,0.0,0.0,0.0,0.0,0.0,0.0,True,home_2,ALL 0 0 0,pc_scheduled_elapsed_ms,command_echo_no_encoder
2026-06-06_run02_circle_r40_off_r03,41100,0.0,0.0,-263.27731514697575,0.0,0.0,0.0,0.0,0.0,0.0,True,home_2,ALL 0 0 0,pc_scheduled_elapsed_ms,command_echo_no_encoder
2026-06-06_run02_circle_r40_off_r03,41200,0.0,0.0,-263.27731514697575,0.0,0.0,0.0,0.0,0.0,0.0,True,home_2,ALL 0 0 0,pc_scheduled_elapsed_ms,command_echo_no_encoder
2026-06-06_run02_circle_r40_off_r03,41300,0.0,0.0,-263.27731514697575,0.0,0.0,0.0,0.0,0.0,0.0,True,home_2,ALL 0 0 0,pc_scheduled_elapsed_ms,command_echo_no_encoder
2026-06-06_run02_circle_r40_off_r03,41400,0.0,0.0,-263.27731514697575,0.0,0.0,0.0,0.0,0.0,0.0,True,home_2,ALL 0 0 0,pc_scheduled_elapsed_ms,command_echo_no_encoder
2026-06-06_run02_circle_r40_off_r03,41500,0.0,0.0,-263.27731514697575,0.0,0.0,0.0,0.0,0.0,0.0,True,home_2,ALL 0 0 0,pc_scheduled_elapsed_ms,command_echo_no_encoder
2026-06-06_run02_circle_r40_off_r03,41600,0.0,0.0,-263.27731514697575,0.0,0.0,0.0,0.0,0.0,0.0,True,home_2,ALL 0 0 0,pc_scheduled_elapsed_ms,command_echo_no_encoder
2026-06-06_run02_circle_r40_off_r03,41700,0.0,0.0,-263.27731514697575,0.0,0.0,0.0,0.0,0.0,0.0,True,home_2,ALL 0 0 0,pc_scheduled_elapsed_ms,command_echo_no_encoder
2026-06-06_run02_circle_r40_off_r03,41800,0.0,0.0,-263.27731514697575,0.0,0.0,0.0,0.0,0.0,0.0,True,home_2,ALL 0 0 0,pc_scheduled_elapsed_ms,command_echo_no_encoder
2026-06-06_run02_circle_r40_off_r03,41900,0.0,0.0,-263.27731514697575,0.0,0.0,0.0,0.0,0.0,0.0,True,home_2,ALL 0 0 0,pc_scheduled_elapsed_ms,command_echo_no_encoder
2026-06-06_run02_circle_r40_off_r03,42000,0.0,0.0,-263.27731514697575,0.0,0.0,0.0,0.0,0.0,0.0,True,home_2,ALL 0 0 0,pc_scheduled_elapsed_ms,command_echo_no_encoder
2026-06-06_run02_circle_r40_off_r03,42100,0.0,0.0,-263.27731514697575,0.0,0.0,0.0,0.0,0.0,0.0,True,home_2,ALL 0 0 0,pc_scheduled_elapsed_ms,command_echo_no_encoder
2026-06-06_run02_circle_r40_off_r03,42200,0.0,0.0,-263.27731514697575,0.0,0.0,0.0,0.0,0.0,0.0,True,home_2,ALL 0 0 0,pc_scheduled_elapsed_ms,command_echo_no_encoder
2026-06-06_run02_circle_r40_off_r03,42300,0.0,0.0,-263.27731514697575,0.0,0.0,0.0,0.0,0.0,0.0,True,home_2,ALL 0 0 0,pc_scheduled_elapsed_ms,command_echo_no_encoder
2026-06-06_run02_circle_r40_off_r03,42400,0.0,0.0,-263.27731514697575,0.0,0.0,0.0,0.0,0.0,0.0,True,home_2,ALL 0 0 0,pc_scheduled_elapsed_ms,command_echo_no_encoder
2026-06-06_run02_circle_r40_off_r03,42500,0.0,0.0,-263.27731514697575,0.0,0.0,0.0,0.0,0.0,0.0,True,home_2,ALL 0 0 0,pc_scheduled_elapsed_ms,command_echo_no_encoder
2026-06-06_run02_circle_r40_off_r03,42600,0.0,0.0,-263.27731514697575,0.0,0.0,0.0,0.0,0.0,0.0,True,home_2,ALL 0 0 0,pc_scheduled_elapsed_ms,command_echo_no_encoder
2026-06-06_run02_circle_r40_off_r03,42700,0.0,0.0,-263.27731514697575,0.0,0.0,0.0,0.0,0.0,0.0,True,home_2,ALL 0 0 0,pc_scheduled_elapsed_ms,command_echo_no_encoder
2026-06-06_run02_circle_r40_off_r03,42800,0.0,0.0,-263.27731514697575,0.0,0.0,0.0,0.0,0.0,0.0,True,home_2,ALL 0 0 0,pc_scheduled_elapsed_ms,command_echo_no_encoder
2026-06-06_run02_circle_r40_off_r03,42900,0.0,0.0,-263.27731514697575,0.0,0.0,0.0,0.0,0.0,0.0,True,home_2,ALL 0 0 0,pc_scheduled_elapsed_ms,command_echo_no_encoder
2026-06-06_run02_circle_r40_off_r03,43000,0.0,0.0,-263.27731514697575,0.0,0.0,0.0,0.0,0.0,0.0,True,home_2,ALL 0 0 0,pc_scheduled_elapsed_ms,command_echo_no_encoder
2026-06-06_run02_circle_r40_off_r03,43100,0.0,0.0,-263.27731514697575,0.0,0.0,0.0,0.0,0.0,0.0,True,home_2,ALL 0 0 0,pc_scheduled_elapsed_ms,command_echo_no_encoder
2026-06-06_run02_circle_r40_off_r03,43200,0.0,0.0,-263.27731514697575,0.0,0.0,0.0,0.0,0.0,0.0,True,home_2,ALL 0 0 0,pc_scheduled_elapsed_ms,command_echo_no_encoder
2026-06-06_run02_circle_r40_off_r03,43300,0.0,0.0,-263.27731514697575,0.0,0.0,0.0,0.0,0.0,0.0,True,home_2,ALL 0 0 0,pc_scheduled_elapsed_ms,command_echo_no_encoder
2026-06-06_run02_circle_r40_off_r03,43400,0.0,0.0,-263.27731514697575,0.0,0.0,0.0,0.0,0.0,0.0,True,home_2,ALL 0 0 0,pc_scheduled_elapsed_ms,command_echo_no_encoder
2026-06-06_run02_circle_r40_off_r03,43500,0.0,0.0,-263.27731514697575,0.0,0.0,0.0,0.0,0.0,0.0,True,home_2,ALL 0 0 0,pc_scheduled_elapsed_ms,command_echo_no_encoder
2026-06-06_run02_circle_r40_off_r03,43600,0.0,0.0,-263.27731514697575,0.0,0.0,0.0,0.0,0.0,0.0,True,home_2,ALL 0 0 0,pc_scheduled_elapsed_ms,command_echo_no_encoder
2026-06-06_run02_circle_r40_off_r03,43700,0.0,0.0,-263.27731514697575,0.0,0.0,0.0,0.0,0.0,0.0,True,home_2,ALL 0 0 0,pc_scheduled_elapsed_ms,command_echo_no_encoder
2026-06-06_run02_circle_r40_off_r03,43800,0.0,0.0,-263.27731514697575,0.0,0.0,0.0,0.0,0.0,0.0,True,home_2,ALL 0 0 0,pc_scheduled_elapsed_ms,command_echo_no_encoder
2026-06-06_run02_circle_r40_off_r03,43900,0.0,0.0,-263.27731514697575,0.0,0.0,0.0,0.0,0.0,0.0,True,home_2,ALL 0 0 0,pc_scheduled_elapsed_ms,command_echo_no_encoder
