run_id,vision_time,frame_id,marker_id,marker_px,marker_py,marker_detected,valid
2026-06-04_run00_cpre_001,1780657772.108373,0,10,639.250,359.750,True,True
2026-06-04_run00_cpre_001,1780657772.252388,1,10,639.250,359.500,True,True
2026-06-04_run00_cpre_001,1780657772.399914,2,10,639.250,359.500,True,True
2026-06-04_run00_cpre_001,1780657772.529959,3,10,639.250,359.500,True,True
2026-06-04_run00_cpre_001,1780657772.668009,4,10,639.250,359.500,True,True
2026-06-04_run00_cpre_001,1780657772.813388,5,10,639.250,359.500,True,True
2026-06-04_run00_cpre_001,1780657772.956014,6,10,639.250,359.500,True,True
2026-06-04_run00_cpre_001,1780657773.101296,7,10,639.250,359.500,True,True
2026-06-04_run00_cpre_001,1780657773.245533,8,10,639.250,359.500,True,True
2026-06-04_run00_cpre_001,1780657773.389764,9,10,639.250,359.500,True,True
2026-06-04_run00_cpre_001,1780657773.517093,10,10,639.250,359.500,True,True
2026-06-04_run00_cpre_001,1780657773.660654,11,10,639.250,359.500,True,True
2026-06-04_run00_cpre_001,1780657773.809417,12,10,639.250,359.500,True,True
2026-06-04_run00_cpre_001,1780657773.955038,13,10,639.250,359.500,True,True
2026-06-04_run00_cpre_001,1780657774.092305,14,10,639.250,359.500,True,True
2026-06-04_run00_cpre_001,1780657774.237993,15,10,639.250,359.500,True,True
2026-06-04_run00_cpre_001,1780657774.386325,16,10,639.250,359.500,True,True
2026-06-04_run00_cpre_001,1780657774.514915,17,10,639.250,359.500,True,True
2026-06-04_run00_cpre_001,1780657774.657988,18,10,639.250,359.500,True,True
2026-06-04_run00_cpre_001,1780657774.796851,19,10,639.250,359.500,True,True
2026-06-04_run00_cpre_001,1780657774.943685,20,10,639.250,359.500,True,True
2026-06-04_run00_cpre_001,1780657775.084479,21,10,639.250,359.500,True,True
2026-06-04_run00_cpre_001,1780657775.228355,22,10,639.250,359.500,True,True
2026-06-04_run00_cpre_001,1780657775.377254,23,10,639.250,359.500,True,True
2026-06-04_run00_cpre_001,1780657775.506277,24,10,639.250,359.500,True,True
2026-06-04_run00_cpre_001,1780657775.649696,25,10,639.250,359.500,True,True
2026-06-04_run00_cpre_001,1780657775.792927,26,10,639.250,359.500,True,True
2026-06-04_run00_cpre_001,1780657775.932046,27,10,639.250,359.500,True,True
2026-06-04_run00_cpre_001,1780657776.077742,28,10,639.250,359.500,True,True
2026-06-04_run00_cpre_001,1780657776.223893,29,10,639.250,359.500,True,True
2026-06-04_run00_cpre_001,1780657776.369895,30,10,639.250,359.500,True,True
2026-06-04_run00_cpre_001,1780657776.498062,31,10,639.250,359.500,True,True
2026-06-04_run00_cpre_001,1780657776.636225,32,10,639.250,359.500,True,True
2026-06-04_run00_cpre_001,1780657776.779767,33,10,639.250,359.500,True,True
2026-06-04_run00_cpre_001,1780657776.929284,34,10,639.250,359.500,True,True
2026-06-04_run00_cpre_001,1780657777.068882,35,10,639.250,359.500,True,True
2026-06-04_run00_cpre_001,1780657777.218238,36,10,639.250,359.500,True,True
2026-06-04_run00_cpre_001,1780657777.362132,37,10,639.250,359.500,True,True
2026-06-04_run00_cpre_001,1780657777.490469,38,10,639.250,359.500,True,True
2026-06-04_run00_cpre_001,1780657777.634375,39,10,639.250,359.500,True,True
2026-06-04_run00_cpre_001,1780657777.774330,40,10,639.250,359.500,True,True
2026-06-04_run00_cpre_001,1780657777.921410,41,10,639.250,359.500,True,True
2026-06-04_run00_cpre_001,1780657778.061139,42,10,639.250,359.500,True,True
2026-06-04_run00_cpre_001,1780657778.205263,43,10,639.250,359.500,True,True
2026-06-04_run00_cpre_001,1780657778.350435,44,10,639.250,359.500,True,True
2026-06-04_run00_cpre_001,1780657778.476796,45,10,639.250,359.500,True,True
2026-06-04_run00_cpre_001,1780657778.620783,46,10,639.250,359.500,True,True
2026-06-04_run00_cpre_001,1780657778.764325,47,10,639.250,359.500,True,True
2026-06-04_run00_cpre_001,1780657778.913070,48,10,639.250,359.500,True,True
2026-06-04_run00_cpre_001,1780657779.056608,49,10,639.250,359.500,True,True
2026-06-04_run00_cpre_001,1780657779.196429,50,10,639.250,359.500,True,True
2026-06-04_run00_cpre_001,1780657779.343747,51,10,639.250,359.500,True,True
2026-06-04_run00_cpre_001,1780657779.472752,52,10,639.250,359.500,True,True
2026-06-04_run00_cpre_001,1780657779.617761,53,10,639.250,359.500,True,True
2026-06-04_run00_cpre_001,1780657779.762025,54,10,639.250,359.500,True,True
2026-06-04_run00_cpre_001,1780657779.903196,55,10,639.250,359.500,True,True
2026-06-04_run00_cpre_001,1780657780.044520,56,10,639.250,359.500,True,True
2026-06-04_run00_cpre_001,1780657780.192056,57,10,639.250,359.500,True,True
2026-06-04_run00_cpre_001,1780657780.334001,58,10,639.250,359.750,True,True
2026-06-04_run00_cpre_001,1780657780.465348,59,10,639.250,359.500,True,True
2026-06-04_run00_cpre_001,1780657780.609693,60,10,639.250,359.500,True,True
2026-06-04_run00_cpre_001,1780657780.752126,61,10,639.250,359.500,True,True
2026-06-04_run00_cpre_001,1780657780.897707,62,10,639.250,359.500,True,True
2026-06-04_run00_cpre_001,1780657781.041145,63,10,639.250,359.500,True,True
2026-06-04_run00_cpre_001,1780657781.184813,64,10,639.250,359.500,True,True
2026-06-04_run00_cpre_001,1780657781.324564,65,10,639.250,359.500,True,True
2026-06-04_run00_cpre_001,1780657781.451687,66,10,639.250,359.500,True,True
2026-06-04_run00_cpre_001,1780657781.599131,67,10,639.250,359.500,True,True
2026-06-04_run00_cpre_001,1780657781.745494,68,10,639.250,359.500,True,True
2026-06-04_run00_cpre_001,1780657781.889248,69,10,639.250,359.500,True,True
2026-06-04_run00_cpre_001,1780657782.032717,70,10,639.250,359.500,True,True
2026-06-04_run00_cpre_001,1780657782.172330,71,10,639.250,359.500,True,True
2026-06-04_run00_cpre_001,1780657782.319185,72,10,639.250,359.500,True,True
2026-06-04_run00_cpre_001,1780657782.444434,73,10,639.250,359.500,True,True
2026-06-04_run00_cpre_001,1780657782.589020,74,10,639.250,359.750,True,True
2026-06-04_run00_cpre_001,1780657782.735476,75,10,639.250,359.500,True,True
2026-06-04_run00_cpre_001,1780657782.876785,76,10,639.250,359.500,True,True
2026-06-04_run00_cpre_001,1780657783.025247,77,10,639.250,359.500,True,True
2026-06-04_run00_cpre_001,1780657783.165381,78,10,639.250,359.500,True,True
2026-06-04_run00_cpre_001,1780657783.292787,79,10,639.250,359.500,True,True
2026-06-04_run00_cpre_001,1780657783.440717,80,10,639.250,359.500,True,True
2026-06-04_run00_cpre_001,1780657783.584391,81,10,639.250,359.500,True,True
2026-06-04_run00_cpre_001,1780657783.729989,82,10,639.250,359.500,True,True
2026-06-04_run00_cpre_001,1780657783.873335,83,10,639.250,359.500,True,True
2026-06-04_run00_cpre_001,1780657784.016669,84,10,639.250,359.500,True,True
2026-06-04_run00_cpre_001,1780657784.156286,85,10,639.250,359.500,True,True
2026-06-04_run00_cpre_001,1780657784.284732,86,10,639.250,359.500,True,True
2026-06-04_run00_cpre_001,1780657784.429436,87,10,639.250,359.500,True,True
2026-06-04_run00_cpre_001,1780657784.577724,88,10,639.250,359.500,True,True
2026-06-04_run00_cpre_001,1780657784.720296,89,10,639.250,359.750,True,True
2026-06-04_run00_cpre_001,1780657784.865473,90,10,639.250,359.500,True,True
2026-06-04_run00_cpre_001,1780657785.004638,91,10,639.250,359.500,True,True
2026-06-04_run00_cpre_001,1780657785.149170,92,10,639.250,359.500,True,True
2026-06-04_run00_cpre_001,1780657785.281436,93,10,639.250,359.500,True,True
2026-06-04_run00_cpre_001,1780657785.425945,94,10,639.250,359.500,True,True
2026-06-04_run00_cpre_001,1780657785.569824,95,10,639.250,359.500,True,True
2026-06-04_run00_cpre_001,1780657785.714722,96,10,639.250,359.500,True,True
2026-06-04_run00_cpre_001,1780657785.856041,97,10,639.250,359.500,True,True
2026-06-04_run00_cpre_001,1780657785.999772,98,10,639.250,359.500,True,True
2026-06-04_run00_cpre_001,1780657786.145805,99,10,639.250,359.500,True,True
2026-06-04_run00_cpre_001,1780657786.268389,100,10,639.250,359.500,True,True
2026-06-04_run00_cpre_001,1780657786.417886,101,10,639.250,359.500,True,True
2026-06-04_run00_cpre_001,1780657786.557225,102,10,639.250,359.500,True,True
2026-06-04_run00_cpre_001,1780657786.705481,103,10,639.250,359.500,True,True
2026-06-04_run00_cpre_001,1780657786.849431,104,10,639.250,359.500,True,True
2026-06-04_run00_cpre_001,1780657786.988413,105,10,639.250,359.500,True,True
2026-06-04_run00_cpre_001,1780657787.136783,106,10,639.250,359.500,True,True
2026-06-04_run00_cpre_001,1780657787.261410,107,10,639.250,359.500,True,True
2026-06-04_run00_cpre_001,1780657787.408961,108,10,639.250,359.500,True,True
2026-06-04_run00_cpre_001,1780657787.553996,109,10,639.250,359.500,True,True
2026-06-04_run00_cpre_001,1780657787.698008,110,10,639.250,359.500,True,True
2026-06-04_run00_cpre_001,1780657787.841611,111,10,639.250,359.500,True,True
2026-06-04_run00_cpre_001,1780657787.985608,112,10,639.250,359.500,True,True
2026-06-04_run00_cpre_001,1780657788.130067,113,10,639.500,359.250,True,True
2026-06-04_run00_cpre_001,1780657788.256180,114,10,639.250,359.000,True,True
2026-06-04_run00_cpre_001,1780657788.401268,115,10,639.250,359.500,True,True
