time,sim_x,sim_y,sim_z
0,0,0,-263.277315152675
110,4.59352247324569e-15,8.82154709514537e-15,-263.277315151627
204,8.51889622311019e-15,1.63599600673605e-14,-263.277315150731
313,1.30706594011446e-14,2.51013112798227e-14,-263.277315149692
407,1.6996033151009e-14,3.26397242520379e-14,-263.277315148797
516,2.15477963290434e-14,4.13810754645001e-14,-263.277315147758
610,2.40242536965161e-14,4.72685772151422e-14,-263.277315146976
704,1.64658045167997e-14,4.1722196357014e-14,-263.277315146976
813,7.70121982968165e-15,3.52907547236526e-14,-263.277315146976
907,1.427706499652e-16,2.97443738655245e-14,-263.277315146976
1016,-8.62181403715281e-15,2.33129322321631e-14,-263.277315146976
1110,-1.61802632168693e-14,1.7766551374035e-14,-263.277315146976
1204,-2.25502980597005e-14,1.32564578304925e-14,-263.277315146976
1313,-1.4535457523957e-14,2.14565339807891e-14,-263.277315146976
1407,-7.62357669496729e-15,2.85281592847145e-14,-263.277315146976
1516,3.91263840776133e-16,3.67282354350111e-14,-263.277315146976
1610,7.30314466976588e-15,4.37998607389366e-14,-263.277315146976
1704,1.42150254987556e-14,5.08714860428621e-14,-263.277315146976
1829,1.87134652244044e-14,5.53209917795264e-14,-263.277315146976
1907,1.38633869086244e-14,5.00139332112695e-14,-263.277315146976
2016,7.08571336477799e-15,4.25976590581924e-14,-263.277315146976
2110,1.24074718935083e-15,3.62019730913187e-14,-263.277315146976
2204,-4.60421898607635e-15,2.98062871244449e-14,-263.277315146976
2313,-1.13818925299227e-14,2.23900129713679e-14,-263.277315146976
2407,-1.7072358872071e-14,1.66855883478627e-14,-263.277315146976
2516,-2.26837940622191e-14,1.44872841689665e-14,-263.277315146976
2610,-2.7523013400512e-14,1.25914989137716e-14,-263.277315146976
2704,-3.23622327388048e-14,1.06957136585767e-14,-263.277315146976
2813,-3.7973667928953e-14,8.49740947968057e-15,-263.277315146976
2907,-4.28128872672458e-14,6.60162422448571e-15,-263.277315146976
3016,-4.33574963880317e-14,6.47870709142367e-15,-263.277315146976
3110,-2.93713540456903e-14,1.22938460381421e-14,-263.277315146976
3204,-1.53852117033489e-14,1.81089849848606e-14,-263.277315146976
3313,8.32761863834274e-16,2.48520716358427e-14,-263.277315146976
3407,1.48189042061757e-14,3.06672105825611e-14,-263.277315146976
3516,3.10368777733588e-14,3.74102972335432e-14,-263.277315146976
3610,4.02596179245591e-14,4.25854982097783e-14,-263.277315146976
3704,3.3085088907389e-14,4.55578125239148e-14,-263.277315146976
3813,2.47656882385428e-14,4.90044323137113e-14,-263.277315146976
3907,1.75911592213728e-14,5.19767466278478e-14,-263.277315146976
4016,9.27175855252664e-15,5.54233664176443e-14,-263.277315146976
4110,2.09722953535655e-15,5.83956807317808e-14,-263.277315146976
4204,-4.70532175423885e-15,6.10989543314781e-14,-263.277315146976
4313,-1.06424913828009e-14,6.28225754212821e-14,-263.277315146976
4407,-1.5762619319359e-14,6.4309000948269e-14,-263.277315146976
4516,-2.1699788947921e-14,6.6032622038073e-14,-263.277315146976
4610,-2.68199168844791e-14,6.751904756506e-14,-263.277315146976
4704,-3.19400448210371e-14,6.90054730920469e-14,-263.277315146976
4813,-3.57324422423974e-14,6.98527254251597e-14,-263.277315146976
4907,-3.36212722063242e-14,6.83843925902753e-14,-263.277315146976
5016,-3.11732133347073e-14,6.66817513242923e-14,-263.277315146976
5110,-2.9062043298634e-14,6.52134184894078e-14,-263.277315146976
5204,-2.69508732625608e-14,6.37450856545234e-14,-263.277315146976
5313,-2.45028143909439e-14,6.20424443885404e-14,-263.277315146976
5407,-2.39549098889104e-14,6.08426006865891e-14,-263.277315146976
5516,-2.86844391895907e-14,6.03727022803244e-14,-263.277315146976
5610,-3.27631158342141e-14,5.99674687923531e-14,-263.277315146976
5704,-3.68417924788375e-14,5.95622353043817e-14,-263.277315146976
5813,-4.15713217795178e-14,5.9092336898117e-14,-263.277315146976
5907,-4.56499984241412e-14,5.86871034101457e-14,-263.277315146976
6016,-4.51604884798539e-14,5.68212729395176e-14,-263.277315146976
6110,-3.50602723780337e-14,5.26236228605014e-14,-263.277315146976
6204,-2.49600562762136e-14,4.84259727814852e-14,-263.277315146976
6313,-1.32481035624008e-14,4.35584849239025e-14,-263.277315146976
6407,-3.14788746058057e-15,3.93608348448862e-14,-263.277315146976
6516,8.56406525323221e-15,3.44933469873035e-14,-263.277315146976
6610,1.43916555737978e-14,3.15501873629428e-14,-263.277315146976
6704,1.13064867958436e-14,3.12239129483265e-14,-263.277315146976
6813,7.72900385119463e-15,3.08455734675479e-14,-263.277315146976
6907,4.64383507324043e-15,3.05192990529315e-14,-263.277315146976
7016,1.06635212859142e-15,3.0140959572153e-14,-263.277315146976
7110,-2.01881664936278e-15,2.98146851575366e-14,-263.277315146976
7204,-4.71332221899458e-15,2.77427010526901e-14,-263.277315146976
7313,-6.67293701367633e-15,2.01347887666272e-14,-263.277315146976
7407,-8.36288004762207e-15,1.35738368869032e-14,-263.277315146976
7516,-1.03224948423038e-14,5.96592460084027e-15,-263.277315146976
7610,-1.20124378762496e-14,-5.95027278883738e-16,-263.277315146976
7704,-1.37023809101953e-14,-7.15597915860769e-15,-263.277315146976
7813,-1.73094533693459e-14,-1.0579821890985e-14,-263.277315146976
7907,-2.31645663995281e-14,-6.56243762099295e-15,-263.277315146976
8016,-2.99540059770798e-14,-1.90398139302344e-15,-263.277315146976
8110,-3.58091190072619e-14,2.11340287696859e-15,-263.277315146976
8204,-4.16642320374442e-14,6.1307871469607e-15,-263.277315146976
8313,-4.84536716149959e-14,1.07892433749302e-14,-263.277315146976
8407,-4.83691524551115e-14,1.59084482928761e-14,-263.277315146976
8516,-3.55635584758456e-14,2.42018455204513e-14,-263.277315146976
8610,-2.45202022001484e-14,3.13539495515712e-14,-263.277315146976
8704,-1.3476845924451e-14,3.85060535826912e-14,-263.277315146976
8813,-6.71251945185081e-16,4.67994508102664e-14,-263.277315146976
8907,1.03721043305121e-14,5.39515548413862e-14,-263.277315146976
9016,1.58115061086121e-14,5.36139662869346e-14,-263.277315146976
9110,1.1082150154022e-14,4.22851440421879e-14,-263.277315146976
9204,6.35279419943174e-15,3.09563217974409e-14,-263.277315146976
9313,8.68753784002733e-16,1.7819708768958e-14,-263.277315146976
9407,-3.86060217058739e-15,6.49088652421128e-15,-263.277315146976
9516,-9.3446425860164e-15,-6.64572650427169e-15,-263.277315146976
9610,-1.40811684076474e-14,-1.23795495578733e-14,-263.277315146976
9704,-1.88274752551412e-14,-1.04807580207369e-14,-263.277315146976
9813,-2.43311714931924e-14,-8.27896783405751e-15,-263.277315146976
9907,-2.9077478340686e-14,-6.38017629692117e-15,-263.277315146976
10016,-3.45811745787372e-14,-4.17838611024178e-15,-263.277315146976
10110,-3.93274814262309e-14,-2.27959457310544e-15,-263.277315146976
10204,-3.91785850146964e-14,4.88114902513258e-15,-263.277315146976
10313,-2.97025744803134e-14,2.31849261478061e-14,-263.277315146976
10407,-2.15306020928639e-14,3.89698348591025e-14,-263.277315146976
10516,-1.20545915584809e-14,5.7273611981776e-14,-263.277315146976
10610,-3.88261917103133e-15,7.30585206930723e-14,-263.277315146976
10704,4.28935321641835e-15,8.8843429404369e-14,-263.277315146976
10813,1.00901526968518e-14,9.72607641666197e-14,-263.277315146976
10907,1.08294693383615e-14,9.30515768822234e-14,-263.277315146976
11016,1.16867620396866e-14,8.8170710775849e-14,-263.277315146976
11110,1.24260786811963e-14,8.39615234914526e-14,-263.277315146976
11204,1.3165395322706e-14,7.97523362070563e-14,-263.277315146976
11313,1.40226880240311e-14,7.48714701006818e-14,-263.277315146976
11407,1.08057632161582e-14,7.03736411471365e-14,-263.277315146976
11516,1.47811690041319e-15,6.4749696582159e-14,-263.277315146976
11610,-6.56590836270634e-15,5.98996893426373e-14,-263.277315146976
11704,-1.4609933625826e-14,5.50496821031154e-14,-263.277315146976
11813,-2.39375799415711e-14,4.9425737538138e-14,-263.277315146976
11907,-3.19816052046906e-14,4.45757302986162e-14,-263.277315146976
12016,-3.88491807666502e-14,4.18446754432809e-14,-263.277315146976
12110,-4.25464644723288e-14,4.21061650591421e-14,-263.277315146976
12204,-4.62437481780075e-14,4.23676546750034e-14,-263.277315146976
12313,-5.05310239643795e-14,4.26708713572255e-14,-263.277315146976
12407,-5.42283076700582e-14,4.29323609730868e-14,-263.277315146976
12516,-5.85155834564302e-14,4.32355776553089e-14,-263.277315146976
12610,-5.58575200849863e-14,4.4923116314492e-14,-263.277315146976
12704,-4.73778240668653e-14,4.79169461275051e-14,-263.277315146976
12813,-3.75449850671295e-14,5.13885147404671e-14,-263.277315146976
12907,-2.90652890490087e-14,5.43823445534802e-14,-263.277315146976
13032,-1.77890975355502e-14,5.8363501219721e-14,-263.277315146976
13110,-1.07527540311521e-14,6.08477429794552e-14,-263.277315146976
13204,-9.67651029871924e-15,6.06732950760164e-14,-263.277315146976
13313,-1.7808415269155e-14,5.6456923548878e-14,-263.277315146976
13407,-2.48212507482463e-14,5.2820786635566e-14,-263.277315146976
13516,-3.2953155718682e-14,4.86044151084276e-14,-263.277315146976
13610,-3.99659911977734e-14,4.49682781951156e-14,-263.277315146976
13704,-4.69788266768648e-14,4.13321412818035e-14,-263.277315146976
13813,-4.68277321261648e-14,3.58494384417659e-14,-263.277315146976
13907,-3.9882124525535e-14,3.00792903521803e-14,-263.277315146976
14016,-3.18281752865068e-14,2.33883739504268e-14,-263.277315146976
14110,-2.48825676858769e-14,1.76182258608412e-14,-263.277315146976
14204,-1.7936960085247e-14,1.18480777712555e-14,-263.277315146976
14313,-9.88301084621871e-15,5.15716136950203e-15,-263.277315146976
14407,-1.12088534123352e-14,6.27979595329696e-15,-263.277315146976
14516,-2.06140069652413e-14,1.41379367048857e-14,-263.277315146976
14610,-2.87248733319675e-14,2.09146819402006e-14,-263.277315146976
14704,-3.6835739698694e-14,2.76914271755158e-14,-263.277315146976
14813,-4.62408932516001e-14,3.55495679271045e-14,-263.277315146976
14907,-5.43517596183264e-14,4.23263131624195e-14,-263.277315146976
15016,-5.14113036360708e-14,4.51744246567361e-14,-263.277315146976
15110,-4.09543732619115e-14,4.44160858891128e-14,-263.277315146976
15204,-3.04974428877519e-14,4.36577471214895e-14,-263.277315146976
15313,-1.83718534113331e-14,4.27783968483944e-14,-263.277315146976
15407,-7.91492303717372e-15,4.20200580807711e-14,-263.277315146976
15516,4.21066643924516e-15,4.1140707807676e-14,-263.277315146976
15610,4.89835626567407e-15,4.05309575432905e-14,-263.277315146976
15704,-3.79953447329402e-16,4.00119491270097e-14,-263.277315146976
15813,-6.50054662517378e-15,3.94101202187692e-14,-263.277315146976
15907,-1.17788563381771e-14,3.88911118024884e-14,-263.277315146976
16016,-1.78994495160214e-14,3.82892828942479e-14,-263.277315146976
16110,-2.31777592290249e-14,3.77702744779671e-14,-263.277315146976
16219,-2.36500800084931e-14,3.49601508461697e-14,-263.277315146976
16313,-2.12580978196265e-14,3.14423024412387e-14,-263.277315146976
16407,-1.88661156307598e-14,2.79244540363075e-14,-263.277315146976
16516,-1.60924341564358e-14,2.38452468433556e-14,-263.277315146976
16610,-1.37004519675691e-14,2.03273984384244e-14,-263.277315146976
16704,-1.13084697787024e-14,1.68095500334932e-14,-263.277315146976
16813,-1.04011046589592e-14,1.58367449379747e-14,-263.277315146976
16907,-1.07047853055354e-14,1.68057096424288e-14,-263.277315146976
17016,-1.10569256297569e-14,1.79292963741895e-14,-263.277315146976
17110,-1.13606062763331e-14,1.88982610786437e-14,-263.277315146976
17204,-1.16642869229094e-14,1.98672257830979e-14,-263.277315146976
17313,-1.20164272471308e-14,2.09908125148585e-14,-263.277315146976
17407,-1.06020331122607e-14,2.16408754271138e-14,-263.277315146976
17516,-7.8811483104944e-15,2.21940602003959e-14,-263.277315146976
17610,-5.53469719704448e-15,2.26711186287309e-14,-263.277315146976
17704,-3.18824608359456e-15,2.31481770570659e-14,-263.277315146976
17813,-4.67361281828246e-16,2.3701361830348e-14,-263.277315146976
17907,1.87908983162167e-15,2.4178420258683e-14,-263.277315146976
18016,-9.26910980888164e-16,2.79366970756679e-14,-263.277315146976
18110,-5.81621540702139e-15,3.26098370096872e-14,-263.277315146976
18204,-1.07055198331546e-14,3.72829769437065e-14,-263.277315146976
18329,-1.72072544423743e-14,4.34972587708598e-14,-263.277315146976
18407,-2.12643368385273e-14,4.73749706310034e-14,-263.277315146976
18516,-2.69338494177667e-14,5.27938243842809e-14,-263.277315146976
18610,-2.69854288408652e-14,5.36050907549889e-14,-263.277315146976
18719,-2.48613850303485e-14,5.28024810379588e-14,-263.277315146976
18813,-2.30296408267837e-14,5.2110322199419e-14,-263.277315146976
18907,-2.11978966232189e-14,5.14181633608793e-14,-263.277315146976
19016,-1.90738528127023e-14,5.06155536438492e-14,-263.277315146976
19110,-1.72421086091374e-14,4.99233948053094e-14,-263.277315146976
19204,-1.17347806253198e-14,4.62809022211355e-14,-263.277315146976
19313,-3.3034535646829e-15,4.04155346597385e-14,-263.277315146976
19407,3.96759912981149e-15,3.53573277719281e-14,-263.277315146976
19516,1.23989261904484e-14,2.94919602105311e-14,-263.277315146976
19610,1.96699788849427e-14,2.44337533227207e-14,-263.277315146976
19704,2.69410315794371e-14,1.93755464349103e-14,-263.277315146976
19813,2.7582545679456e-14,1.67794765694414e-14,-263.277315146976
19907,2.50089839843529e-14,1.58529446401859e-14,-263.277315146976
20016,2.20247475506695e-14,1.47785618711557e-14,-263.277315146976
20110,1.94511858555664e-14,1.38520299419002e-14,-263.277315146976
20204,1.68776241604633e-14,1.29254980126447e-14,-263.277315146976
20313,1.389338772678e-14,1.18511152436144e-14,-263.277315146976
20407,1.16833483316705e-14,1.08897820866524e-14,-263.277315146976
20516,9.26323391819386e-15,9.76139399558332e-15,-263.277315146976
20610,7.17616277262679e-15,8.78828866934019e-15,-263.277315146976
20704,5.08909162705971e-15,7.81518334309706e-15,-263.277315146976
20813,2.66897721358306e-15,6.68679525202794e-15,-263.277315146976
20907,5.81906068015988e-16,5.71368992578481e-15,-263.277315146976
21016,-4.38024645418513e-15,3.11280617882026e-15,-263.277315146976
21110,-9.41369962466168e-15,4.32985789023451e-16,-263.277315146976
21204,-1.44471527951382e-14,-2.24683460077335e-15,-263.277315146976
21313,-2.02838165779247e-14,-5.35428590383552e-15,-263.277315146976
21407,-2.53172697484012e-14,-8.03410629363232e-15,-263.277315146976
21516,-3.11539335311877e-14,-1.11415575966945e-14,-263.277315146976
21610,-2.61027736728006e-14,1.31352178812698e-15,-263.277315146976
21704,-1.88187421146724e-14,1.71196756552749e-14,-263.277315146976
21813,-1.03723650951411e-14,3.54480881182439e-14,-263.277315146976
21907,-3.08833353701293e-15,5.12542419853918e-14,-263.277315146976
22016,5.35804348251841e-15,6.95826544483608e-14,-263.277315146976
22110,1.26420750406466e-14,8.53888083155087e-14,-263.277315146976
22204,9.90011550560519e-15,8.09584574655062e-14,-263.277315146976
22313,3.3391727070134e-15,6.89960293054334e-14,-263.277315146976
22407,-2.31888805507509e-15,5.8679806855462e-14,-263.277315146976
22516,-8.87983085366687e-15,4.67173786953892e-14,-263.277315146976
22610,-1.45378916157554e-14,3.64011562454178e-14,-263.277315146976
22704,-2.01959523778439e-14,2.60849337954465e-14,-263.277315146976
22813,-2.02863755513272e-14,2.2291903763769e-14,-263.277315146976
22907,-1.86759271743102e-14,2.11525864771505e-14,-263.277315146976
23016,-1.68084923541522e-14,1.98314632405397e-14,-263.277315146976
23110,-1.51980439771351e-14,1.86921459539211e-14,-263.277315146976
23204,-1.35875956001181e-14,1.75528286673026e-14,-263.277315146976
23313,-1.17201607799601e-14,1.62317054306917e-14,-263.277315146976
23407,-4.06619463310426e-15,1.89022003868891e-14,-263.277315146976
23516,6.08315415376968e-15,2.28019664445582e-14,-263.277315146976
23610,1.48358035663034e-14,2.61650674484198e-14,-263.277315146976
23704,2.35884529788372e-14,2.95281684522814e-14,-263.277315146976
23813,3.37378017657111e-14,3.34279345099505e-14,-263.277315146976
23907,4.24904511782449e-14,3.67910355138121e-14,-263.277315146976
24016,4.01901418260085e-14,4.30840586977458e-14,-263.277315146976
24110,3.59973502531807e-14,4.89357235275911e-14,-263.277315146976
24204,3.1804558680353e-14,5.47873883574364e-14,-263.277315146976
24313,2.69427046224997e-14,6.15728294899164e-14,-263.277315146976
24407,2.2749913049672e-14,6.74244943197617e-14,-263.277315146976
24516,1.78880589918187e-14,7.42099354522416e-14,-263.277315146976
24610,1.1832562632737e-14,7.73306278173126e-14,-263.277315146976
24704,5.60992814421349e-15,8.02062734993622e-14,-263.277315146976
24813,-1.60567993290398e-15,8.35407988115259e-14,-263.277315146976
24907,-7.82831442142748e-15,8.64164444935755e-14,-263.277315146976
25016,-1.5043922498545e-14,8.97509698057393e-14,-263.277315146976
25110,-2.12665569870685e-14,9.26266154877888e-14,-263.277315146976
25219,-1.90985514531171e-14,7.61982483531215e-14,-263.277315146976
25313,-1.62390228502002e-14,5.99458885779789e-14,-263.277315146976
25407,-1.33794942472832e-14,4.36935288028357e-14,-263.277315146976
25516,-1.00636578885818e-14,2.48477073614468e-14,-263.277315146976
25610,-7.2041292856648e-15,8.59534758630364e-15,-263.277315146976
25704,-4.34460068274785e-15,-7.65701218883954e-15,-263.277315146976
25813,-1.13438689371424e-14,-9.43326598480689e-15,-263.277315146976
25907,-1.89126026877562e-14,-8.4288032317713e-15,-263.277315146976
26016,-2.76891131007017e-14,-7.26405386920879e-15,-263.277315146976
26110,-3.52578468513155e-14,-6.2595911161732e-15,-263.277315146976
26204,-4.28265806019293e-14,-5.25512836313762e-15,-263.277315146976
26313,-5.16030910148749e-14,-4.09037900057511e-15,-263.277315146976
26407,-4.70174459598211e-14,5.16782306895528e-15,-263.277315146976
26516,-4.08814474824233e-14,1.64592899630144e-14,-263.277315146976
26610,-3.55898524652177e-14,2.61968852661482e-14,-263.277315146976
26704,-3.02982574480122e-14,3.59344805692821e-14,-263.277315146976
26813,-2.41622589706144e-14,4.72259474633412e-14,-263.277315146976
26907,-1.88706639534088e-14,5.6963542766475e-14,-263.277315146976
27016,-1.55169012879427e-14,5.63341701493665e-14,-263.277315146976
27110,-1.28484774474838e-14,5.48324583908146e-14,-263.277315146976
27204,-1.01800536070249e-14,5.33307466322628e-14,-263.277315146976
27313,-7.08581745159922e-15,5.15894000186229e-14,-263.277315146976
27407,-4.41739361114033e-15,5.0087688260071e-14,-263.277315146976
27516,-1.26667066911839e-15,4.8272150521014e-14,-263.277315146976
27610,4.80544415861172e-15,4.22999478718638e-14,-263.277315146976
27704,1.08775589863418e-14,3.63277452227136e-14,-263.277315146976
27813,1.79186283078585e-14,2.94025315125291e-14,-263.277315146976
27907,2.39907431355886e-14,2.34303288633789e-14,-263.277315146976
28016,3.10318124571052e-14,1.65051151531943e-14,-263.277315146976
28110,3.71039272848353e-14,1.05329125040441e-14,-263.277315146976
28204,2.08165065506131e-14,1.41912533904e-14,-263.277315146976
28313,1.19831776391011e-15,1.87485297849019e-14,-263.277315146976
28407,-1.57201202723297e-14,2.26786580517202e-14,-263.277315146976
28516,-3.53383090590327e-14,2.7235934446222e-14,-263.277315146976
28610,-5.22567470952725e-14,3.11660627130403e-14,-263.277315146976
28704,-6.91751851315122e-14,3.50961909798586e-14,-263.277315146976
28813,-5.51012981292608e-14,3.77075099210149e-14,-263.277315146976
28907,-4.10551768756821e-14,3.98492142475267e-14,-263.277315146976
29016,-2.47676532944052e-14,4.23326799027372e-14,-263.277315146976
29110,-1.07215320408266e-14,4.4474384229249e-14,-263.277315146976
29204,3.32458921275209e-15,4.66160885557609e-14,-263.277315146976
29313,1.90167685268861e-14,4.90298244951557e-14,-263.277315146976
29407,1.95454112510388e-14,4.95882937282575e-14,-263.277315146976
29516,2.01584118567053e-14,5.02358803921734e-14,-263.277315146976
29610,2.0687054580858e-14,5.07943496252752e-14,-263.277315146976
29704,2.12156973050107e-14,5.1352818858377e-14,-263.277315146976
29813,2.18286979106772e-14,5.20004055222929e-14,-263.277315146976
29907,2.23573406348299e-14,5.25588747553946e-14,-263.277315146976
